DeployID,Ptt,Instr,Date,Type,Quality,Latitude,Longitude,Error radius,Error Semi-major axis,Error Semi-minor axis,Error Ellipse orientation,Offset,Offset orientation,GPE MSD,GPE U,Count,Comment
L651,264743,UT,00:00:00 24-Apr-2024,User,,37.1111,-123.3323,,,,,,,,,,
L651,264743,UT,03:32:15 25-Apr-2024,Argos,B,37.1223,-122.3410,,,,,,,,,,
L651,264743,UT,03:38:06 25-Apr-2024,Argos,3,37.1220,-122.3408,106,213,52,94,,,,,,
L651,264743,UT,03:50:25 25-Apr-2024,Argos,A,37.1203,-122.3432,215,560,82,134,,,,,,
L651,264743,UT,04:18:24 25-Apr-2024,Argos,B,37.1173,-122.3344,522,3417,79,23,,,,,,
L651,264743,UT,04:32:27 25-Apr-2024,Argos,B,37.1236,-122.3331,939,1212,727,48,,,,,,
L651,264743,UT,04:46:30 25-Apr-2024,Argos,B,37.1210,-122.3328,829,8525,80,79,,,,,,
L651,264743,UT,05:10:35 25-Apr-2024,Argos,0,37.1156,-122.3416,13419,265205,679,78,,,,,,
L651,264743,UT,06:02:19 25-Apr-2024,Argos,B,37.1172,-122.3394,18419,31778,10675,84,,,,,,
L651,264743,UT,06:14:01 25-Apr-2024,Argos,0,37.0985,-122.3111,1684,1968,1439,48,,,,,,Lat > 4 deviations from mean
L651,264743,UT,06:19:55 25-Apr-2024,Argos,B,37.1286,-122.3017,1074,7539,153,24,,,,,,Lon > 4 deviations from mean
L651,264743,UT,06:29:25 25-Apr-2024,Argos,2,37.1261,-122.3255,317,848,118,142,,,,,,
L651,264743,UT,06:50:51 25-Apr-2024,Argos,B,37.1196,-122.3187,1258,1526,1036,103,,,,,,
L651,264743,UT,07:46:51 25-Apr-2024,Argos,A,37.1229,-122.3288,1824,9542,348,91,,,,,,
L651,264743,UT,07:58:58 25-Apr-2024,Argos,3,37.1168,-122.3314,79,224,27,86,,,,,,
L651,264743,UT,19:17:37 30-Apr-2024,Argos,B,36.9865,-122.3565,8070,183147,355,72,,,,,,
L651,264743,UT,01:59:12 01-May-2024,Argos,B,36.9775,-122.6661,6461,30936,1349,68,,,,,,
L651,264743,UT,08:18:51 01-May-2024,Argos,B,36.7560,-123.1565,5292,8489,3298,87,,,,,,
L651,264743,UT,08:18:51 01-May-2024,Argos,B,36.9510,-122.9028,9182,27628,3051,66,,,,,,
L651,264743,UT,14:50:03 01-May-2024,Argos,B,36.7867,-123.3869,6398,18422,2221,98,,,,,,
L651,264743,UT,18:49:14 01-May-2024,Argos,B,36.7939,-123.5407,4607,20425,1039,93,,,,,,
L651,264743,UT,02:13:19 02-May-2024,Argos,B,36.8718,-123.6791,7097,43695,1152,87,,,,,,
L651,264743,UT,03:49:56 02-May-2024,Argos,B,36.9249,-123.7438,2298,16022,329,79,,,,,,
L651,264743,UT,03:58:31 02-May-2024,Argos,B,36.9327,-123.7050,613,2582,145,142,,,,,,
L651,264743,UT,04:29:32 02-May-2024,Argos,B,36.8701,-123.6725,4365,5058,3765,88,,,,,,
L651,264743,UT,04:40:15 02-May-2024,Argos,B,36.8689,-123.6761,2923,3234,2642,127,,,,,,
L651,264743,UT,04:58:50 02-May-2024,Argos,A,36.9567,-123.5863,3092,6380,1498,141,,,,,,
L651,264743,UT,05:17:29 02-May-2024,Argos,B,36.9437,-123.7341,3828,21314,687,80,,,,,,
L651,264743,UT,06:01:19 02-May-2024,Argos,B,36.9451,-123.7621,2919,8676,982,79,,,,,,
L651,264743,UT,06:06:30 02-May-2024,Argos,A,36.9387,-123.7081,153,407,57,110,,,,,,
L651,264743,UT,06:16:24 02-May-2024,Argos,B,36.9382,-123.7088,464,606,355,92,,,,,,
L651,264743,UT,06:46:12 02-May-2024,Argos,B,36.9344,-123.7431,817,1121,594,68,,,,,,
L651,264743,UT,07:32:20 02-May-2024,Argos,B,36.9345,-123.7833,1427,2338,870,78,,,,,,
L651,264743,UT,08:08:59 02-May-2024,Argos,B,36.9386,-123.7804,2392,6155,929,88,,,,,,
L651,264743,UT,12:50:32 02-May-2024,Argos,B,36.9313,-124.0049,3254,8913,1188,84,,,,,,
L651,264743,UT,13:01:58 02-May-2024,Argos,B,36.9257,-123.8483,3203,61800,166,70,,,,,,
L651,264743,UT,14:27:07 02-May-2024,Argos,B,36.9923,-123.7859,1622,25007,105,95,,,,,,
L651,264743,UT,14:38:15 02-May-2024,Argos,A,37.0035,-123.7973,635,2567,156,144,,,,,,
L651,264743,UT,15:04:55 02-May-2024,Argos,B,36.9908,-123.7648,1108,5421,226,18,,,,,,
L651,264743,UT,16:41:10 02-May-2024,Argos,B,37.0143,-123.8035,2459,2792,2165,85,,,,,,
L651,264743,UT,18:29:06 02-May-2024,Argos,B,37.0185,-123.8019,1442,8831,235,91,,,,,,
L651,264743,UT,18:49:37 02-May-2024,Argos,B,37.0236,-123.8414,1818,7580,436,93,,,,,,
L651,264743,UT,19:07:33 02-May-2024,Argos,B,37.0188,-123.8243,824,1390,488,46,,,,,,
L651,264743,UT,19:41:37 02-May-2024,Argos,B,37.0255,-123.8393,1710,3677,794,89,,,,,,
L651,264743,UT,20:22:42 02-May-2024,Argos,B,37.0250,-123.8315,1736,2969,1015,82,,,,,,
L651,264743,UT,21:23:25 02-May-2024,Argos,B,37.0211,-123.8278,1889,3519,1013,76,,,,,,
L651,264743,UT,23:03:21 02-May-2024,Argos,B,37.0193,-123.8307,2132,4583,991,74,,,,,,
L651,264743,UT,00:40:28 03-May-2024,Argos,B,37.0206,-123.8352,2230,7003,710,81,,,,,,
L651,264743,UT,04:37:31 03-May-2024,Argos,B,37.0333,-123.8521,2890,6912,1208,84,,,,,,
L651,264743,UT,17:18:06 03-May-2024,Argos,B,37.0625,-123.9219,4061,6568,2511,114,,,,,,
L651,264743,UT,18:09:05 03-May-2024,Argos,B,37.0398,-123.9148,5057,11694,2186,124,,,,,,
L651,264743,UT,20:40:07 03-May-2024,Argos,B,37.0422,-123.9425,5321,11067,2558,123,,,,,,
L651,264743,UT,00:46:23 04-May-2024,Argos,B,37.0664,-123.9914,4495,10136,1993,100,,,,,,
L651,264743,UT,01:26:03 09-May-2024,Argos,B,38.4753,-126.0376,29885,216816,4119,124,,,,,,
L651,264743,UT,01:37:35 09-May-2024,Argos,B,38.4864,-126.0525,22337,87614,5694,122,,,,,,
L651,264743,UT,02:34:19 09-May-2024,Argos,B,38.4894,-126.0326,6578,29831,1450,58,,,,,,
L651,264743,UT,03:08:24 09-May-2024,Argos,B,38.5232,-125.9864,1679,11330,248,107,,,,,,
L651,264743,UT,04:16:42 09-May-2024,Argos,B,38.5644,-126.0096,2705,8911,821,60,,,,,,
L651,264743,UT,04:47:42 09-May-2024,Argos,B,38.5645,-126.0137,2347,3977,1385,72,,,,,,
L651,264743,UT,04:56:33 09-May-2024,Argos,B,38.5515,-125.9404,2627,4018,1717,87,,,,,,
L651,264743,UT,05:22:32 09-May-2024,Argos,B,38.5713,-125.9268,1266,8004,200,91,,,,,,
L651,264743,UT,05:23:11 09-May-2024,Argos,B,38.5721,-125.9433,1203,6978,207,89,,,,,,
L651,264743,UT,06:14:26 09-May-2024,Argos,B,38.5818,-125.9409,1409,2920,679,90,,,,,,
L651,264743,UT,06:34:41 09-May-2024,Argos,B,38.5818,-125.9489,1718,3373,874,76,,,,,,
L651,264743,UT,07:05:14 09-May-2024,Argos,B,38.5841,-125.9475,1805,3072,1060,78,,,,,,
L651,264743,UT,07:15:38 09-May-2024,Argos,B,38.5854,-125.9782,1650,2557,1064,59,,,,,,
L651,264743,UT,08:50:40 09-May-2024,Argos,B,38.6059,-125.9565,2118,2959,1515,67,,,,,,
L651,264743,UT,12:42:17 09-May-2024,Argos,B,38.5840,-125.9770,2852,4846,1678,82,,,,,,
L651,264743,UT,13:38:42 09-May-2024,Argos,B,38.6823,-125.9027,5752,96496,342,87,,,,,,
L651,264743,UT,14:26:38 09-May-2024,Argos,A,38.6873,-126.1021,1589,7231,349,144,,,,,,
L651,264743,UT,15:23:53 09-May-2024,Argos,B,38.7120,-126.1563,4895,6076,3943,104,,,,,,
L651,264743,UT,16:29:41 09-May-2024,Argos,B,38.7201,-126.1462,4545,6225,3318,112,,,,,,
L651,264743,UT,18:27:07 09-May-2024,Argos,B,38.7147,-126.1680,2339,68033,80,96,,,,,,
L651,264743,UT,19:22:32 09-May-2024,Argos,B,38.7354,-126.1986,5942,16681,2116,114,,,,,,
L651,264743,UT,19:22:32 09-May-2024,Argos,B,38.7321,-126.2251,3276,18898,567,95,,,,,,
L651,264743,UT,20:42:42 09-May-2024,Argos,B,38.7780,-126.2128,6168,66891,568,116,,,,,,
L651,264743,UT,20:52:45 09-May-2024,Argos,B,38.7082,-126.1561,3223,14380,722,73,,,,,,
L651,264743,UT,05:00:00 10-May-2024,Argos,B,38.7798,-126.1877,3059,8226,1137,91,,,,,,
L651,264743,UT,05:00:00 10-May-2024,Argos,B,38.7816,-126.1808,3322,12832,859,94,,,,,,
L651,264743,UT,00:04:24 16-May-2024,Argos,B,40.4904,-128.2222,182027,,,,,,,,,
L651,264743,UT,02:46:46 16-May-2024,Argos,B,41.0975,-127.5546,64121,771876,5326,96,,,,,,
L651,264743,UT,02:59:11 16-May-2024,Argos,B,41.1134,-127.5900,8671,92035,816,96,,,,,,
L651,264743,UT,02:59:11 16-May-2024,Argos,B,41.1074,-127.5574,118480,456322,30762,97,,,,,,
L651,264743,UT,04:31:11 16-May-2024,Argos,B,41.3138,-127.4504,6794,25757,1792,97,,,,,,
L651,264743,UT,04:38:44 16-May-2024,Argos,A,41.2443,-127.7667,3539,19257,650,142,,,,,,
L651,264743,UT,05:13:29 16-May-2024,Argos,B,41.3181,-127.7187,7314,9195,5816,112,,,,,,
L651,264743,UT,05:22:30 16-May-2024,Argos,B,41.3090,-127.7249,23240,112863,4785,33,,,,,,
L651,264743,UT,05:32:18 16-May-2024,Argos,B,41.1878,-127.7990,1064,8028,140,75,,,,,,
L651,264743,UT,06:12:34 16-May-2024,Argos,A,41.2549,-127.8723,1227,6424,234,134,,,,,,
L651,264743,UT,06:49:59 16-May-2024,Argos,B,41.3265,-127.8579,3769,5215,2722,107,,,,,,
L651,264743,UT,06:49:59 16-May-2024,Argos,B,41.3153,-127.8457,2649,3284,2136,99,,,,,,
L651,264743,UT,08:35:12 16-May-2024,Argos,B,41.5212,-127.8146,3892,4898,3092,94,,,,,,
L651,264743,UT,08:35:12 16-May-2024,Argos,B,41.5211,-127.7992,3887,4935,3061,88,,,,,,
L651,264743,UT,12:10:31 16-May-2024,Argos,B,41.3299,-127.8227,3804,5284,2737,69,,,,,,
L651,264743,UT,13:33:26 16-May-2024,Argos,B,41.4130,-127.8075,3134,8641,1136,91,,,,,,
L651,264743,UT,13:51:02 16-May-2024,Argos,B,41.3839,-127.8490,1585,18424,136,116,,,,,,
L651,264743,UT,15:09:16 16-May-2024,Argos,B,41.4776,-127.8482,1888,4660,764,112,,,,,,
L651,264743,UT,15:09:16 16-May-2024,Argos,B,41.4181,-127.8547,1711,4991,586,90,,,,,,
L651,264743,UT,15:31:57 16-May-2024,Argos,B,41.4519,-127.8456,1729,5790,516,93,,,,,,
L651,264743,UT,15:41:47 16-May-2024,Argos,B,41.4290,-127.8979,1471,2590,835,119,,,,,,
L651,264743,UT,16:47:43 16-May-2024,Argos,B,41.4963,-127.8975,1615,15462,168,157,,,,,,
L651,264743,UT,16:54:34 16-May-2024,Argos,B,41.4689,-127.8909,2552,14643,444,170,,,,,,
L651,264743,UT,17:56:14 16-May-2024,Argos,B,41.5297,-127.8990,861,4111,180,57,,,,,,
L651,264743,UT,18:33:37 16-May-2024,Argos,B,41.5082,-127.9535,2723,16373,452,101,,,,,,
L651,264743,UT,19:09:39 16-May-2024,Argos,B,41.5305,-127.9672,2915,5606,1515,97,,,,,,
L651,264743,UT,19:21:59 16-May-2024,Argos,B,41.5009,-127.9572,2974,8360,1057,93,,,,,,
L651,264743,UT,19:33:47 16-May-2024,Argos,B,41.5115,-127.9536,1956,6755,566,98,,,,,,
L651,264743,UT,20:18:08 16-May-2024,Argos,B,41.5489,-127.8967,6376,14481,2807,110,,,,,,
L651,264743,UT,20:30:50 16-May-2024,Argos,B,41.5545,-127.8955,4944,9942,2458,109,,,,,,
L651,264743,UT,22:16:24 16-May-2024,Argos,B,41.5643,-127.8933,6054,26157,1401,104,,,,,,
L651,264743,UT,17:59:11 17-May-2024,Argos,B,41.5485,-128.0229,6446,7878,5273,135,,,,,,
L651,264743,UT,06:32:38 18-May-2024,Argos,B,41.9608,-127.9857,18200,43011,7701,171,,,,,,
L651,264743,UT,14:13:17 18-May-2024,Argos,B,42.1389,-127.9722,13757,23803,7950,0,,,,,,
L651,264743,UT,20:40:40 18-May-2024,Argos,B,42.5484,-128.0679,10413,39238,2763,77,,,,,,
L651,264743,UT,03:03:20 19-May-2024,Argos,B,42.6582,-128.2611,9287,32034,2692,90,,,,,,
L651,264743,UT,12:27:48 19-May-2024,Argos,B,42.9217,-128.2980,9578,24250,3782,77,,,,,,
L651,264743,UT,15:31:03 19-May-2024,Argos,B,42.8505,-128.3833,10921,21529,5539,69,,,,,,
L651,264743,UT,15:31:03 19-May-2024,Argos,B,42.8010,-128.3756,13638,78741,2362,79,,,,,,
L651,264743,UT,18:55:25 19-May-2024,Argos,B,42.8011,-128.7304,10666,36827,3088,102,,,,,,
L651,264743,UT,04:59:59 20-May-2024,Argos,B,42.7543,-128.9894,12731,24136,6715,102,,,,,,
L651,264743,UT,22:28:58 20-May-2024,Argos,B,43.1556,-128.9447,4030,11029,1472,85,,,,,,
L651,264743,UT,07:31:50 21-May-2024,Argos,B,43.1113,-127.8201,16900,158991,1796,101,,,,,,
L651,264743,UT,18:30:35 21-May-2024,Argos,B,43.2058,-128.2094,41140,342887,4935,106,,,,,,
L651,264743,UT,18:30:35 21-May-2024,Argos,B,43.5843,-128.5452,60004,332138,10840,89,,,,,,
L651,264743,UT,21:33:13 21-May-2024,Argos,B,43.6164,-128.6354,59653,214889,16559,89,,,,,,
L651,264743,UT,04:14:03 22-May-2024,Argos,B,43.7838,-128.7754,58566,293233,11697,85,,,,,,
L651,264743,UT,00:22:20 23-May-2024,Argos,B,44.0835,-129.1359,69684,115308,42112,94,,,,,,
L651,264743,UT,01:57:50 23-May-2024,Argos,B,44.1869,-129.3665,4213,33325,532,60,,,,,,
L651,264743,UT,03:15:21 23-May-2024,Argos,B,44.2364,-129.4264,5514,13360,2275,64,,,,,,
L651,264743,UT,04:02:55 23-May-2024,Argos,B,44.2398,-129.5075,4414,10799,1804,91,,,,,,
L651,264743,UT,04:49:31 23-May-2024,Argos,B,44.2443,-129.5175,6178,16339,2335,114,,,,,,
L651,264743,UT,05:00:01 23-May-2024,Argos,B,44.2900,-129.5358,1344,4615,391,95,,,,,,
L651,264743,UT,05:27:45 23-May-2024,Argos,B,44.2435,-129.5217,2661,7375,960,106,,,,,,
L651,264743,UT,05:46:08 23-May-2024,Argos,B,44.2504,-129.5414,2213,4550,1076,99,,,,,,
L651,264743,UT,06:20:45 23-May-2024,Argos,B,44.2603,-129.5643,2254,5767,881,95,,,,,,
L651,264743,UT,06:32:14 23-May-2024,Argos,B,44.2638,-129.5388,2422,6748,869,97,,,,,,
L651,264743,UT,07:09:45 23-May-2024,Argos,B,44.2785,-129.4364,2432,12726,464,154,,,,,,
L651,264743,UT,07:18:53 23-May-2024,Argos,B,44.3344,-129.4578,2281,3591,1449,139,,,,,,
L651,264743,UT,08:05:35 23-May-2024,Argos,B,44.3537,-129.4489,2666,3438,2067,109,,,,,,
L651,264743,UT,09:49:41 23-May-2024,Argos,B,44.4007,-129.4273,4374,6507,2940,101,,,,,,
L651,264743,UT,17:09:11 23-May-2024,Argos,B,44.4349,-129.4139,1150,6220,212,148,,,,,,
L651,264743,UT,17:51:31 23-May-2024,Argos,B,44.4722,-129.4216,2370,6822,823,152,,,,,,
L651,264743,UT,18:09:15 23-May-2024,Argos,B,44.4665,-129.4330,1187,10466,134,121,,,,,,
L651,264743,UT,19:20:54 23-May-2024,Argos,2,44.5169,-129.4828,254,651,99,96,,,,,,
L651,264743,UT,19:26:55 23-May-2024,Argos,3,44.5144,-129.4577,140,296,65,93,,,,,,
L651,264743,UT,18:20:41 24-May-2024,Argos,B,45.0886,-129.6171,13532,27614,6631,123,,,,,,
L651,264743,UT,22:30:18 24-May-2024,Argos,B,45.1897,-129.6208,19732,43333,8985,134,,,,,,
L651,264743,UT,17:56:52 25-May-2024,Argos,B,45.5129,-129.6527,16948,46714,6148,108,,,,,,
L651,264743,UT,20:27:20 25-May-2024,Argos,B,45.5652,-129.6343,5346,12371,2310,106,,,,,,
L651,264743,UT,07:27:00 26-May-2024,Argos,B,45.7954,-129.6694,6035,16244,2242,116,,,,,,
L651,264743,UT,05:50:14 27-May-2024,Argos,B,46.2399,-129.6883,7210,17775,2924,48,,,,,,
L651,264743,UT,04:37:46 28-May-2024,Argos,B,46.4493,-129.7582,3766,7425,1910,79,,,,,,
L651,264743,UT,07:46:21 28-May-2024,Argos,B,46.4786,-129.6045,6746,14267,3189,54,,,,,,
L651,264743,UT,04:04:48 29-May-2024,Argos,B,46.7671,-129.3631,8992,13882,5823,76,,,,,,
L651,264743,UT,19:44:21 29-May-2024,Argos,B,47.1525,-129.0535,6301,13711,2896,99,,,,,,
L651,264743,UT,20:36:54 29-May-2024,Argos,B,47.7186,-128.5822,4412,12475,1560,118,,,,,,Lat > 4 deviations from mean
L651,264743,UT,00:29:06 30-May-2024,Argos,B,46.9926,-129.0044,61166,193328,19351,69,,,,,,
L651,264743,UT,01:54:06 30-May-2024,Argos,B,47.0663,-128.7729,80411,163961,39435,74,,,,,,
L651,264743,UT,03:34:27 30-May-2024,Argos,B,47.1799,-128.3593,77460,294323,20386,108,,,,,,
L651,264743,UT,03:43:16 30-May-2024,Argos,B,47.1190,-128.0609,64721,184868,22658,112,,,,,,
L651,264743,UT,04:19:47 30-May-2024,Argos,B,47.0198,-127.9996,7046,17794,2790,92,,,,,,
L651,264743,UT,04:50:51 30-May-2024,Argos,B,46.8520,-127.4964,3072,44970,209,71,,,,,,
L651,264743,UT,05:35:13 30-May-2024,Argos,B,46.8581,-127.4951,2294,18667,282,82,,,,,,
L651,264743,UT,05:35:35 30-May-2024,Argos,B,46.8577,-127.4987,2219,15821,311,82,,,,,,
L651,264743,UT,06:33:20 30-May-2024,Argos,B,46.8635,-127.4942,1216,2404,614,87,,,,,,
L651,264743,UT,07:41:28 30-May-2024,Argos,B,46.8703,-127.4865,1640,2802,960,89,,,,,,
L651,264743,UT,11:44:36 30-May-2024,Argos,B,46.8689,-127.4392,2381,3812,1487,71,,,,,,
L651,264743,UT,13:22:40 30-May-2024,Argos,B,46.9168,-127.3974,2091,43866,99,91,,,,,,
L651,264743,UT,14:17:44 30-May-2024,Argos,B,46.9272,-127.3172,2029,5589,736,91,,,,,,
L651,264743,UT,14:59:37 30-May-2024,Argos,B,46.9366,-127.2946,2158,4959,938,86,,,,,,
L651,264743,UT,15:44:45 30-May-2024,Argos,B,46.9471,-127.2706,1728,3919,761,78,,,,,,
L651,264743,UT,16:44:56 30-May-2024,Argos,B,46.9615,-127.2314,1954,3637,1049,81,,,,,,
L651,264743,UT,17:01:39 30-May-2024,Argos,B,46.9641,-127.2017,2027,3587,1145,73,,,,,,
L651,264743,UT,17:29:14 30-May-2024,Argos,B,46.9987,-127.1402,1324,7861,222,121,,,,,,
L651,264743,UT,17:54:53 30-May-2024,Argos,B,47.0064,-127.1255,1499,4349,516,118,,,,,,
L651,264743,UT,18:18:59 30-May-2024,Argos,B,47.0069,-127.1152,1665,3205,864,106,,,,,,
L651,264743,UT,18:43:46 30-May-2024,Argos,B,47.0437,-127.0862,31404,84875,11619,105,,,,,,
L651,264743,UT,01:33:03 31-May-2024,Argos,B,47.1012,-126.7487,52570,101029,27354,77,,,,,,
L651,264743,UT,21:08:10 31-May-2024,Argos,B,47.0335,-126.8330,125272,611194,25676,70,,,,,,
L651,264743,UT,03:34:28 01-Jun-2024,Argos,B,47.2592,-125.5218,12156,111029,1330,70,,,,,,
L651,264743,UT,05:54:49 01-Jun-2024,Argos,B,47.1700,-125.7410,5050,11982,2128,63,,,,,,
L651,264743,UT,13:27:52 01-Jun-2024,Argos,B,47.1373,-125.7639,4941,8288,2945,37,,,,,,
L651,264743,UT,16:34:26 01-Jun-2024,Argos,B,47.2285,-125.6729,3263,6618,1608,88,,,,,,
L651,264743,UT,02:23:11 02-Jun-2024,Argos,B,47.4487,-125.3729,4343,13866,1360,97,,,,,,
L651,264743,UT,05:26:15 02-Jun-2024,Argos,B,47.5205,-125.3141,3503,11911,1030,93,,,,,,
L651,264743,UT,05:26:15 02-Jun-2024,Argos,B,47.5074,-125.3705,4651,14584,1483,78,,,,,,
L651,264743,UT,15:07:10 02-Jun-2024,Argos,B,47.6267,-125.1965,4571,11331,1844,96,,,,,,
L651,264743,UT,17:47:26 02-Jun-2024,Argos,B,47.6914,-125.1143,3923,23868,644,101,,,,,,
L651,264743,UT,17:47:26 02-Jun-2024,Argos,B,47.6876,-125.1260,3975,23553,670,100,,,,,,
L651,264743,UT,17:47:26 02-Jun-2024,Argos,B,47.6942,-125.1762,3316,16459,668,101,,,,,,
L651,264743,UT,18:32:50 02-Jun-2024,Argos,B,47.7210,-125.2240,2540,7338,879,103,,,,,,
L651,264743,UT,21:02:06 02-Jun-2024,Argos,B,47.7649,-125.2661,2880,6898,1202,105,,,,,,
L651,264743,UT,20:33:38 03-Jun-2024,Argos,B,48.2887,-125.3573,5580,8331,3736,92,,,,,,
L651,264743,UT,06:20:08 04-Jun-2024,Argos,B,48.0885,-125.3943,7035,11986,4128,58,,,,,,
L651,264743,UT,18:35:15 04-Jun-2024,Argos,B,47.9776,-125.4028,5360,27476,1045,99,,,,,,
L651,264743,UT,02:20:13 06-Jun-2024,Argos,B,47.6149,-125.9931,19890,315224,1255,84,,,,,,
L651,264743,UT,03:20:03 06-Jun-2024,Argos,B,47.6033,-126.0148,24509,88337,6799,87,,,,,,
L651,264743,UT,03:54:55 06-Jun-2024,Argos,B,47.5914,-126.1409,24594,55850,10830,91,,,,,,
L651,264743,UT,03:54:55 06-Jun-2024,Argos,B,47.5835,-126.1277,14890,41699,5316,81,,,,,,
L651,264743,UT,04:41:17 06-Jun-2024,Argos,B,47.5788,-126.1867,5311,11489,2454,82,,,,,,
L651,264743,UT,04:50:09 06-Jun-2024,Argos,B,47.5275,-126.0759,6571,18751,2302,93,,,,,,
L651,264743,UT,04:59:41 06-Jun-2024,Argos,B,47.5154,-126.0815,2059,7736,547,94,,,,,,
L651,264743,UT,05:46:50 06-Jun-2024,Argos,A,47.5066,-126.2843,1221,10653,140,97,,,,,,
L651,264743,UT,06:18:28 06-Jun-2024,Argos,B,47.4950,-126.3320,3762,6293,2249,90,,,,,,
L651,264743,UT,14:18:29 06-Jun-2024,Argos,B,47.3343,-127.0677,10335,15582,6854,90,,,,,,
L651,264743,UT,14:32:36 06-Jun-2024,Argos,B,47.3333,-126.3514,7894,190622,326,83,,,,,,
L651,264743,UT,14:46:54 06-Jun-2024,Argos,B,47.3284,-126.3708,7209,46846,1109,83,,,,,,
L651,264743,UT,00:05:55 07-Jun-2024,Argos,B,47.3326,-126.3246,13803,21380,8910,84,,,,,,
L651,264743,UT,19:20:17 07-Jun-2024,Argos,B,47.0997,-126.9445,27455,267571,2817,85,,,,,,
L651,264743,UT,02:17:52 08-Jun-2024,Argos,B,47.3683,-126.2594,22852,36675,14238,111,,,,,,
L651,264743,UT,11:59:32 08-Jun-2024,Argos,B,47.1797,-126.4444,30931,66408,14406,78,,,,,,
L651,264743,UT,00:18:56 09-Jun-2024,Argos,B,47.1019,-126.2787,39652,95656,16436,67,,,,,,
L651,264743,UT,03:28:41 09-Jun-2024,Argos,B,46.9965,-126.0624,47263,181695,12293,63,,,,,,
L651,264743,UT,04:11:57 09-Jun-2024,Argos,Z,47.3793,-125.0762,18871,29656,12008,75,,,,,,
L651,264743,UT,13:54:44 09-Jun-2024,Argos,B,46.8512,-126.0733,10702,26126,4383,70,,,,,,
L651,264743,UT,02:54:53 10-Jun-2024,Argos,B,47.3095,-125.6918,148866,,,,,,,,,
L651,264743,UT,02:54:53 10-Jun-2024,Argos,B,47.4983,-126.1855,108778,,,,,,,,,
L651,264743,UT,20:15:46 12-Jun-2024,Argos,B,47.2796,-124.8597,19790,44972,8708,155,,,,,,
L651,264743,UT,21:20:30 12-Jun-2024,Argos,B,47.2585,-124.8388,4614,5929,3589,98,,,,,,
L651,264743,UT,23:07:00 12-Jun-2024,Argos,B,47.2362,-124.8196,4235,6860,2614,95,,,,,,
L651,264743,UT,23:13:36 12-Jun-2024,Argos,B,47.2168,-124.9141,1859,3777,914,132,,,,,,
L651,264743,UT,00:49:27 13-Jun-2024,Argos,B,47.1802,-124.8812,1937,15485,242,80,,,,,,
L651,264743,UT,02:33:52 13-Jun-2024,Argos,B,47.1961,-124.8790,1482,28447,77,79,,,,,,
L651,264743,UT,02:33:52 13-Jun-2024,Argos,B,47.1968,-124.8766,1466,19655,109,79,,,,,,
L651,264743,UT,02:34:14 13-Jun-2024,Argos,B,47.1934,-124.8858,1444,17808,117,78,,,,,,
L651,264743,UT,02:52:42 13-Jun-2024,Argos,B,47.1959,-124.8873,6387,27396,1489,79,,,,,,
L651,264743,UT,03:15:03 13-Jun-2024,Argos,B,47.1575,-124.9193,5741,42377,777,86,,,,,,
L651,264743,UT,04:01:41 13-Jun-2024,Argos,A,47.1814,-124.7837,1503,8902,253,132,,,,,,
L651,264743,UT,04:11:53 13-Jun-2024,Argos,B,47.1520,-124.7710,1215,5515,267,105,,,,,,
L651,264743,UT,04:23:06 13-Jun-2024,Argos,B,47.2259,-124.8963,7745,10451,5739,137,,,,,,
L651,264743,UT,04:33:23 13-Jun-2024,Argos,B,47.1619,-124.9213,11202,20302,6180,106,,,,,,
L651,264743,UT,04:52:13 13-Jun-2024,Argos,B,47.1905,-124.9519,6172,58039,656,77,,,,,,
L651,264743,UT,06:05:53 13-Jun-2024,Argos,B,47.2075,-124.8604,9040,19581,4173,77,,,,,,
L651,264743,UT,06:42:31 13-Jun-2024,Argos,0,47.1478,-124.9500,1889,5775,617,46,,,,,,
L651,264743,UT,06:58:40 13-Jun-2024,Argos,A,47.1733,-124.9490,1408,5733,346,123,,,,,,
L651,264743,UT,07:44:36 13-Jun-2024,Argos,B,47.1489,-125.0042,4370,8028,2378,132,,,,,,
L651,264743,UT,08:36:42 13-Jun-2024,Argos,0,47.1338,-124.9890,7393,31409,1740,6,,,,,,
L651,264743,UT,11:04:44 13-Jun-2024,Argos,B,47.0732,-124.9902,22644,30080,17046,84,,,,,,
L651,264743,UT,20:40:05 13-Jun-2024,Argos,B,47.1278,-124.9802,32775,104280,10301,83,,,,,,
L651,264743,UT,02:23:09 14-Jun-2024,Argos,B,47.0218,-125.0219,36109,75709,17221,87,,,,,,
L651,264743,UT,06:24:02 14-Jun-2024,Argos,B,47.1123,-124.9814,3997,8043,1986,100,,,,,,
L651,264743,UT,06:24:24 14-Jun-2024,Argos,B,47.0614,-124.9295,2760,23286,327,79,,,,,,
L651,264743,UT,09:33:29 14-Jun-2024,Argos,B,47.0395,-125.0172,3233,10979,952,77,,,,,,
L651,264743,UT,05:08:14 15-Jun-2024,Argos,B,46.8604,-125.1265,5770,9508,3501,77,,,,,,
L651,264743,UT,05:08:14 15-Jun-2024,Argos,B,46.9796,-124.9941,5516,5809,5237,22,,,,,,
L651,264743,UT,05:58:57 15-Jun-2024,Argos,B,46.9355,-124.9834,3814,11534,1261,60,,,,,,
L651,264743,UT,11:36:56 15-Jun-2024,Argos,B,46.7962,-125.0283,4181,7688,2274,61,,,,,,
L651,264743,UT,12:26:39 15-Jun-2024,Argos,B,46.8095,-125.0052,8117,25268,2607,38,,,,,,
L651,264743,UT,18:08:14 15-Jun-2024,Argos,B,46.6437,-125.0321,5342,14841,1923,61,,,,,,
L651,264743,UT,04:14:29 16-Jun-2024,Argos,B,46.7401,-124.9613,4286,18444,995,85,,,,,,
L651,264743,UT,14:15:54 16-Jun-2024,Argos,B,46.5950,-124.9429,6326,21051,1901,90,,,,,,
L651,264743,UT,16:36:39 16-Jun-2024,Argos,B,46.7299,-124.9397,7136,24183,2105,110,,,,,,
L651,264743,UT,13:25:23 17-Jun-2024,Argos,B,46.6160,-124.8135,7166,12602,4074,114,,,,,,
L651,264743,UT,17:29:02 17-Jun-2024,Argos,B,46.6804,-124.8524,5857,10178,3370,85,,,,,,
L651,264743,UT,00:49:38 18-Jun-2024,Argos,B,46.6843,-124.8423,5440,13030,2271,69,,,,,,
L651,264743,UT,06:39:31 18-Jun-2024,Argos,B,46.6903,-124.8480,5577,15904,1955,65,,,,,,
L651,264743,UT,17:13:31 18-Jun-2024,Argos,B,46.6934,-124.8409,4358,13622,1394,93,,,,,,
L651,264743,UT,20:16:12 18-Jun-2024,Argos,B,46.6812,-124.8464,4655,13515,1603,93,,,,,,
L651,264743,UT,03:25:38 19-Jun-2024,Argos,B,46.6804,-124.7788,4541,8637,2387,101,,,,,,
L651,264743,UT,13:59:32 19-Jun-2024,Argos,B,46.6793,-124.7957,5684,9627,3355,99,,,,,,
L651,264743,UT,17:06:08 19-Jun-2024,Argos,B,46.6718,-124.7153,5480,7895,3803,106,,,,,,
L651,264743,UT,19:22:00 19-Jun-2024,Argos,B,46.7110,-124.7362,4186,9337,1876,74,,,,,,
L651,264743,UT,19:22:00 19-Jun-2024,Argos,B,46.7088,-124.7475,3722,7053,1964,75,,,,,,
L651,264743,UT,20:12:12 19-Jun-2024,Argos,B,46.7072,-124.7599,2290,9136,574,136,,,,,,
L651,264743,UT,20:28:53 19-Jun-2024,Argos,B,46.6795,-124.7219,1213,4558,322,165,,,,,,
L651,264743,UT,20:56:24 19-Jun-2024,Argos,B,46.6846,-124.7243,1245,1778,871,164,,,,,,
L651,264743,UT,21:03:46 19-Jun-2024,Argos,B,46.6806,-124.7202,625,2278,171,72,,,,,,
L651,264743,UT,23:27:06 19-Jun-2024,Argos,B,46.6929,-124.7323,1697,2754,1045,81,,,,,,
L651,264743,UT,01:03:44 20-Jun-2024,Argos,B,46.6970,-124.7571,1402,32548,60,79,,,,,,
L651,264743,UT,01:13:07 20-Jun-2024,Argos,B,46.6979,-124.7568,1457,9482,223,79,,,,,,
L651,264743,UT,02:51:11 20-Jun-2024,Argos,A,46.7177,-124.7794,2285,6085,858,46,,,,,,
L651,264743,UT,03:25:57 20-Jun-2024,Argos,B,46.7038,-124.7705,2061,5219,813,79,,,,,,
L651,264743,UT,04:20:53 20-Jun-2024,Argos,B,46.6853,-124.8155,1429,6543,312,100,,,,,,
L651,264743,UT,04:31:38 20-Jun-2024,Argos,B,46.6836,-124.8174,1218,3839,386,99,,,,,,
L651,264743,UT,04:41:07 20-Jun-2024,Argos,B,46.6830,-124.8185,1312,3560,483,98,,,,,,
L651,264743,UT,05:02:00 20-Jun-2024,Argos,A,46.6698,-124.7899,4082,119427,139,77,,,,,,
L651,264743,UT,05:03:12 20-Jun-2024,Argos,B,46.6554,-124.8558,4805,44007,524,78,,,,,,
L651,264743,UT,05:13:25 20-Jun-2024,Argos,0,46.7119,-124.8035,2286,9289,562,65,,,,,,
L651,264743,UT,05:52:40 20-Jun-2024,Argos,1,46.7116,-124.7933,1413,3833,520,74,,,,,,
L651,264743,UT,06:10:18 20-Jun-2024,Argos,B,46.7116,-124.7933,8242,12128,5600,89,,,,,,
L651,264743,UT,06:41:10 20-Jun-2024,Argos,B,46.7041,-124.7765,9094,31616,2615,73,,,,,,
L651,264743,UT,06:50:27 20-Jun-2024,Argos,B,46.7075,-124.8114,5202,12971,2086,71,,,,,,
L651,264743,UT,08:00:10 20-Jun-2024,Argos,B,46.6641,-124.7432,7678,38488,1531,67,,,,,,
L651,264743,UT,08:11:34 20-Jun-2024,Argos,A,46.6622,-124.7911,1189,5782,244,119,,,,,,
L651,264743,UT,13:00:45 20-Jun-2024,Argos,B,46.6300,-124.6487,10501,15041,7331,87,,,,,,
L651,264743,UT,17:22:21 20-Jun-2024,Argos,B,46.6355,-124.6730,14437,38003,5484,96,,,,,,
L651,264743,UT,05:39:32 21-Jun-2024,Argos,B,46.5383,-124.2561,16138,46178,5640,89,,,,,,Lon > 4 deviations from mean
L651,264743,UT,15:40:18 21-Jun-2024,Argos,B,46.5773,-124.6414,7220,25500,2044,128,,,,,,
L651,264743,UT,18:54:16 21-Jun-2024,Argos,B,46.5339,-124.5891,4616,18023,1182,101,,,,,,
L651,264743,UT,01:33:40 22-Jun-2024,Argos,B,46.5052,-124.5489,4369,9172,2080,87,,,,,,
L651,264743,UT,19:02:30 26-Jun-2024,Argos,B,46.4732,-124.5203,4474,166675,120,92,,,,,,
L651,264743,UT,19:02:52 26-Jun-2024,Argos,B,46.4730,-124.5153,2466,47832,127,92,,,,,,
L651,264743,UT,19:23:09 26-Jun-2024,Argos,B,46.4730,-124.5901,1058,4926,227,107,,,,,,
L651,264743,UT,20:43:05 26-Jun-2024,Argos,A,46.5070,-124.5326,3346,22522,497,123,,,,,,
L651,264743,UT,20:43:05 26-Jun-2024,Argos,A,46.4750,-124.4837,1519,11751,196,100,,,,,,
L651,264743,UT,21:03:17 26-Jun-2024,Argos,B,46.5069,-124.5225,5427,12278,2398,119,,,,,,
L651,264743,UT,22:16:39 26-Jun-2024,Argos,B,46.4431,-124.5278,6376,25183,1614,109,,,,,,
L651,264743,UT,23:31:35 26-Jun-2024,Argos,B,46.4400,-124.4497,4957,72153,340,130,,,,,,
L651,264743,UT,01:18:23 27-Jun-2024,Argos,B,46.4259,-124.4053,5054,8575,2979,119,,,,,,
L651,264743,UT,01:33:05 27-Jun-2024,Argos,B,46.4596,-124.4683,2216,5222,940,103,,,,,,
L651,264743,UT,01:34:33 27-Jun-2024,Argos,B,46.4763,-124.4793,1884,6797,522,94,,,,,,
L651,264743,UT,02:20:17 27-Jun-2024,Argos,B,46.4773,-124.4822,1999,5385,742,92,,,,,,
L651,264743,UT,02:56:06 27-Jun-2024,Argos,B,46.4603,-124.4361,2342,6226,880,108,,,,,,
L651,264743,UT,03:07:08 27-Jun-2024,Argos,A,46.4025,-124.4418,2875,8141,1015,157,,,,,,
L651,264743,UT,03:11:52 27-Jun-2024,Argos,A,46.4931,-124.4860,970,3318,283,55,,,,,,
L651,264743,UT,04:41:04 27-Jun-2024,Argos,B,46.4782,-124.4504,3979,6328,2501,93,,,,,,
L651,264743,UT,04:48:36 27-Jun-2024,Argos,B,46.4801,-124.4656,4028,14219,1141,97,,,,,,
L651,264743,UT,04:58:36 27-Jun-2024,Argos,B,46.4807,-124.4713,2861,7658,1068,95,,,,,,
L651,264743,UT,05:15:20 27-Jun-2024,Argos,B,46.5151,-124.5235,5493,16654,1811,86,,,,,,
L651,264743,UT,05:24:46 27-Jun-2024,Argos,B,46.4992,-124.5702,3533,32069,389,116,,,,,,
L651,264743,UT,06:13:32 27-Jun-2024,Argos,B,46.5021,-124.5743,3670,7728,1742,107,,,,,,
L651,264743,UT,06:29:41 27-Jun-2024,Argos,B,46.4801,-124.5290,1269,3038,530,92,,,,,,
L651,264743,UT,06:49:19 27-Jun-2024,Argos,B,46.4779,-124.5224,1376,3152,601,90,,,,,,
L651,264743,UT,07:57:43 27-Jun-2024,Argos,B,46.4721,-124.4937,1776,3293,958,91,,,,,,
L651,264743,UT,08:14:01 27-Jun-2024,Argos,B,46.4757,-124.5084,2114,4635,963,97,,,,,,
L651,264743,UT,09:30:47 27-Jun-2024,Argos,B,46.4750,-124.4585,1780,6663,475,104,,,,,,
L651,264743,UT,19:07:54 27-Jun-2024,Argos,B,46.4833,-124.2208,3150,8080,1228,83,,,,,,Lon > 4 deviations from mean
L651,264743,UT,21:32:07 27-Jun-2024,Argos,B,46.4814,-124.4565,2908,4554,1857,88,,,,,,
L651,264743,UT,04:54:43 28-Jun-2024,Argos,B,46.4633,-124.4330,3929,6560,2352,95,,,,,,
L651,264743,UT,01:26:32 29-Jun-2024,Argos,B,46.4794,-124.4761,5724,8030,4079,82,,,,,,
L651,264743,UT,03:51:02 29-Jun-2024,Argos,B,46.4918,-124.4291,4526,23017,889,108,,,,,,
L651,264743,UT,14:12:57 29-Jun-2024,Argos,B,46.5859,-124.4372,4007,18516,867,92,,,,,,
L651,264743,UT,03:03:23 30-Jun-2024,Argos,B,46.6073,-124.4030,5674,14735,2185,89,,,,,,
L651,264743,UT,22:29:08 30-Jun-2024,Argos,B,46.5339,-124.4306,7611,15818,3661,84,,,,,,
L651,264743,UT,04:51:37 01-Jul-2024,Argos,B,46.4506,-124.5758,6848,14539,3225,98,,,,,,
L651,264743,UT,05:34:37 01-Jul-2024,Argos,B,46.5273,-124.1895,7737,17480,3424,66,,,,,,
L651,264743,UT,08:15:21 01-Jul-2024,Argos,B,46.1149,-124.3985,33237,96971,11391,88,,,,,,
L651,264743,UT,15:17:01 01-Jul-2024,Argos,B,46.2107,-124.2114,28776,93967,8812,102,,,,,,
L651,264743,UT,15:17:01 01-Jul-2024,Argos,B,46.3484,-124.4371,36962,212618,6425,105,,,,,,
L651,264743,UT,18:31:14 01-Jul-2024,Argos,B,46.3507,-124.4416,9002,73830,1097,113,,,,,,
L651,264743,UT,21:48:40 01-Jul-2024,Argos,B,46.0700,-123.9613,11786,73694,1884,118,,,,,,
L651,264743,UT,04:25:57 02-Jul-2024,Argos,B,46.3260,-124.3239,6128,29416,1276,103,,,,,,
L651,264743,UT,04:25:57 02-Jul-2024,Argos,B,46.3261,-124.3240,5089,31335,826,102,,,,,,
L651,264743,UT,21:09:06 02-Jul-2024,Argos,B,46.0358,-123.5264,6031,18600,1955,90,,,,,,Lon > 4 deviations from mean
L651,264743,UT,21:09:06 02-Jul-2024,Argos,B,46.2276,-124.0180,11903,76370,1855,102,,,,,,
L651,264743,UT,00:26:14 03-Jul-2024,Argos,B,46.3384,-124.2245,11128,67864,1824,78,,,,,,
L651,264743,UT,04:05:38 03-Jul-2024,Argos,B,46.2380,-124.2224,9460,29628,3020,92,,,,,,
L651,264743,UT,04:05:38 03-Jul-2024,Argos,B,46.2257,-124.3306,7646,23775,2458,107,,,,,,
L651,264743,UT,04:48:38 03-Jul-2024,Argos,B,46.2659,-124.4450,5741,10080,3269,88,,,,,,
L651,264743,UT,17:46:55 03-Jul-2024,Argos,B,46.3796,-124.7094,4178,26562,657,114,,,,,,
L651,264743,UT,17:46:55 03-Jul-2024,Argos,B,46.2826,-124.4848,1056,2171,513,171,,,,,,
L651,264743,UT,18:06:22 03-Jul-2024,Argos,B,46.2946,-124.4830,895,5733,139,104,,,,,,
L651,264743,UT,18:36:14 03-Jul-2024,Argos,A,46.2918,-124.5152,797,4755,133,78,,,,,,
L651,264743,UT,19:07:02 03-Jul-2024,Argos,A,46.2938,-124.5233,313,3205,30,98,,,,,,
L651,264743,UT,19:42:50 03-Jul-2024,Argos,1,46.2953,-124.5051,1015,5376,191,50,,,,,,
L651,264743,UT,20:15:41 03-Jul-2024,Argos,A,46.3007,-124.5374,558,2537,122,32,,,,,,
L651,264743,UT,20:22:39 03-Jul-2024,Argos,B,46.3007,-124.4961,1174,1404,980,129,,,,,,
L651,264743,UT,20:52:40 03-Jul-2024,Argos,B,46.2767,-124.4978,1872,5620,623,89,,,,,,
L651,264743,UT,21:51:46 03-Jul-2024,Argos,A,46.3227,-124.4753,796,5458,116,71,,,,,,
L651,264743,UT,23:44:39 03-Jul-2024,Argos,B,46.3295,-124.5228,1907,11664,311,39,,,,,,
L651,264743,UT,01:21:30 04-Jul-2024,Argos,0,46.2772,-124.5150,3129,19428,503,128,,,,,,
L651,264743,UT,01:52:43 04-Jul-2024,Argos,B,46.2587,-124.4949,2501,5416,1155,61,,,,,,
L651,264743,UT,01:56:30 04-Jul-2024,Argos,B,46.2626,-124.5251,1147,7141,184,41,,,,,,
L651,264743,UT,03:26:29 04-Jul-2024,Argos,B,46.2028,-124.4912,4024,9679,1672,71,,,,,,
L651,264743,UT,03:34:44 04-Jul-2024,Argos,B,46.2695,-124.5294,1559,14920,162,73,,,,,,
L651,264743,UT,03:35:06 04-Jul-2024,Argos,B,46.2666,-124.5381,1591,10070,251,74,,,,,,
L651,264743,UT,03:58:31 04-Jul-2024,Argos,B,46.2619,-124.5366,942,2163,410,78,,,,,,
L651,264743,UT,04:26:24 04-Jul-2024,Argos,B,46.2714,-124.4780,769,1719,344,151,,,,,,
L651,264743,UT,04:55:06 04-Jul-2024,Argos,B,46.2650,-124.4747,1010,1418,718,109,,,,,,
L651,264743,UT,04:56:35 04-Jul-2024,Argos,0,46.2441,-124.5935,1965,3748,1030,83,,,,,,
L651,264743,UT,05:10:01 04-Jul-2024,Argos,A,46.2539,-124.5676,8081,109728,595,81,,,,,,
L651,264743,UT,05:11:11 04-Jul-2024,Argos,B,46.2534,-124.5691,2616,11548,592,82,,,,,,
L651,264743,UT,05:11:33 04-Jul-2024,Argos,A,46.2536,-124.5669,749,3061,183,82,,,,,,
L651,264743,UT,05:33:04 04-Jul-2024,Argos,0,46.2631,-124.5043,2593,7731,869,147,,,,,,
L651,264743,UT,05:57:33 04-Jul-2024,Argos,B,46.2758,-124.5492,5330,8183,3470,80,,,,,,
L651,264743,UT,06:05:21 04-Jul-2024,Argos,A,46.2440,-124.5153,1160,7128,188,63,,,,,,
L651,264743,UT,06:43:56 04-Jul-2024,Argos,B,46.2485,-124.5630,672,5266,85,77,,,,,,
L651,264743,UT,07:29:33 04-Jul-2024,Argos,B,46.2173,-124.6157,1316,11471,151,83,,,,,,
L651,264743,UT,16:14:40 04-Jul-2024,Argos,B,46.1056,-125.1967,2910,6075,1394,92,,,,,,
L651,264743,UT,20:05:32 04-Jul-2024,Argos,B,46.0982,-125.0124,8662,37803,1984,81,,,,,,
L651,264743,UT,08:29:11 05-Jul-2024,Argos,B,46.1258,-124.9351,6150,17319,2183,94,,,,,,
L651,264743,UT,01:41:48 06-Jul-2024,Argos,B,45.9028,-125.7547,8825,88023,884,81,,,,,,Lat > 4 deviations from mean
L651,264743,UT,04:11:56 06-Jul-2024,Argos,B,45.9711,-124.6899,9985,99199,1005,95,,,,,,
L651,264743,UT,16:25:43 10-Jul-2024,Argos,A,45.7063,-124.4211,2504,33901,185,73,,,,,,
L651,264743,UT,16:34:47 10-Jul-2024,Argos,A,45.7058,-124.4118,560,2485,126,116,,,,,,
L651,264743,UT,16:57:50 10-Jul-2024,Argos,B,45.7061,-124.4132,727,1135,465,98,,,,,,
L651,264743,UT,18:10:55 10-Jul-2024,Argos,B,45.7037,-124.4268,1075,1434,805,150,,,,,,
L651,264743,UT,18:21:15 10-Jul-2024,Argos,A,45.7332,-124.4237,562,2974,106,112,,,,,,
L651,264743,UT,18:43:05 10-Jul-2024,Argos,B,45.7316,-124.3951,561,1528,205,145,,,,,,
L651,264743,UT,19:25:04 10-Jul-2024,Argos,0,45.7667,-124.6522,3082,17759,535,98,,,,,,
L651,264743,UT,19:37:08 10-Jul-2024,Argos,B,45.7611,-124.5356,9496,10070,8954,76,,,,,,
L651,264743,UT,19:56:30 10-Jul-2024,Argos,A,45.7478,-124.4164,7142,32485,1570,25,,,,,,
L651,264743,UT,20:00:36 10-Jul-2024,Argos,A,45.6936,-124.4142,4094,7879,2127,46,,,,,,
L651,264743,UT,21:04:58 10-Jul-2024,Argos,B,45.6998,-124.5175,9123,27428,3034,94,,,,,,
L651,264743,UT,21:29:32 10-Jul-2024,Argos,B,45.7033,-124.4892,2083,3839,1130,104,,,,,,
L651,264743,UT,23:14:08 10-Jul-2024,Argos,B,45.7572,-124.3020,18159,28988,11375,136,,,,,,
L651,264743,UT,01:34:52 11-Jul-2024,Argos,B,45.7763,-124.3463,20772,41008,10521,109,,,,,,
L651,264743,UT,02:01:33 11-Jul-2024,Argos,B,45.7499,-124.3688,14367,175408,1176,104,,,,,,
L651,264743,UT,02:10:43 11-Jul-2024,Argos,B,45.7457,-124.3442,25770,77906,8524,98,,,,,,
L651,264743,UT,02:28:29 11-Jul-2024,Argos,B,45.7410,-124.3231,1513,1855,1233,108,,,,,,
L651,264743,UT,03:16:08 11-Jul-2024,Argos,B,45.7478,-124.3360,1684,2760,1027,87,,,,,,
L651,264743,UT,03:35:57 11-Jul-2024,Argos,A,45.7565,-124.3739,208,884,48,69,,,,,,
L651,264743,UT,03:36:41 11-Jul-2024,Argos,B,45.7492,-124.3917,807,941,692,97,,,,,,
L651,264743,UT,03:36:41 11-Jul-2024,Argos,A,45.7493,-124.3913,454,510,403,113,,,,,,
L651,264743,UT,04:14:11 11-Jul-2024,Argos,B,45.7503,-124.4019,3558,5035,2513,89,,,,,,
L651,264743,UT,04:23:13 11-Jul-2024,Argos,B,45.7499,-124.3976,3407,5386,2155,93,,,,,,
L651,264743,UT,04:52:24 11-Jul-2024,Argos,B,45.7714,-124.4640,3853,5665,2620,64,,,,,,
L651,264743,UT,05:13:00 11-Jul-2024,Argos,B,45.7071,-124.3807,6082,18601,1988,62,,,,,,
L651,264743,UT,05:20:48 11-Jul-2024,Argos,B,45.7257,-124.3683,3466,24442,491,87,,,,,,
L651,264743,UT,05:30:27 11-Jul-2024,Argos,B,45.7256,-124.3583,448,626,320,88,,,,,,
L651,264743,UT,04:08:45 12-Jul-2024,Argos,B,45.7680,-124.4389,3906,8680,1757,53,,,,,,
L651,264743,UT,06:41:40 12-Jul-2024,Argos,B,45.6528,-124.6837,4523,17853,1146,80,,,,,,
L651,264743,UT,06:41:40 12-Jul-2024,Argos,B,45.6646,-124.5805,3034,8022,1147,71,,,,,,
L651,264743,UT,17:16:19 12-Jul-2024,Argos,B,45.7224,-124.4717,3238,6206,1689,117,,,,,,
L651,264743,UT,17:16:19 12-Jul-2024,Argos,B,45.7014,-124.4481,4823,16105,1444,75,,,,,,
L651,264743,UT,02:45:54 13-Jul-2024,Argos,B,45.7497,-124.5389,5386,20876,1389,68,,,,,,
L651,264743,UT,06:26:42 13-Jul-2024,Argos,B,45.7575,-124.7082,10424,86588,1254,79,,,,,,
L651,264743,UT,02:20:01 14-Jul-2024,Argos,B,45.7631,-124.8057,7324,39274,1365,63,,,,,,
L651,264743,UT,16:34:20 14-Jul-2024,Argos,B,45.9206,-124.4611,5135,9415,2800,94,,,,,,
L651,264743,UT,09:05:51 15-Jul-2024,Argos,B,46.0639,-124.4637,3971,53710,293,87,,,,,,
L651,264743,UT,19:00:09 15-Jul-2024,Argos,B,46.0231,-124.5981,3356,12990,866,112,,,,,,
L651,264743,UT,01:33:45 16-Jul-2024,Argos,B,46.0440,-124.7153,5497,19063,1585,110,,,,,,
L651,264743,UT,04:53:10 16-Jul-2024,Argos,B,45.9792,-124.6375,5376,20303,1423,101,,,,,,
L651,264743,UT,08:13:25 16-Jul-2024,Argos,B,45.9413,-124.5339,4627,11348,1886,98,,,,,,
L651,264743,UT,15:09:04 16-Jul-2024,Argos,B,45.8669,-124.5729,4687,13404,1638,109,,,,,,
L651,264743,UT,04:14:52 17-Jul-2024,Argos,B,45.8197,-124.5863,4801,16377,1407,92,,,,,,
L651,264743,UT,07:36:12 17-Jul-2024,Argos,B,45.7868,-124.5863,4925,18621,1302,94,,,,,,
L651,264743,UT,13:14:14 17-Jul-2024,Argos,B,45.7515,-124.5618,4585,9506,2211,101,,,,,,
L651,264743,UT,15:11:30 17-Jul-2024,Argos,B,45.7619,-124.5662,4443,19169,1029,111,,,,,,
L651,264743,UT,16:07:31 17-Jul-2024,Argos,B,45.8064,-124.6542,5106,18773,1388,76,,,,,,
L651,264743,UT,16:48:21 17-Jul-2024,Argos,B,45.8044,-124.6812,3582,42771,300,99,,,,,,
L651,264743,UT,16:48:44 17-Jul-2024,Argos,A,45.7720,-124.5518,1667,10821,256,120,,,,,,
L651,264743,UT,17:58:38 17-Jul-2024,Argos,B,45.7615,-124.5207,6452,10257,4058,95,,,,,,
L651,264743,UT,17:59:01 17-Jul-2024,Argos,B,45.7554,-124.5235,2640,28728,242,89,,,,,,
L651,264743,UT,18:27:40 17-Jul-2024,Argos,B,45.7552,-124.5235,1100,2899,417,89,,,,,,
L651,264743,UT,18:37:47 17-Jul-2024,Argos,A,45.7783,-124.6084,8807,124174,624,101,,,,,,
L651,264743,UT,19:36:20 17-Jul-2024,Argos,B,45.8273,-124.6523,11318,103983,1231,87,,,,,,
L651,264743,UT,19:37:12 17-Jul-2024,Argos,0,45.7367,-124.5755,10929,379640,314,100,,,,,,
L651,264743,UT,19:37:27 17-Jul-2024,Argos,B,45.7367,-124.5759,8896,146864,538,100,,,,,,
L651,264743,UT,20:19:11 17-Jul-2024,Argos,B,45.7561,-124.7108,15513,41622,5781,99,,,,,,
L651,264743,UT,21:13:40 17-Jul-2024,Argos,B,45.7558,-124.7439,16671,38168,7281,95,,,,,,
L651,264743,UT,21:22:55 17-Jul-2024,Argos,B,45.7567,-124.7333,1988,5610,704,90,,,,,,
L651,264743,UT,22:45:41 17-Jul-2024,Argos,B,45.7507,-124.7563,2130,4205,1079,88,,,,,,
L651,264743,UT,00:06:19 18-Jul-2024,Argos,B,45.7735,-124.6428,2349,12562,439,44,,,,,,
L651,264743,UT,01:09:50 18-Jul-2024,Argos,B,45.7730,-124.6522,2558,6338,1032,94,,,,,,
L651,264743,UT,01:41:47 18-Jul-2024,Argos,0,45.8030,-124.5648,3659,10859,1233,175,,,,,,
L651,264743,UT,02:33:16 18-Jul-2024,Argos,B,45.8460,-124.5229,4211,24808,714,99,,,,,,
L651,264743,UT,02:58:42 18-Jul-2024,Argos,B,45.8478,-124.5305,5111,10690,2443,96,,,,,,
L651,264743,UT,03:39:30 18-Jul-2024,Argos,B,45.8881,-124.4892,1327,4891,359,75,,,,,,
L651,264743,UT,03:48:59 18-Jul-2024,Argos,B,45.8626,-124.6925,1192,12107,117,45,,,,,,
L651,264743,UT,04:17:33 18-Jul-2024,Argos,A,45.8700,-124.5691,611,2948,126,34,,,,,,
L651,264743,UT,04:25:18 18-Jul-2024,Argos,B,45.8842,-124.6462,836,5872,119,79,,,,,,
L651,264743,UT,04:32:39 18-Jul-2024,Argos,B,45.8953,-124.5960,1313,2620,657,82,,,,,,
L651,264743,UT,05:22:09 18-Jul-2024,Argos,B,45.9159,-124.5529,1711,3458,846,82,,,,,,
L651,264743,UT,06:02:14 18-Jul-2024,Argos,B,45.9279,-124.5389,4413,10226,1904,70,,,,,,
L651,264743,UT,16:25:47 18-Jul-2024,Argos,B,45.8808,-124.5664,15055,43351,5228,91,,,,,,
L651,264743,UT,20:26:10 18-Jul-2024,Argos,B,45.9281,-124.5710,16117,62573,4151,90,,,,,,
L651,264743,UT,02:11:52 19-Jul-2024,Argos,B,45.9519,-124.5626,13724,34770,5416,85,,,,,,
L651,264743,UT,05:20:11 19-Jul-2024,Argos,B,45.9527,-124.5410,4324,9647,1937,84,,,,,,
L651,264743,UT,06:05:29 19-Jul-2024,Argos,B,45.9481,-124.5386,4297,9050,2039,82,,,,,,
L651,264743,UT,09:21:36 19-Jul-2024,Argos,B,45.9562,-124.5047,3251,4942,2138,126,,,,,,
L651,264743,UT,18:09:24 19-Jul-2024,Argos,B,45.8976,-124.4250,3245,12389,849,94,,,,,,
L651,264743,UT,18:09:24 19-Jul-2024,Argos,B,45.8958,-124.4653,3929,18161,849,89,,,,,,
L651,264743,UT,06:54:48 20-Jul-2024,Argos,B,45.8769,-124.3284,4225,18695,955,72,,,,,,
L651,264743,UT,14:21:21 24-Jul-2024,Argos,B,45.4749,-124.3537,5172,57873,462,108,,,,,,
L651,264743,UT,14:38:45 24-Jul-2024,Argos,A,45.4950,-124.2984,5397,29241,996,161,,,,,,
L651,264743,UT,15:36:05 24-Jul-2024,Argos,0,45.4663,-124.3175,1638,7430,361,74,,,,,,
L651,264743,UT,16:18:45 24-Jul-2024,Argos,B,45.4712,-124.2906,7914,23518,2663,24,,,,,,
L651,264743,UT,16:27:56 24-Jul-2024,Argos,0,45.4578,-124.3171,1674,5905,474,39,,,,,,
L651,264743,UT,17:08:03 24-Jul-2024,Argos,3,45.4383,-124.3233,184,310,109,114,,,,,,
L651,264743,UT,17:08:18 24-Jul-2024,Argos,3,45.4406,-124.3229,203,388,106,81,,,,,,
L651,264743,UT,17:11:15 24-Jul-2024,Argos,A,45.4433,-124.3239,944,3673,242,107,,,,,,
L651,264743,UT,18:04:44 24-Jul-2024,Argos,2,45.4250,-124.3196,333,1203,92,94,,,,,,
L651,264743,UT,18:09:52 24-Jul-2024,Argos,2,45.4188,-124.3146,459,1142,184,69,,,,,,
L651,264743,UT,04:05:04 26-Jul-2024,Argos,B,45.4433,-124.4157,5248,21994,1252,139,,,,,,
L651,264743,UT,14:54:49 26-Jul-2024,Argos,B,45.2892,-124.3772,12927,16911,9880,96,,,,,,
L651,264743,UT,14:54:49 26-Jul-2024,Argos,B,45.4255,-124.3872,3917,5234,2931,117,,,,,,
L651,264743,UT,17:21:10 26-Jul-2024,Argos,B,45.4021,-124.4089,3579,4268,3000,10,,,,,,
L651,264743,UT,03:14:34 27-Jul-2024,Argos,B,45.4350,-124.4284,4256,7721,2346,42,,,,,,
L651,264743,UT,03:14:34 27-Jul-2024,Argos,B,45.3840,-124.4411,4954,15148,1619,38,,,,,,
L651,264743,UT,04:01:05 27-Jul-2024,Argos,B,45.3722,-124.4417,4853,16240,1450,41,,,,,,
L651,264743,UT,06:35:27 27-Jul-2024,Argos,B,45.3435,-124.4469,5134,13208,1995,42,,,,,,
L651,264743,UT,06:35:27 27-Jul-2024,Argos,B,45.4023,-124.3854,3151,4173,2379,31,,,,,,
L651,264743,UT,13:53:52 27-Jul-2024,Argos,B,45.3353,-124.3949,4073,4227,3923,107,,,,,,
L651,264743,UT,03:17:07 28-Jul-2024,Argos,B,45.4637,-124.3701,5450,7023,4229,106,,,,,,
L651,264743,UT,19:02:58 28-Jul-2024,Argos,B,45.5105,-124.3552,4640,28987,742,101,,,,,,
L651,264743,UT,02:23:52 29-Jul-2024,Argos,B,45.4663,-124.3422,4231,8269,2164,111,,,,,,
L651,264743,UT,05:26:04 29-Jul-2024,Argos,B,45.5068,-124.3720,4101,10852,1550,103,,,,,,
L651,264743,UT,11:49:35 29-Jul-2024,Argos,B,45.5025,-124.3923,4725,9251,2413,103,,,,,,
L651,264743,UT,15:00:06 29-Jul-2024,Argos,B,45.5289,-124.4215,3696,14218,960,80,,,,,,
L651,264743,UT,07:10:30 30-Jul-2024,Argos,B,45.5295,-124.5026,4504,13321,1522,98,,,,,,
L651,264743,UT,13:58:31 30-Jul-2024,Argos,B,45.5351,-124.4910,5564,17250,1794,101,,,,,,
L651,264743,UT,03:08:42 31-Jul-2024,Argos,B,45.5422,-124.5127,6431,13544,3053,98,,,,,,
L651,264743,UT,13:07:50 31-Jul-2024,Argos,B,45.5502,-124.5428,6383,10226,3983,92,,,,,,
L651,264743,UT,13:42:36 31-Jul-2024,Argos,B,45.5719,-124.4286,3587,37026,347,149,,,,,,
L651,264743,UT,13:56:37 31-Jul-2024,Argos,A,45.6327,-124.4178,2501,11917,525,169,,,,,,
L651,264743,UT,14:54:30 31-Jul-2024,Argos,B,45.5808,-124.3775,2425,20472,287,104,,,,,,
L651,264743,UT,15:13:48 31-Jul-2024,Argos,B,45.5821,-124.3808,2250,5682,890,99,,,,,,
L651,264743,UT,15:43:08 31-Jul-2024,Argos,B,45.5787,-124.3938,826,1597,427,141,,,,,,
L651,264743,UT,15:43:08 31-Jul-2024,Argos,B,45.5806,-124.3907,892,6346,125,140,,,,,,
L651,264743,UT,17:20:03 31-Jul-2024,Argos,B,45.5947,-124.3780,1052,10036,110,29,,,,,,
L651,264743,UT,17:24:05 31-Jul-2024,Argos,B,45.5982,-124.3767,593,4875,72,49,,,,,,
L651,264743,UT,17:28:51 31-Jul-2024,Argos,B,45.6002,-124.3747,687,1984,237,51,,,,,,
L651,264743,UT,18:14:32 31-Jul-2024,Argos,A,45.6221,-124.3245,16453,27367,9891,91,,,,,,
L651,264743,UT,18:23:17 31-Jul-2024,Argos,B,45.6076,-124.3533,9363,22429,3908,120,,,,,,
L651,264743,UT,18:58:48 31-Jul-2024,Argos,0,45.6019,-124.4023,2531,9791,654,179,,,,,,
L651,264743,UT,18:59:10 31-Jul-2024,Argos,A,45.6015,-124.4022,548,1259,238,25,,,,,,
L651,264743,UT,20:05:01 31-Jul-2024,Argos,B,45.5988,-124.3857,707,1586,314,15,,,,,,
L651,264743,UT,20:24:01 31-Jul-2024,Argos,B,45.5944,-124.3801,512,1946,134,88,,,,,,
L651,264743,UT,22:49:02 31-Jul-2024,Argos,B,45.5995,-124.3821,1218,1874,791,27,,,,,,
L651,264743,UT,00:27:51 01-Aug-2024,Argos,B,45.5717,-124.4018,882,8688,89,127,,,,,,
L651,264743,UT,01:35:15 01-Aug-2024,Argos,B,45.5709,-124.4010,1424,2424,836,113,,,,,,
L651,264743,UT,02:13:30 01-Aug-2024,Argos,B,45.5739,-124.4000,1573,2632,940,104,,,,,,
L651,264743,UT,02:40:42 01-Aug-2024,Argos,B,45.6166,-124.4140,1186,40502,34,93,,,,,,
L651,264743,UT,03:09:39 01-Aug-2024,Argos,B,45.6684,-124.3968,5588,17980,1736,97,,,,,,
L651,264743,UT,03:10:01 01-Aug-2024,Argos,B,45.6039,-124.4157,1526,3765,618,87,,,,,,
L651,264743,UT,03:49:10 01-Aug-2024,Argos,B,45.6170,-124.4609,1276,4733,343,48,,,,,,
L651,264743,UT,03:57:00 01-Aug-2024,Argos,B,45.6437,-124.4297,1046,2176,502,58,,,,,,
L651,264743,UT,04:12:12 01-Aug-2024,Argos,B,45.6442,-124.4312,1229,2074,728,65,,,,,,
L651,264743,UT,04:12:34 01-Aug-2024,Argos,B,45.6375,-124.4333,694,2048,235,53,,,,,,
L651,264743,UT,04:45:00 01-Aug-2024,Argos,A,45.6043,-124.4087,887,5264,149,103,,,,,,
L651,264743,UT,04:51:46 01-Aug-2024,Argos,B,45.6037,-124.4085,1894,3953,907,99,,,,,,
L651,264743,UT,04:52:30 01-Aug-2024,Argos,0,45.6046,-124.4507,6282,96309,409,75,,,,,,
L651,264743,UT,05:27:28 01-Aug-2024,Argos,B,45.6054,-124.4144,881,1416,548,85,,,,,,
L651,264743,UT,05:27:28 01-Aug-2024,Argos,B,45.6047,-124.4151,869,1398,539,87,,,,,,
L651,264743,UT,06:24:48 01-Aug-2024,Argos,A,45.5534,-124.4326,1325,6215,282,31,,,,,,
L651,264743,UT,06:32:33 01-Aug-2024,Argos,B,45.5540,-124.4186,3340,10167,1097,91,,,,,,
L651,264743,UT,07:36:55 01-Aug-2024,Argos,B,45.4994,-124.4882,12126,16035,9169,89,,,,,,
L651,264743,UT,07:37:18 01-Aug-2024,Argos,B,45.5875,-124.4025,8982,75393,1070,82,,,,,,
L651,264743,UT,12:35:50 01-Aug-2024,Argos,B,45.6794,-124.4308,19410,31641,11906,97,,,,,,
L651,264743,UT,19:24:55 01-Aug-2024,Argos,B,45.8180,-124.4363,16978,22295,12928,103,,,,,,Lat > 4 deviations from mean
L651,264743,UT,05:15:21 02-Aug-2024,Argos,B,45.7060,-124.3633,14776,27486,7943,94,,,,,,
L651,264743,UT,22:10:13 02-Aug-2024,Argos,B,45.6230,-124.4169,4922,13732,1764,112,,,,,,
L651,264743,UT,02:16:56 03-Aug-2024,Argos,B,45.5269,-124.3733,4496,18925,1068,110,,,,,,
L651,264743,UT,14:29:54 03-Aug-2024,Argos,B,45.5633,-124.4332,4182,20387,858,89,,,,,,
L651,264743,UT,14:29:54 03-Aug-2024,Argos,B,45.5532,-124.4311,4081,13275,1254,85,,,,,,
L651,264743,UT,18:44:42 03-Aug-2024,Argos,B,45.5634,-124.4406,3428,6966,1687,86,,,,,,
L651,264743,UT,21:12:17 03-Aug-2024,Argos,B,45.5655,-124.4503,3150,4321,2296,77,,,,,,
L651,264743,UT,03:50:14 04-Aug-2024,Argos,B,45.5628,-124.4981,3758,4640,3043,56,,,,,,
L651,264743,UT,03:50:14 04-Aug-2024,Argos,B,45.5751,-124.4902,3583,4578,2803,67,,,,,,
L651,264743,UT,12:01:05 07-Aug-2024,Argos,B,45.6900,-124.4633,2060,8944,474,131,,,,,,
L651,264743,UT,13:18:46 07-Aug-2024,Argos,B,45.6900,-124.4627,1671,2522,1107,115,,,,,,
L651,264743,UT,13:41:04 07-Aug-2024,Argos,B,45.6740,-124.4864,2592,39601,169,79,,,,,,
L651,264743,UT,13:52:29 07-Aug-2024,Argos,B,45.6721,-124.4648,854,19670,37,69,,,,,,
L651,264743,UT,15:16:55 07-Aug-2024,Argos,B,45.6851,-124.4799,1461,2620,814,73,,,,,,
L651,264743,UT,15:28:51 07-Aug-2024,Argos,B,45.6772,-124.4845,1598,2125,1200,89,,,,,,
L651,264743,UT,16:04:17 07-Aug-2024,Argos,B,45.6652,-124.4985,1308,5435,314,94,,,,,,
L651,264743,UT,16:37:18 07-Aug-2024,Argos,B,45.6640,-124.5138,961,1178,783,99,,,,,,
L651,264743,UT,17:24:06 07-Aug-2024,Argos,B,45.6612,-124.5273,1203,1848,783,93,,,,,,
L651,264743,UT,17:34:56 07-Aug-2024,Argos,B,45.6577,-124.5246,1024,6438,162,92,,,,,,
L651,264743,UT,17:47:45 07-Aug-2024,Argos,B,45.6577,-124.5306,1073,3708,310,93,,,,,,
L651,264743,UT,18:31:22 07-Aug-2024,Argos,0,45.5873,-124.5304,3725,15071,920,179,,,,,,
L651,264743,UT,19:14:07 07-Aug-2024,Argos,A,45.6046,-124.5356,3061,12244,765,6,,,,,,
L651,264743,UT,19:55:38 07-Aug-2024,Argos,B,45.6290,-124.5315,2978,6604,1343,93,,,,,,
L651,264743,UT,20:06:57 07-Aug-2024,Argos,B,45.6385,-124.5250,2178,6943,683,102,,,,,,
L651,264743,UT,20:17:49 07-Aug-2024,Argos,A,45.6662,-124.5185,1753,4709,652,146,,,,,,
L651,264743,UT,21:44:22 07-Aug-2024,Argos,B,45.6399,-124.5419,4511,25516,797,102,,,,,,
L651,264743,UT,21:56:16 07-Aug-2024,Argos,B,45.6394,-124.5390,3843,11849,1246,102,,,,,,
L651,264743,UT,23:03:58 07-Aug-2024,Argos,B,45.6338,-124.5511,1680,3052,924,96,,,,,,
L651,264743,UT,00:43:33 08-Aug-2024,Argos,B,45.6277,-124.5653,2009,3197,1261,91,,,,,,
L651,264743,UT,01:53:40 08-Aug-2024,Argos,B,45.6306,-124.5527,2272,3376,1529,80,,,,,,
L651,264743,UT,01:54:02 08-Aug-2024,Argos,B,45.5900,-124.6093,2602,5840,1159,111,,,,,,
L651,264743,UT,02:17:42 08-Aug-2024,Argos,B,45.6342,-124.5564,2232,4852,1026,88,,,,,,
L651,264743,UT,03:09:13 08-Aug-2024,Argos,B,45.6299,-124.5637,4413,8555,2275,87,,,,,,
L651,264743,UT,03:32:24 08-Aug-2024,Argos,B,45.6314,-124.5335,2853,4346,1872,83,,,,,,
L651,264743,UT,03:32:46 08-Aug-2024,Argos,B,45.6021,-124.5597,2408,10423,556,81,,,,,,
L651,264743,UT,04:24:12 08-Aug-2024,Argos,B,45.6119,-124.5207,1462,3506,609,146,,,,,,
L651,264743,UT,04:45:59 08-Aug-2024,Argos,0,45.6102,-124.5729,1604,2899,887,67,,,,,,
L651,264743,UT,05:03:33 08-Aug-2024,Argos,B,45.6901,-124.6286,3140,13067,754,70,,,,,,
L651,264743,UT,05:12:54 08-Aug-2024,Argos,B,45.6942,-124.6321,5606,12580,2497,74,,,,,,
L651,264743,UT,05:40:29 08-Aug-2024,Argos,B,45.6906,-124.6200,5986,9907,3616,77,,,,,,
L651,264743,UT,05:41:13 08-Aug-2024,Argos,B,45.6908,-124.6181,3540,5974,2096,78,,,,,,
L651,264743,UT,06:00:17 08-Aug-2024,Argos,B,45.6906,-124.6041,2942,4599,1882,80,,,,,,
L651,264743,UT,06:50:34 08-Aug-2024,Argos,B,45.7222,-124.6097,3064,7985,1176,80,,,,,,
L651,264743,UT,07:15:35 08-Aug-2024,Argos,B,45.6705,-124.4720,3602,38168,340,61,,,,,,
L651,264743,UT,07:46:29 08-Aug-2024,Argos,B,45.6238,-124.5832,4538,4928,4178,8,,,,,,
L651,264743,UT,09:00:03 08-Aug-2024,Argos,B,45.6002,-124.6622,6086,7649,4841,88,,,,,,
L651,264743,UT,18:40:12 08-Aug-2024,Argos,B,45.6399,-124.5479,19673,27069,14296,100,,,,,,
L651,264743,UT,11:59:07 09-Aug-2024,Argos,B,45.6540,-124.4272,29301,88902,9657,53,,,,,,
L651,264743,UT,20:53:21 09-Aug-2024,Argos,B,45.6562,-124.4236,5509,8786,3453,31,,,,,,
L651,264743,UT,00:50:51 10-Aug-2024,Argos,B,45.6012,-124.5541,4479,5380,3728,118,,,,,,
L651,264743,UT,04:07:49 10-Aug-2024,Argos,B,45.5648,-124.5900,4921,13988,1731,80,,,,,,
L651,264743,UT,14:44:39 10-Aug-2024,Argos,B,45.4570,-124.8178,6214,14183,2722,82,,,,,,
L651,264743,UT,18:04:45 10-Aug-2024,Argos,B,45.5421,-124.5826,5130,7354,3577,30,,,,,,
L651,264743,UT,18:04:45 10-Aug-2024,Argos,B,45.5478,-124.5762,5067,7803,3289,34,,,,,,
L651,264743,UT,18:55:30 10-Aug-2024,Argos,B,45.5992,-124.5654,3482,12932,937,104,,,,,,
L651,264743,UT,21:21:02 10-Aug-2024,Argos,B,45.6370,-124.5619,3825,10660,1372,103,,,,,,
L651,264743,UT,13:14:27 14-Aug-2024,Argos,B,45.7106,-124.5656,7181,162934,316,92,,,,,,
L651,264743,UT,13:38:26 14-Aug-2024,Argos,B,45.7138,-124.5013,1373,5828,323,108,,,,,,
L651,264743,UT,14:01:14 14-Aug-2024,Argos,B,45.7533,-124.5546,879,51189,15,83,,,,,,
L651,264743,UT,14:47:29 14-Aug-2024,Argos,B,45.7612,-124.5559,990,5504,178,68,,,,,,
L651,264743,UT,14:59:37 14-Aug-2024,Argos,B,45.7656,-124.5946,975,2996,317,70,,,,,,
L651,264743,UT,15:11:40 14-Aug-2024,Argos,B,45.7620,-124.6006,1203,2388,605,79,,,,,,
L651,264743,UT,15:34:49 14-Aug-2024,Argos,B,45.7659,-124.5911,811,1509,435,121,,,,,,
L651,264743,UT,16:10:40 14-Aug-2024,Argos,B,45.7628,-124.5819,1037,1638,656,100,,,,,,
L651,264743,UT,16:22:07 14-Aug-2024,Argos,B,45.7600,-124.5847,889,1547,511,155,,,,,,
L651,264743,UT,17:48:13 14-Aug-2024,Argos,B,45.7532,-124.5755,1205,4803,302,83,,,,,,
L651,264743,UT,18:01:04 14-Aug-2024,Argos,B,45.7516,-124.5871,1275,3915,415,82,,,,,,
L651,264743,UT,18:45:02 14-Aug-2024,Argos,B,45.7551,-124.6196,921,5216,162,27,,,,,,
L651,264743,UT,19:07:37 14-Aug-2024,Argos,B,45.7514,-124.6152,989,6379,153,38,,,,,,
L651,264743,UT,19:30:03 14-Aug-2024,Argos,A,45.7109,-124.6117,3873,16636,901,90,,,,,,
L651,264743,UT,19:40:37 14-Aug-2024,Argos,A,45.7256,-124.6093,3385,5416,2115,149,,,,,,
L651,264743,UT,20:24:07 14-Aug-2024,Argos,B,45.7308,-124.6204,5714,29543,1105,50,,,,,,
L651,264743,UT,21:19:56 14-Aug-2024,Argos,B,45.7398,-124.6282,6723,12535,3605,89,,,,,,
L651,264743,UT,22:56:20 14-Aug-2024,Argos,B,45.7483,-124.6422,1703,2716,1067,91,,,,,,
L651,264743,UT,00:55:06 15-Aug-2024,Argos,B,45.7560,-124.6550,2307,3699,1438,101,,,,,,
L651,264743,UT,01:29:17 15-Aug-2024,Argos,B,45.7559,-124.6492,2418,5320,1099,106,,,,,,
L651,264743,UT,02:09:17 15-Aug-2024,Argos,B,45.7355,-124.5605,1984,5206,756,131,,,,,,
L651,264743,UT,02:30:37 15-Aug-2024,Argos,B,45.7382,-124.5670,1850,2940,1164,122,,,,,,
L651,264743,UT,03:03:31 15-Aug-2024,Argos,B,45.7363,-124.5102,1236,5131,297,157,,,,,,
L651,264743,UT,03:52:40 15-Aug-2024,Argos,B,45.7290,-124.4678,1382,1784,1071,127,,,,,,
L651,264743,UT,04:01:17 15-Aug-2024,Argos,B,45.7291,-124.4581,1395,1815,1072,115,,,,,,
L651,264743,UT,04:31:42 15-Aug-2024,Argos,B,45.6916,-124.4462,1704,3076,943,108,,,,,,
L651,264743,UT,04:45:55 15-Aug-2024,Argos,B,45.6964,-124.4304,1613,2714,957,105,,,,,,
L651,264743,UT,04:56:59 15-Aug-2024,Argos,B,45.7379,-124.6048,874,3501,218,29,,,,,,
L651,264743,UT,05:17:21 15-Aug-2024,Argos,B,45.7311,-124.5871,1072,1765,650,37,,,,,,
L651,264743,UT,05:17:43 15-Aug-2024,Argos,B,45.7024,-124.5918,772,2764,215,70,,,,,,
L651,264743,UT,07:26:03 18-Aug-2024,Argos,B,45.8692,-124.6095,19704,220289,1762,103,,,,,,
L651,264743,UT,01:37:52 20-Aug-2024,Argos,B,45.8135,-124.3527,12147,112500,1311,60,,,,,,
L651,264743,UT,13:42:52 21-Aug-2024,Argos,B,45.7141,-124.3903,4969,181850,135,90,,,,,,
L651,264743,UT,15:22:25 21-Aug-2024,Argos,B,45.6965,-124.4911,2268,7232,711,98,,,,,,
L651,264743,UT,16:47:40 21-Aug-2024,Argos,B,45.6932,-124.5207,3189,6751,1506,90,,,,,,
L651,264743,UT,18:02:30 21-Aug-2024,Argos,B,45.6858,-124.5259,2555,4999,1305,91,,,,,,
L651,264743,UT,18:25:21 21-Aug-2024,Argos,B,45.6966,-124.5045,2869,4965,1657,96,,,,,,
L651,264743,UT,19:03:48 21-Aug-2024,Argos,B,45.6999,-124.5011,2363,4680,1192,100,,,,,,
L651,264743,UT,21:00:41 21-Aug-2024,Argos,B,45.7041,-124.4927,2654,5197,1355,103,,,,,,
L651,264743,UT,23:26:25 21-Aug-2024,Argos,B,45.7074,-124.5021,2763,4028,1894,92,,,,,,
L651,264743,UT,00:59:24 22-Aug-2024,Argos,A,45.7393,-124.4466,506,7218,35,87,,,,,,
L651,264743,UT,01:00:52 22-Aug-2024,Argos,B,45.7393,-124.4497,520,2914,92,87,,,,,,
L651,264743,UT,02:46:09 22-Aug-2024,Argos,B,45.7213,-124.4485,1275,3015,539,98,,,,,,
L651,264743,UT,03:52:53 22-Aug-2024,Argos,B,45.7169,-124.4647,841,1888,374,39,,,,,,
L651,264743,UT,04:11:20 22-Aug-2024,Argos,B,45.7176,-124.4635,1028,1617,653,47,,,,,,
L651,264743,UT,04:11:42 22-Aug-2024,Argos,B,45.7211,-124.4666,891,3291,241,48,,,,,,
L651,264743,UT,04:23:00 22-Aug-2024,Argos,B,45.7460,-124.4635,3791,8795,1633,68,,,,,,
L651,264743,UT,04:46:22 22-Aug-2024,Argos,B,45.7379,-124.4743,3596,6058,2133,79,,,,,,
L651,264743,UT,04:59:06 22-Aug-2024,Argos,B,45.7326,-124.4712,5348,10582,2702,78,,,,,,
L651,264743,UT,05:30:52 22-Aug-2024,Argos,A,45.7305,-124.4570,1173,18028,76,74,,,,,,
L651,264743,UT,05:49:04 22-Aug-2024,Argos,B,45.7261,-124.4440,1621,5259,499,71,,,,,,
L651,264743,UT,06:26:39 22-Aug-2024,Argos,A,45.6745,-124.4065,5366,20201,1425,72,,,,,,
L651,264743,UT,06:27:01 22-Aug-2024,Argos,B,45.6736,-124.4090,4532,17082,1202,76,,,,,,
L651,264743,UT,16:23:07 22-Aug-2024,Argos,B,45.4608,-124.1514,13240,21758,8056,88,,,,,,Lat > 4 deviations from mean
L651,264743,UT,19:43:30 22-Aug-2024,Argos,B,45.5341,-124.1125,3299,15060,722,120,,,,,,Lon > 4 deviations from mean
L651,264743,UT,20:30:41 22-Aug-2024,Argos,B,45.6294,-124.2104,5666,17524,1831,110,,,,,,Lon > 4 deviations from mean
L651,264743,UT,09:05:05 23-Aug-2024,Argos,B,45.8825,-124.5470,10223,26756,3905,103,,,,,,Lat > 4 deviations from mean
L651,264743,UT,12:25:48 23-Aug-2024,Argos,B,45.8221,-124.6055,7446,25901,2140,107,,,,,,
L651,264743,UT,15:52:03 23-Aug-2024,Argos,B,45.7350,-124.4615,7284,13909,3814,93,,,,,,
L651,264743,UT,01:32:54 24-Aug-2024,Argos,B,45.7841,-124.5525,4067,10581,1563,90,,,,,,
L651,264743,UT,05:54:20 24-Aug-2024,Argos,B,45.8106,-124.5476,3628,5602,2349,92,,,,,,
L651,264743,UT,12:35:34 28-Aug-2024,Argos,B,45.5826,-124.4047,2579,12248,542,149,,,,,,
L651,264743,UT,13:53:47 28-Aug-2024,Argos,B,45.5575,-124.4059,1645,22340,121,99,,,,,,
L651,264743,UT,14:16:56 28-Aug-2024,Argos,B,45.5602,-124.4118,875,19854,38,85,,,,,,
L651,264743,UT,14:17:18 28-Aug-2024,Argos,B,45.5676,-124.4203,1028,7401,142,89,,,,,,
L651,264743,UT,15:27:40 28-Aug-2024,Argos,B,45.5534,-124.4187,4539,20785,991,103,,,,,,
L651,264743,UT,15:38:51 28-Aug-2024,Argos,B,45.5533,-124.4181,3332,10377,1069,102,,,,,,
L651,264743,UT,16:39:36 28-Aug-2024,Argos,B,45.5531,-124.4341,986,1704,570,60,,,,,,
L651,264743,UT,17:02:18 28-Aug-2024,Argos,B,45.5716,-124.4212,739,3469,157,98,,,,,,
L651,264743,UT,17:36:14 28-Aug-2024,Argos,B,45.5693,-124.4260,1075,2294,503,95,,,,,,
L651,264743,UT,18:21:41 28-Aug-2024,Argos,B,45.5294,-124.4497,1497,16751,133,100,,,,,,
L651,264743,UT,18:33:29 28-Aug-2024,Argos,B,45.5286,-124.4471,2198,9741,496,100,,,,,,
L651,264743,UT,20:03:33 28-Aug-2024,Argos,B,45.5025,-124.4721,1999,6529,612,105,,,,,,
L651,264743,UT,20:36:35 28-Aug-2024,Argos,B,45.4927,-124.4712,1657,3782,725,106,,,,,,
L651,264743,UT,20:59:43 28-Aug-2024,Argos,B,45.5250,-124.4560,1707,5667,514,100,,,,,,
L651,264743,UT,22:11:36 28-Aug-2024,Argos,A,45.5323,-124.4094,2364,12908,432,69,,,,,,
L651,264743,UT,23:27:12 28-Aug-2024,Argos,B,45.5302,-124.3996,4355,7265,2609,83,,,,,,
L651,264743,UT,00:45:17 29-Aug-2024,Argos,B,45.5223,-124.3930,3850,6914,2143,91,,,,,,
L651,264743,UT,01:11:55 29-Aug-2024,Argos,B,45.5205,-124.3929,3240,6034,1739,85,,,,,,
L651,264743,UT,01:12:17 29-Aug-2024,Argos,B,45.5225,-124.3880,2662,39564,179,86,,,,,,
L651,264743,UT,02:20:32 29-Aug-2024,Argos,B,45.5184,-124.3957,1847,5482,621,87,,,,,,
L651,264743,UT,02:44:33 29-Aug-2024,Argos,B,45.5077,-124.3847,1932,5813,642,86,,,,,,
L651,264743,UT,04:00:47 29-Aug-2024,Argos,B,45.5749,-124.3644,4930,31905,761,101,,,,,,
L651,264743,UT,04:10:13 29-Aug-2024,Argos,B,45.5709,-124.3453,4954,24071,1019,100,,,,,,
L651,264743,UT,04:10:13 29-Aug-2024,Argos,B,45.5697,-124.3456,3972,14547,1084,100,,,,,,
L651,264743,UT,04:31:06 29-Aug-2024,Argos,B,45.5697,-124.3478,3092,8640,1106,100,,,,,,
L651,264743,UT,05:01:33 29-Aug-2024,Argos,B,45.5612,-124.2728,2848,6826,1187,51,,,,,,
L651,264743,UT,05:47:57 29-Aug-2024,Argos,B,45.5577,-124.2336,3749,6637,2117,66,,,,,,
L651,264743,UT,06:10:51 29-Aug-2024,Argos,B,45.5878,-124.2093,2595,8280,813,93,,,,,,
L651,264743,UT,07:44:21 29-Aug-2024,Argos,B,45.5677,-124.1289,3054,24034,388,78,,,,,,
L651,264743,UT,02:46:02 30-Aug-2024,Argos,B,45.5114,-124.1424,7219,45828,1137,82,,,,,,
L651,264743,UT,08:40:48 30-Aug-2024,Argos,B,45.4469,-124.2580,13498,244108,746,90,,,,,,
L651,264743,UT,16:08:41 30-Aug-2024,Argos,B,45.4094,-124.0097,9522,59846,1515,93,,,,,,
L651,264743,UT,18:41:14 30-Aug-2024,Argos,B,45.4153,-124.3382,6250,36720,1063,110,,,,,,
L651,264743,UT,17:20:41 04-Sep-2024,Argos,B,45.6035,-124.3250,21195,379086,1185,110,,,,,,
L651,264743,UT,18:37:34 04-Sep-2024,Argos,B,45.5893,-124.3369,7706,37731,1573,94,,,,,,
L651,264743,UT,18:37:34 04-Sep-2024,Argos,B,45.5814,-124.3736,1515,29191,78,101,,,,,,
L651,264743,UT,20:20:09 04-Sep-2024,Argos,B,45.5765,-124.3883,1982,5340,735,97,,,,,,
L651,264743,UT,23:41:52 04-Sep-2024,Argos,B,45.6009,-124.3441,1076,2713,427,1,,,,,,
L651,264743,UT,01:18:54 05-Sep-2024,Argos,A,45.6019,-124.3065,1914,25690,142,81,,,,,,
L651,264743,UT,01:44:02 05-Sep-2024,Argos,B,45.6023,-124.3063,3523,9513,1304,82,,,,,,
L651,264743,UT,01:58:58 05-Sep-2024,Argos,B,45.6012,-124.3074,2765,6155,1241,84,,,,,,
L651,264743,UT,02:41:23 05-Sep-2024,Argos,B,45.6014,-124.3061,3370,6372,1781,79,,,,,,
L651,264743,UT,02:41:23 05-Sep-2024,Argos,B,45.6019,-124.3094,2742,5121,1467,79,,,,,,
L651,264743,UT,03:05:27 05-Sep-2024,Argos,B,45.5449,-124.4000,4334,15939,1178,98,,,,,,
L651,264743,UT,03:40:54 05-Sep-2024,Argos,B,45.5876,-124.4568,4584,23156,907,75,,,,,,
L651,264743,UT,04:27:15 05-Sep-2024,Argos,B,45.6028,-124.4776,4768,9868,2303,80,,,,,,
L651,264743,UT,04:41:52 05-Sep-2024,Argos,B,45.6079,-124.4839,4171,8139,2137,81,,,,,,
L651,264743,UT,05:47:25 05-Sep-2024,Argos,B,45.6001,-124.4753,5271,9525,2917,81,,,,,,
L651,264743,UT,06:53:50 05-Sep-2024,Argos,B,45.6291,-124.5156,2462,4152,1459,103,,,,,,
L651,264743,UT,07:20:37 05-Sep-2024,Argos,B,45.5966,-124.4539,2262,3056,1674,92,,,,,,
L651,264743,UT,16:54:28 05-Sep-2024,Argos,B,45.7962,-124.6355,3385,5479,2090,123,,,,,,Lat > 4 deviations from mean
L651,264743,UT,05:47:42 06-Sep-2024,Argos,B,45.6144,-124.4467,3294,66994,162,85,,,,,,
L651,264743,UT,06:35:50 06-Sep-2024,Argos,B,45.6157,-124.4354,2157,9017,515,87,,,,,,
L651,264743,UT,12:39:04 06-Sep-2024,Argos,B,45.6904,-124.5116,3223,6568,1581,84,,,,,,
L651,264743,UT,13:28:57 06-Sep-2024,Argos,B,45.6631,-124.4915,2731,15897,469,70,,,,,,
L651,264743,UT,13:01:57 07-Sep-2024,Argos,B,45.6824,-124.4901,4628,19204,1115,83,,,,,,
L651,264743,UT,19:34:09 07-Sep-2024,Argos,B,45.6837,-124.5718,7902,68241,914,89,,,,,,
L651,264743,UT,20:30:14 07-Sep-2024,Argos,B,45.7004,-124.5519,4160,13487,1282,98,,,,,,
L651,264743,UT,06:19:58 08-Sep-2024,Argos,B,45.7720,-124.4697,4654,17037,1271,91,,,,,,
L651,264743,UT,19:22:24 08-Sep-2024,Argos,B,45.7872,-124.4922,4900,15277,1571,104,,,,,,
L651,264743,UT,15:58:22 11-Sep-2024,Argos,A,45.7704,-124.7600,45877,,,,,,,,,
L651,264743,UT,17:53:48 11-Sep-2024,Argos,B,45.7663,-124.7728,44418,368346,5356,92,,,,,,
L651,264743,UT,18:45:53 11-Sep-2024,Argos,B,45.7698,-124.7703,30912,189938,5030,93,,,,,,
L651,264743,UT,18:46:15 11-Sep-2024,Argos,B,45.7514,-124.5649,1929,40191,92,96,,,,,,
L651,264743,UT,19:29:07 11-Sep-2024,Argos,B,45.7521,-124.5566,2091,9108,480,95,,,,,,
L651,264743,UT,19:44:21 11-Sep-2024,Argos,B,45.7484,-124.5286,1675,4742,591,94,,,,,,
L651,264743,UT,19:44:21 11-Sep-2024,Argos,B,45.7479,-124.5274,1598,4270,597,93,,,,,,
L651,264743,UT,21:25:03 11-Sep-2024,Argos,B,45.7558,-124.4934,1910,3455,1055,99,,,,,,
L651,264743,UT,01:28:40 12-Sep-2024,Argos,B,45.7713,-124.4610,2560,4827,1357,84,,,,,,
L651,264743,UT,03:20:26 12-Sep-2024,Argos,B,45.7725,-124.4587,2615,11942,572,89,,,,,,
L651,264743,UT,03:29:27 12-Sep-2024,Argos,B,45.7769,-124.4451,2169,9848,477,96,,,,,,
L651,264743,UT,04:21:14 12-Sep-2024,Argos,0,45.7798,-124.4262,4027,70550,229,90,,,,,,
L651,264743,UT,04:34:09 12-Sep-2024,Argos,A,45.7509,-124.3664,2022,15076,271,65,,,,,,
L651,264743,UT,05:16:48 12-Sep-2024,Argos,B,45.7473,-124.3531,4755,36898,612,78,,,,,,
L651,264743,UT,05:28:49 12-Sep-2024,Argos,B,45.7467,-124.3587,4775,16225,1405,78,,,,,,
L651,264743,UT,13:56:57 12-Sep-2024,Argos,B,45.7136,-124.2265,2576,8149,814,84,,,,,,
L651,264743,UT,03:18:10 13-Sep-2024,Argos,B,45.7052,-124.1044,5545,16713,1839,77,,,,,,
L651,264743,UT,18:23:14 13-Sep-2024,Argos,B,45.4309,-124.0561,40539,272000,6042,98,,,,,,
L651,264743,UT,06:30:26 18-Sep-2024,Argos,1,43.3378,-125.7531,734,1001,538,114,,,,,,
L651,264743,UT,06:39:16 18-Sep-2024,Argos,2,43.3542,-125.7745,302,817,111,117,,,,,,
L651,264743,UT,07:18:09 18-Sep-2024,Argos,B,43.3464,-125.7703,1930,2664,1398,91,,,,,,
L651,264743,UT,17:12:00 18-Sep-2024,Argos,B,43.2042,-125.7273,3845,23260,635,78,,,,,,
L651,264743,UT,18:48:46 18-Sep-2024,Argos,A,43.2012,-125.7515,600,7411,48,94,,,,,,
L651,264743,UT,19:06:29 18-Sep-2024,Argos,B,43.2021,-125.7573,818,1911,349,93,,,,,,
L651,264743,UT,19:54:58 18-Sep-2024,Argos,B,43.1900,-125.7583,1232,2187,693,92,,,,,,
L651,264743,UT,21:06:24 18-Sep-2024,Argos,B,43.1779,-125.7598,1531,3110,753,95,,,,,,
L651,264743,UT,23:57:22 18-Sep-2024,Argos,B,43.1405,-125.7664,2201,4192,1155,97,,,,,,
L651,264743,UT,01:43:06 19-Sep-2024,Argos,B,43.1248,-125.7730,2725,4235,1752,105,,,,,,
L651,264743,UT,01:58:55 19-Sep-2024,Argos,B,43.1295,-125.7762,2792,4302,1812,109,,,,,,
L651,264743,UT,02:56:25 19-Sep-2024,Argos,B,43.1021,-125.7844,2687,5472,1319,109,,,,,,
L651,264743,UT,03:10:40 19-Sep-2024,Argos,B,43.1054,-125.7818,2288,4243,1233,94,,,,,,
L651,264743,UT,03:22:02 19-Sep-2024,Argos,B,43.0921,-125.7881,2125,5222,864,99,,,,,,
L651,264743,UT,03:44:56 19-Sep-2024,Argos,B,43.0852,-125.7919,2147,5293,870,101,,,,,,
L651,264743,UT,03:44:56 19-Sep-2024,Argos,B,43.0843,-125.7988,1874,4973,706,112,,,,,,
L651,264743,UT,04:38:56 19-Sep-2024,Argos,B,43.0681,-125.8020,2035,5275,784,107,,,,,,
L651,264743,UT,04:50:58 19-Sep-2024,Argos,B,43.0788,-125.8188,1184,7330,191,66,,,,,,
L651,264743,UT,15:52:17 19-Sep-2024,Argos,B,42.8684,-125.8635,3551,5475,2302,77,,,,,,
L651,264743,UT,22:00:42 19-Sep-2024,Argos,B,42.8055,-125.8666,4481,7543,2661,73,,,,,,
L651,264743,UT,04:54:44 20-Sep-2024,Argos,B,42.6560,-125.9027,4401,10516,1841,87,,,,,,
L651,264743,UT,04:54:44 20-Sep-2024,Argos,B,42.6277,-125.8986,4261,14577,1245,80,,,,,,
L651,264743,UT,09:06:31 20-Sep-2024,Argos,B,42.5834,-125.8376,3344,76990,145,86,,,,,,
L651,264743,UT,05:29:50 21-Sep-2024,Argos,B,42.2285,-125.8813,5153,17103,1552,81,,,,,,
L651,264743,UT,13:12:44 21-Sep-2024,Argos,B,42.1980,-125.7642,4639,14716,1462,94,,,,,,
L651,264743,UT,16:40:29 21-Sep-2024,Argos,B,42.1950,-125.7758,6693,37021,1210,100,,,,,,
L651,264743,UT,05:55:44 22-Sep-2024,Argos,B,42.0022,-125.5694,5612,24735,1273,83,,,,,,
L651,264743,UT,21:24:22 22-Sep-2024,Argos,B,41.8033,-125.2192,6190,17789,2153,68,,,,,,
L651,264743,UT,03:12:18 23-Sep-2024,Argos,B,41.7604,-125.1414,6776,29240,1570,58,,,,,,
L651,264743,UT,03:12:18 23-Sep-2024,Argos,B,41.6439,-125.1707,5671,25766,1248,89,,,,,,
L651,264743,UT,04:03:55 23-Sep-2024,Argos,B,41.6964,-125.2084,10734,35168,3276,67,,,,,,
L651,264743,UT,06:30:35 23-Sep-2024,Argos,B,41.5713,-125.2804,7773,30363,1989,84,,,,,,
L651,264743,UT,06:30:35 23-Sep-2024,Argos,B,41.5735,-125.3050,6401,16158,2535,86,,,,,,
L651,264743,UT,17:58:05 23-Sep-2024,Argos,B,41.1593,-125.4239,8202,16347,4115,94,,,,,,
L651,264743,UT,17:58:05 23-Sep-2024,Argos,B,41.2791,-125.4728,4668,12599,1729,69,,,,,,
L651,264743,UT,20:34:36 23-Sep-2024,Argos,B,41.3058,-125.4442,3948,13435,1160,85,,,,,,
L651,264743,UT,20:34:36 23-Sep-2024,Argos,B,41.3282,-125.4116,3590,15959,807,90,,,,,,
L651,264743,UT,03:50:22 24-Sep-2024,Argos,B,41.1472,-125.3929,3373,5238,2172,71,,,,,,
L651,264743,UT,07:09:51 24-Sep-2024,Argos,B,41.2610,-125.3177,4117,6278,2699,153,,,,,,
L651,264743,UT,18:25:24 24-Sep-2024,Argos,B,41.0914,-125.2933,3761,14557,971,103,,,,,,
L651,264743,UT,05:48:27 25-Sep-2024,Argos,2,40.8503,-125.0154,463,1011,211,83,,,,,,
L651,264743,UT,06:03:39 25-Sep-2024,Argos,3,40.8403,-125.0489,241,556,104,61,,,,,,
L651,264743,UT,07:42:47 25-Sep-2024,Argos,2,40.8242,-125.0317,334,1172,95,118,,,,,,
L651,264743,UT,08:41:56 25-Sep-2024,Argos,B,40.8223,-125.0194,856,3564,205,104,,,,,,
L651,264743,UT,14:24:57 25-Sep-2024,Argos,A,40.7327,-124.9503,127,593,27,101,,,,,,
L651,264743,UT,14:24:57 25-Sep-2024,Argos,B,40.7482,-124.9475,2194,4539,1059,72,,,,,,
L651,264743,UT,15:01:06 25-Sep-2024,Argos,B,40.7275,-124.9433,805,1158,559,91,,,,,,
L651,264743,UT,08:16:49 02-Oct-2024,Argos,B,38.4295,-123.4004,8541,178629,408,76,,,,,,
L651,264743,UT,14:05:26 02-Oct-2024,Argos,B,38.2855,-123.3119,21110,477431,933,81,,,,,,
L651,264743,UT,14:23:04 02-Oct-2024,Argos,B,38.1869,-123.7290,4685,209676,104,86,,,,,,
L651,264743,UT,14:43:02 02-Oct-2024,Argos,B,38.1818,-123.7242,3813,13610,1068,86,,,,,,
L651,264743,UT,15:24:36 02-Oct-2024,Argos,B,38.1530,-123.7725,3986,10619,1496,110,,,,,,
L651,264743,UT,17:46:14 02-Oct-2024,Argos,B,38.1719,-123.8402,4960,19783,1243,83,,,,,,
L651,264743,UT,18:07:29 02-Oct-2024,Argos,B,38.1114,-123.7679,5039,30566,830,80,,,,,,
L651,264743,UT,19:02:00 02-Oct-2024,Argos,B,38.0976,-123.7766,3128,18501,529,10,,,,,,
L651,264743,UT,20:16:17 02-Oct-2024,Argos,A,38.0985,-123.7413,4534,29485,697,102,,,,,,
L651,264743,UT,21:55:39 02-Oct-2024,Argos,B,38.0823,-123.7479,13110,20937,8208,100,,,,,,
L651,264743,UT,01:55:03 03-Oct-2024,Argos,B,38.0314,-123.7519,15672,20975,11709,82,,,,,,
L651,264743,UT,01:55:03 03-Oct-2024,Argos,B,38.0460,-123.7635,15961,19935,12778,98,,,,,,
L651,264743,UT,02:22:01 03-Oct-2024,Argos,B,37.9275,-123.8338,1892,7165,499,126,,,,,,
L651,264743,UT,02:34:24 03-Oct-2024,Argos,A,37.9131,-123.6611,1091,4026,295,128,,,,,,
L651,264743,UT,03:24:00 03-Oct-2024,Argos,B,37.9183,-123.6574,3350,5903,1900,109,,,,,,
L651,264743,UT,03:34:15 03-Oct-2024,Argos,B,37.9311,-123.6583,2423,4675,1256,102,,,,,,
L651,264743,UT,04:14:37 03-Oct-2024,Argos,B,37.9261,-123.6579,2656,4150,1699,99,,,,,,
L651,264743,UT,04:36:34 03-Oct-2024,Argos,B,37.9259,-123.6511,1418,1961,1025,97,,,,,,
L651,264743,UT,05:13:15 03-Oct-2024,Argos,B,37.9207,-123.6501,1305,3766,451,95,,,,,,
L651,264743,UT,05:29:53 03-Oct-2024,Argos,B,37.9187,-123.6505,1396,3579,544,96,,,,,,
L651,264743,UT,17:00:35 03-Oct-2024,Argos,B,37.7616,-123.6440,3142,7940,1243,90,,,,,,
L651,264743,UT,03:26:38 04-Oct-2024,Argos,B,37.6670,-123.6382,4350,8808,2147,89,,,,,,
L651,264743,UT,13:27:30 04-Oct-2024,Argos,B,37.8380,-123.4625,3171,7507,1339,101,,,,,,
L651,264743,UT,16:39:05 04-Oct-2024,Argos,B,37.8243,-123.3692,4259,10328,1756,105,,,,,,
L651,264743,UT,19:56:17 04-Oct-2024,Argos,B,37.8113,-123.3149,4733,10090,2219,104,,,,,,
L651,264743,UT,03:08:06 05-Oct-2024,Argos,B,37.5265,-122.9470,4009,10976,1463,76,,,,,,
L651,264743,UT,07:35:29 05-Oct-2024,Argos,B,37.4312,-122.8553,4367,10498,1816,90,,,,,,
L651,264743,UT,14:09:37 05-Oct-2024,Argos,B,37.2874,-122.7190,4569,14015,1489,97,,,,,,
L651,264743,UT,04:00:45 09-Oct-2024,Argos,A,36.7865,-122.1610,2431,15442,382,159,,,,,,
L651,264743,UT,04:03:43 09-Oct-2024,Argos,B,36.7868,-122.1615,1751,2926,1047,153,,,,,,
L651,264743,UT,04:13:17 09-Oct-2024,Argos,A,36.7252,-122.1445,208,447,96,69,,,,,,
L651,264743,UT,04:47:03 09-Oct-2024,Argos,B,36.7159,-122.1378,918,3629,232,134,,,,,,
L651,264743,UT,05:02:35 09-Oct-2024,Argos,B,36.7318,-122.1486,1085,1925,611,129,,,,,,
L651,264743,UT,05:02:35 09-Oct-2024,Argos,B,36.7359,-122.1513,755,1235,460,123,,,,,,
L651,264743,UT,05:38:06 09-Oct-2024,Argos,A,36.7854,-122.1776,594,4049,87,90,,,,,,
L651,264743,UT,05:59:18 09-Oct-2024,Argos,B,36.7915,-122.1776,1873,2654,1321,92,,,,,,
L651,264743,UT,06:24:17 09-Oct-2024,Argos,B,36.7951,-122.1782,1978,2435,1605,92,,,,,,
L651,264743,UT,08:09:50 09-Oct-2024,Argos,B,36.8215,-122.1772,2805,3485,2258,97,,,,,,
L651,264743,UT,09:31:16 09-Oct-2024,Argos,B,36.9744,-122.3008,10650,15468,7331,7,,,,,,
L651,264743,UT,12:04:40 09-Oct-2024,Argos,B,37.0548,-122.3344,11917,13215,10746,31,,,,,,
L651,264743,UT,13:14:32 09-Oct-2024,Argos,3,37.0232,-122.2302,212,635,70,100,,,,,,
L651,264743,UT,13:40:39 09-Oct-2024,Argos,B,37.0238,-122.2305,1807,2522,1295,84,,,,,,
L651,264743,UT,14:01:39 09-Oct-2024,Argos,B,37.0378,-122.2226,2346,3390,1623,75,,,,,,
L651,264743,UT,14:56:25 09-Oct-2024,Argos,2,37.0110,-122.2413,368,610,221,179,,,,,,
L651,264743,UT,15:17:44 09-Oct-2024,Argos,A,37.0051,-122.2361,1054,3751,295,146,,,,,,
L651,264743,UT,15:39:40 09-Oct-2024,Argos,3,37.0377,-122.2638,184,401,84,77,,,,,,
L651,264743,UT,16:19:18 09-Oct-2024,Argos,B,37.0445,-122.2899,667,2726,163,172,,,,,,
L651,264743,UT,17:14:07 09-Oct-2024,Argos,2,37.0995,-122.3100,353,848,147,69,,,,,,
L651,264743,UT,17:20:56 09-Oct-2024,Argos,B,37.0818,-122.2931,2118,3060,1465,117,,,,,,
L651,264743,UT,17:58:37 09-Oct-2024,Argos,0,37.1135,-122.3392,1692,38326,74,101,,,,,,
