DeployID,Ptt,Instr,RecordType,MsgCount,Duplicates,Corrupt,AvgInterval,MinInterval,Date,Satellite,LocationQuality,Latitude,Longitude,Latitude2,Longitude2,IQ,Duration,Frequency,Power
L651,264743,UT,DS,1,0,0,,,03:32:15 25-Apr-2024,A1,,,,,,,,401650000,-135
L651,264743,UT,DS,1,0,0,,,03:32:15 25-Apr-2024,MC,B,37.1223,-122.3410,37.1223,-122.3410,6,,401650000,-121
L651,264743,UT,DS,5,1,0,,,03:38:06 25-Apr-2024,NK,3,37.1220,-122.3408,37.1220,-122.3408,60,,401677660,-124
L651,264743,UT,DS,3,0,0,192,95,03:50:25 25-Apr-2024,SR,A,37.1203,-122.3432,37.1203,-122.3432,6,,401677658,-126
L651,264743,UT,DS,2,0,0,264,264,04:18:24 25-Apr-2024,MB,B,37.1173,-122.3344,37.1173,-122.3344,6,,401677657,-129
L651,264743,UT,DS,2,0,0,44,44,04:32:27 25-Apr-2024,NN,B,37.1236,-122.3331,37.1236,-122.3331,6,,401677662,-131
L651,264743,UT,DS,2,0,0,145,145,04:46:30 25-Apr-2024,NP,B,37.1210,-122.3328,37.1210,-122.3328,6,,401677663,-120
L651,264743,UT,DS,5,1,0,,,05:10:35 25-Apr-2024,MC,0,37.1156,-122.3416,37.1156,-122.3416,46,,401677666,-112
L651,264743,UT,DS,1,0,1,,,06:02:19 25-Apr-2024,MB,B,37.1172,-122.3394,37.1172,-122.3394,8,,401677673,-135
L651,264743,UT,DS,6,0,2,144,44,06:14:01 25-Apr-2024,NN,0,37.0985,-122.3111,37.0985,-122.3111,56,,401677672,-127
L651,264743,UT,DS,2,0,0,352,352,06:19:55 25-Apr-2024,O3,B,37.1286,-122.3017,37.1286,-122.3017,6,,401677662,-134
L651,264743,UT,DS,4,0,0,109,44,06:29:25 25-Apr-2024,NP,2,37.1261,-122.3255,37.1261,-122.3255,56,,401677653,-130
L651,264743,UT,DS,1,0,0,,,06:50:51 25-Apr-2024,MC,B,37.1196,-122.3187,37.1196,-122.3187,6,,401677658,-122
L651,264743,UT,DS,3,0,0,88,88,07:46:51 25-Apr-2024,NN,A,37.1229,-122.3288,37.1229,-122.3288,7,,401677669,-133
L651,264743,UT,DS,8,2,0,,,07:58:58 25-Apr-2024,O3,3,37.1168,-122.3314,37.1168,-122.3314,56,,401677673,-117
L651,264743,UT,DS,1,0,0,,,14:05:59 29-Apr-2024,A1,,,,,,,,401650000,-133
L651,264743,UT,DS,1,0,0,,,16:26:29 29-Apr-2024,NP,,,,,,,,401650000,-130
L651,264743,UT,DS,1,0,0,,,20:22:03 29-Apr-2024,O3,,,,,,,,401650000,-121
L651,264743,UT,DS,1,0,0,,,02:49:54 30-Apr-2024,SR,,,,,,,,401650000,-120
L651,264743,UT,DS,1,0,1,,,05:08:31 30-Apr-2024,MC,,,,,,,,401650000,-114
L651,264743,UT,DS,1,0,0,,,05:53:07 30-Apr-2024,O3,,,,,,,,401650000,-139
L651,264743,UT,DS,1,0,0,,,05:53:07 30-Apr-2024,MB,,,,,,,,401650000,-129
L651,264743,UT,DS,1,0,0,,,14:53:33 30-Apr-2024,CS,,,,,,,,401650000,-126
L651,264743,UT,DS,1,0,0,,,19:08:01 30-Apr-2024,MC,,,,,,,,401650000,-116
L651,264743,UT,DS,2,0,1,577,577,19:17:37 30-Apr-2024,NN,B,36.9865,-122.3565,36.9865,-122.3565,,,401650000,-127
L651,264743,UT,DS,1,0,0,,,01:59:12 01-May-2024,CS,B,36.9775,-122.6661,36.9775,-122.6661,8,,401677736,-132
L651,264743,UT,DS,1,0,0,,,08:18:51 01-May-2024,NN,B,36.7560,-123.1565,36.7560,-123.1565,8,,401677665,-133
L651,264743,UT,DS,1,0,0,,,08:18:51 01-May-2024,O3,B,36.9510,-122.9028,36.9510,-122.9028,8,,401677765,-126
L651,264743,UT,DS,1,0,0,,,14:50:03 01-May-2024,A1,B,36.7867,-123.3869,36.7867,-123.3869,8,,401677671,-136
L651,264743,UT,DS,1,0,0,,,18:49:14 01-May-2024,MC,B,36.7939,-123.5407,36.7939,-123.5407,8,,401677650,-122
L651,264743,UT,DS,1,0,0,,,02:13:19 02-May-2024,NK,B,36.8718,-123.6791,36.8718,-123.6791,8,,401677689,-132
L651,264743,UT,DS,2,0,0,45,45,03:49:56 02-May-2024,A1,B,36.9249,-123.7438,36.9249,-123.7438,8,,401677666,-131
L651,264743,UT,DS,2,0,0,537,537,03:58:31 02-May-2024,NK,B,36.9327,-123.7050,36.9327,-123.7050,6,,401677682,-127
L651,264743,UT,DS,1,0,0,,,04:29:32 02-May-2024,MC,B,36.8701,-123.6725,36.8701,-123.6725,6,,401677696,-120
L651,264743,UT,DS,1,0,0,,,04:40:15 02-May-2024,NN,B,36.8689,-123.6761,36.8689,-123.6761,6,,401677692,-132
L651,264743,UT,DS,3,0,0,296,45,04:58:50 02-May-2024,NP,A,36.9567,-123.5863,36.9567,-123.5863,6,,401677677,-126
L651,264743,UT,DS,2,0,1,45,45,05:17:29 02-May-2024,MB,B,36.9437,-123.7341,36.9437,-123.7341,6,,401677679,-131
L651,264743,UT,DS,1,0,0,,,06:01:19 02-May-2024,O3,B,36.9451,-123.7621,36.9451,-123.7621,8,,401677671,-132
L651,264743,UT,DS,3,0,0,266,134,06:06:30 02-May-2024,MC,A,36.9387,-123.7081,36.9387,-123.7081,6,,401677688,-116
L651,264743,UT,DS,1,0,0,,,06:16:24 02-May-2024,NN,B,36.9382,-123.7088,36.9382,-123.7088,6,,401677689,-128
L651,264743,UT,DS,2,0,0,44,44,06:46:12 02-May-2024,NP,B,36.9344,-123.7431,36.9344,-123.7431,6,,401677670,-134
L651,264743,UT,DS,1,0,0,,,07:32:20 02-May-2024,O3,B,36.9345,-123.7833,36.9345,-123.7833,7,,401677685,-134
L651,264743,UT,DS,1,0,0,,,08:08:59 02-May-2024,NN,B,36.9386,-123.7804,36.9386,-123.7804,6,,401677703,-137
L651,264743,UT,DS,1,0,0,,,12:50:32 02-May-2024,A1,B,36.9313,-124.0049,36.9313,-124.0049,8,,401677694,-132
L651,264743,UT,DS,2,0,0,44,44,13:01:58 02-May-2024,SR,B,36.9257,-123.8483,36.9257,-123.8483,6,,401677698,-127
L651,264743,UT,DS,2,0,0,45,45,14:27:07 02-May-2024,A1,B,36.9923,-123.7859,36.9923,-123.7859,8,,401677663,-125
L651,264743,UT,DS,3,0,0,250,44,14:38:15 02-May-2024,SR,A,37.0035,-123.7973,37.0035,-123.7973,6,,401677668,-130
L651,264743,UT,DS,2,0,0,490,490,15:04:55 02-May-2024,CS,B,36.9908,-123.7648,36.9908,-123.7648,6,,401677678,-138
L651,264743,UT,DS,1,0,1,,,16:41:10 02-May-2024,MC,B,37.0143,-123.8035,37.0143,-123.8035,8,,401677696,-135
L651,264743,UT,DS,2,0,0,44,44,18:29:06 02-May-2024,MC,B,37.0185,-123.8019,37.0185,-123.8019,8,,401677679,-117
L651,264743,UT,DS,1,0,0,,,18:49:37 02-May-2024,NN,B,37.0236,-123.8414,37.0236,-123.8414,6,,401677686,-127
L651,264743,UT,DS,2,0,0,45,45,19:07:33 02-May-2024,NP,B,37.0188,-123.8243,37.0188,-123.8243,6,,401677694,-129
L651,264743,UT,DS,1,0,0,,,19:41:37 02-May-2024,O3,B,37.0255,-123.8393,37.0255,-123.8393,7,,401677703,-129
L651,264743,UT,DS,1,0,0,,,20:22:42 02-May-2024,NN,B,37.0250,-123.8315,37.0250,-123.8315,8,,401677685,-133
L651,264743,UT,DS,1,0,0,,,21:23:25 02-May-2024,O3,B,37.0211,-123.8278,37.0211,-123.8278,8,,401677697,-123
L651,264743,UT,DS,1,0,0,,,23:03:21 02-May-2024,CS,B,37.0193,-123.8307,37.0193,-123.8307,8,,401677686,-134
L651,264743,UT,DS,1,0,0,,,00:40:28 03-May-2024,CS,B,37.0206,-123.8352,37.0206,-123.8352,8,,401677687,-122
L651,264743,UT,DS,1,0,0,,,04:37:31 03-May-2024,SR,B,37.0333,-123.8521,37.0333,-123.8521,8,,401677688,-134
L651,264743,UT,DS,1,0,1,,,17:18:06 03-May-2024,NP,B,37.0625,-123.9219,37.0625,-123.9219,,,401677689,-136
L651,264743,UT,DS,1,0,1,,,18:09:05 03-May-2024,MC,B,37.0398,-123.9148,37.0398,-123.9148,8,,401677676,-120
L651,264743,UT,DS,1,0,0,,,20:40:07 03-May-2024,O3,B,37.0422,-123.9425,37.0422,-123.9425,8,,401677673,-135
L651,264743,UT,DS,1,0,1,,,00:46:23 04-May-2024,SR,B,37.0664,-123.9914,37.0664,-123.9914,8,,401677671,-138
L651,264743,UT,DS,1,0,1,,,02:00:43 06-May-2024,CS,,,,,,,,401650000,-135
L651,264743,UT,DS,1,0,0,,,04:04:28 07-May-2024,NP,,,,,,,,401650000,-124
L651,264743,UT,DS,1,0,0,,,04:04:15 08-May-2024,MC,,,,,,,,401650000,-128
L651,264743,UT,DS,1,0,0,,,07:24:13 08-May-2024,MC,,,,,,,,401650000,-131
L651,264743,UT,DS,1,0,1,,,13:09:02 08-May-2024,SR,,,,,,,,401650000,-136
L651,264743,UT,DS,1,0,1,,,23:55:49 08-May-2024,CS,,,,,,,,401650000,-130
L651,264743,UT,DS,2,0,0,44,44,01:26:03 09-May-2024,SR,B,38.4753,-126.0376,38.4753,-126.0376,,,401677671,-129
L651,264743,UT,DS,2,0,0,44,44,01:37:35 09-May-2024,CS,B,38.4864,-126.0525,38.4864,-126.0525,6,,401677682,-131
L651,264743,UT,DS,2,0,0,44,44,02:34:19 09-May-2024,NK,B,38.4894,-126.0326,38.4894,-126.0326,8,,401677688,-124
L651,264743,UT,DS,2,0,0,45,45,03:08:24 09-May-2024,SR,B,38.5232,-125.9864,38.5232,-125.9864,8,,401677684,-122
L651,264743,UT,DS,2,0,0,44,44,04:16:42 09-May-2024,NK,B,38.5644,-126.0096,38.5644,-126.0096,8,,401677665,-125
L651,264743,UT,DS,1,0,0,,,04:47:42 09-May-2024,SR,B,38.5645,-126.0137,38.5645,-126.0137,6,,401677691,-133
L651,264743,UT,DS,1,0,1,,,04:56:33 09-May-2024,NN,B,38.5515,-125.9404,38.5515,-125.9404,8,,401677697,-137
L651,264743,UT,DS,2,0,0,77,77,05:22:32 09-May-2024,NP,B,38.5713,-125.9268,38.5713,-125.9268,6,,401677690,-125
L651,264743,UT,DS,1,0,0,,,05:23:11 09-May-2024,MC,B,38.5721,-125.9433,38.5721,-125.9433,6,,401677704,-119
L651,264743,UT,DS,1,0,0,,,06:14:26 09-May-2024,MB,B,38.5818,-125.9409,38.5818,-125.9409,8,,401677677,-135
L651,264743,UT,DS,1,0,0,,,06:34:41 09-May-2024,NN,B,38.5818,-125.9489,38.5818,-125.9489,6,,401677688,-125
L651,264743,UT,DS,1,0,0,,,07:05:14 09-May-2024,MC,B,38.5841,-125.9475,38.5841,-125.9475,8,,401677681,-126
L651,264743,UT,DS,1,0,0,,,07:15:38 09-May-2024,O3,B,38.5854,-125.9782,38.5854,-125.9782,6,,401677703,-128
L651,264743,UT,DS,1,0,0,,,08:50:40 09-May-2024,O3,B,38.6059,-125.9565,38.6059,-125.9565,7,,401677727,-127
L651,264743,UT,DS,1,0,0,,,12:42:17 09-May-2024,SR,B,38.5840,-125.9770,38.5840,-125.9770,8,,401677721,-134
L651,264743,UT,DS,2,0,0,44,44,13:38:42 09-May-2024,CS,B,38.6823,-125.9027,38.6823,-125.9027,8,,401677665,-126
L651,264743,UT,DS,3,0,0,266,45,14:26:38 09-May-2024,SR,A,38.6873,-126.1021,38.6873,-126.1021,6,,401677690,-130
L651,264743,UT,DS,1,0,0,,,15:23:53 09-May-2024,CS,B,38.7120,-126.1563,38.7120,-126.1563,8,,401677689,-138
L651,264743,UT,DS,1,0,0,,,16:29:41 09-May-2024,NK,B,38.7201,-126.1462,38.7201,-126.1462,8,,401677673,-123
L651,264743,UT,DS,2,0,0,44,44,18:27:07 09-May-2024,MB,B,38.7147,-126.1680,38.7147,-126.1680,8,,401677687,-130
L651,264743,UT,DS,1,0,0,,,19:22:32 09-May-2024,MC,B,38.7354,-126.1986,38.7354,-126.1986,7,,401677697,-129
L651,264743,UT,DS,1,0,0,,,19:22:32 09-May-2024,O3,B,38.7321,-126.2251,38.7321,-126.2251,8,,401677682,-132
L651,264743,UT,DS,2,0,0,44,44,20:42:42 09-May-2024,NN,B,38.7780,-126.2128,38.7780,-126.2128,8,,401677705,-131
L651,264743,UT,DS,2,0,0,594,594,20:52:45 09-May-2024,O3,B,38.7082,-126.1561,38.7082,-126.1561,8,,401677686,-135
L651,264743,UT,DS,1,0,1,,,05:00:00 10-May-2024,MC,B,38.7798,-126.1877,38.7798,-126.1877,8,,401677704,-119
L651,264743,UT,DS,1,0,0,,,05:00:00 10-May-2024,NP,B,38.7816,-126.1808,38.7816,-126.1808,,,401677700,-132
L651,264743,UT,DS,1,0,0,,,07:53:49 11-May-2024,NN,,,,,,,,401650000,-129
L651,264743,UT,DS,1,0,1,,,15:00:42 11-May-2024,SR,,,,,,,,401650000,-140
L651,264743,UT,DS,1,0,0,,,13:37:15 12-May-2024,A1,,,,,,,,401650000,
L651,264743,UT,DS,1,0,1,,,14:22:54 12-May-2024,SR,,,,,,,,401650000,-137
L651,264743,UT,DS,1,0,0,,,16:59:05 12-May-2024,NP,,,,,,,,401650000,-134
L651,264743,UT,DS,1,0,1,,,16:59:05 12-May-2024,NK,,,,,,,,401650000,-135
L651,264743,UT,DS,1,0,1,,,12:49:33 14-May-2024,A1,,,,,,,,401650000,-139
L651,264743,UT,DS,1,0,1,,,19:33:06 14-May-2024,NN,,,,,,,,401650000,-133
L651,264743,UT,DS,1,0,1,,,02:22:18 15-May-2024,CS,,,,,,,,401650000,-136
L651,264743,UT,DS,1,0,1,,,03:14:43 15-May-2024,SR,,,,,,,,401650000,-126
L651,264743,UT,DS,1,0,0,,,19:31:46 15-May-2024,NN,,,,,,,,401650000,-137
L651,264743,UT,DS,2,0,0,44,44,00:04:24 16-May-2024,CS,B,40.4904,-128.2222,40.4904,-128.2222,,,401677966,-134
L651,264743,UT,DS,2,0,0,44,44,02:46:46 16-May-2024,SR,B,41.0975,-127.5546,41.0975,-127.5546,8,,401677676,-119
L651,264743,UT,DS,1,0,1,,,02:59:11 16-May-2024,NK,B,41.1134,-127.5900,41.1134,-127.5900,,,401677683,-140
L651,264743,UT,DS,1,0,1,,,02:59:11 16-May-2024,A1,B,41.1074,-127.5574,41.1074,-127.5574,6,,401677676,-118
L651,264743,UT,DS,3,0,1,238,44,04:38:44 16-May-2024,NK,A,41.2443,-127.7667,41.2443,-127.7667,8,,401677673,-128
L651,264743,UT,DS,1,0,0,,,04:31:11 16-May-2024,A1,B,41.3138,-127.4504,41.3138,-127.4504,5,,401677825,-133
L651,264743,UT,DS,1,0,0,,,05:13:29 16-May-2024,NN,B,41.3181,-127.7187,41.3181,-127.7187,8,,401677662,-127
L651,264743,UT,DS,1,0,1,,,05:22:30 16-May-2024,MB,B,41.3090,-127.7249,41.3090,-127.7249,6,,401677667,-128
L651,264743,UT,DS,2,0,0,44,44,05:32:18 16-May-2024,NP,B,41.1878,-127.7990,41.1878,-127.7990,6,,401677699,-124
L651,264743,UT,DS,3,0,0,288,45,06:12:34 16-May-2024,MC,A,41.2549,-127.8723,41.2549,-127.8723,8,,401677695,-131
L651,264743,UT,DS,1,0,0,,,06:49:59 16-May-2024,O3,B,41.3265,-127.8579,41.3265,-127.8579,8,,401677667,-130
L651,264743,UT,DS,1,0,0,,,06:49:59 16-May-2024,NN,B,41.3153,-127.8457,41.3153,-127.8457,,,401677632,-120
L651,264743,UT,DS,1,0,0,,,08:35:12 16-May-2024,NN,B,41.5212,-127.8146,41.5212,-127.8146,8,,401677597,-135
L651,264743,UT,DS,1,0,0,,,08:35:12 16-May-2024,O3,B,41.5211,-127.7992,41.5211,-127.7992,8,,401677639,-134
L651,264743,UT,DS,1,0,1,,,12:10:31 16-May-2024,CS,B,41.3299,-127.8227,41.3299,-127.8227,8,,401677673,-139
L651,264743,UT,DS,1,0,0,,,13:33:26 16-May-2024,A1,B,41.4130,-127.8075,41.4130,-127.8075,8,,401677659,-140
L651,264743,UT,DS,2,0,0,44,44,13:51:02 16-May-2024,CS,B,41.3839,-127.8490,41.3839,-127.8490,6,,401677678,-122
L651,264743,UT,DS,1,0,0,,,15:09:16 16-May-2024,NK,B,41.4776,-127.8482,41.4776,-127.8482,6,,401677733,-132
L651,264743,UT,DS,1,0,0,,,15:09:16 16-May-2024,A1,B,41.4181,-127.8547,41.4181,-127.8547,,,401677699,-139
L651,264743,UT,DS,1,0,1,,,15:31:57 16-May-2024,CS,B,41.4519,-127.8456,41.4519,-127.8456,6,,401677688,-134
L651,264743,UT,DS,2,0,0,44,44,15:41:47 16-May-2024,SR,B,41.4290,-127.8979,41.4290,-127.8979,6,,401677667,-132
L651,264743,UT,DS,2,0,0,410,410,16:47:43 16-May-2024,NK,B,41.4963,-127.8975,41.4963,-127.8975,6,,401677710,-131
L651,264743,UT,DS,1,0,0,,,16:54:34 16-May-2024,MC,B,41.4689,-127.8909,41.4689,-127.8909,6,,401677703,-129
L651,264743,UT,DS,2,0,0,44,44,17:56:14 16-May-2024,NP,B,41.5297,-127.8990,41.5297,-127.8990,6,,401677732,-121
L651,264743,UT,DS,2,0,0,44,44,18:33:37 16-May-2024,MC,B,41.5082,-127.9535,41.5082,-127.9535,8,,401677684,-115
L651,264743,UT,DS,2,0,0,45,45,19:09:39 16-May-2024,NN,B,41.5305,-127.9672,,,8,,401677668,-128
L651,264743,UT,DS,1,0,0,,,19:21:59 16-May-2024,MB,B,41.5009,-127.9572,41.5009,-127.9572,6,,401677661,-134
L651,264743,UT,DS,2,0,0,44,44,19:33:47 16-May-2024,NP,B,41.5115,-127.9536,41.5115,-127.9536,6,,401677664,-130
L651,264743,UT,DS,2,0,0,44,44,20:18:08 16-May-2024,MC,B,41.5489,-127.8967,41.5489,-127.8967,7,,401677678,-131
L651,264743,UT,DS,1,0,0,,,20:30:50 16-May-2024,O3,B,41.5545,-127.8955,41.5545,-127.8955,6,,401677665,-130
L651,264743,UT,DS,2,0,0,44,44,22:16:24 16-May-2024,O3,B,41.5643,-127.8933,41.5643,-127.8933,8,,401677656,-134
L651,264743,UT,DS,1,0,0,,,17:59:11 17-May-2024,NK,B,41.5485,-128.0229,41.5485,-128.0229,,,401677685,-133
L651,264743,UT,DS,1,0,0,,,06:32:38 18-May-2024,NN,B,41.9608,-127.9857,41.9608,-127.9857,,,401677694,-137
L651,264743,UT,DS,1,0,1,,,14:13:17 18-May-2024,CS,B,42.1389,-127.9722,42.1389,-127.9722,8,,401677688,-136
L651,264743,UT,DS,1,0,0,,,20:40:40 18-May-2024,O3,B,42.5484,-128.0679,42.5484,-128.0679,8,,401677679,-125
L651,264743,UT,DS,1,0,1,,,03:03:20 19-May-2024,CS,B,42.6582,-128.2611,42.6582,-128.2611,8,,401677621,-135
L651,264743,UT,DS,1,0,1,,,12:27:48 19-May-2024,SR,B,42.9217,-128.2980,42.9217,-128.2980,8,,401677608,-135
L651,264743,UT,DS,1,0,0,,,15:31:03 19-May-2024,A1,B,42.8505,-128.3833,42.8505,-128.3833,8,,401677630,-139
L651,264743,UT,DS,1,0,0,,,15:31:03 19-May-2024,NK,B,42.8010,-128.3756,42.8010,-128.3756,7,,401677669,-133
L651,264743,UT,DS,1,0,0,,,18:55:25 19-May-2024,NP,B,42.8011,-128.7304,42.8011,-128.7304,7,,401677702,-130
L651,264743,UT,DS,1,0,0,,,04:59:59 20-May-2024,MC,B,42.7543,-128.9894,42.7543,-128.9894,8,,401677687,-126
L651,264743,UT,DS,1,0,0,,,22:28:58 20-May-2024,O3,B,43.1556,-128.9447,43.1556,-128.9447,,,401677632,-130
L651,264743,UT,DS,1,0,0,,,07:31:50 21-May-2024,NN,B,43.1113,-127.8201,43.1113,-127.8201,8,,401677712,-133
L651,264743,UT,DS,1,0,1,,,18:30:35 21-May-2024,NP,B,43.2058,-128.2094,43.2058,-128.2094,8,,401677713,-132
L651,264743,UT,DS,1,0,1,,,18:30:35 21-May-2024,MC,B,43.5843,-128.5452,43.5843,-128.5452,,,401677706,-120
L651,264743,UT,DS,1,0,0,,,21:33:13 21-May-2024,NN,B,43.6164,-128.6354,43.6164,-128.6354,8,,401677671,-132
L651,264743,UT,DS,1,0,0,,,04:14:03 22-May-2024,MC,B,43.7838,-128.7754,43.7838,-128.7754,8,,401677708,-126
L651,264743,UT,DS,1,0,0,,,00:22:20 23-May-2024,CS,B,44.0835,-129.1359,44.0835,-129.1359,,,401677725,-131
L651,264743,UT,DS,2,0,0,44,44,01:57:50 23-May-2024,CS,B,44.1869,-129.3665,44.1869,-129.3665,8,,401677672,-122
L651,264743,UT,DS,1,0,0,,,03:15:21 23-May-2024,NK,B,44.2364,-129.4264,44.2364,-129.4264,8,,401677628,-129
L651,264743,UT,DS,1,0,0,,,04:02:55 23-May-2024,SR,B,44.2398,-129.5075,44.2398,-129.5075,6,,401677665,-124
L651,264743,UT,DS,1,0,0,,,04:49:31 23-May-2024,A1,B,44.2443,-129.5175,44.2443,-129.5175,8,,401677646,-138
L651,264743,UT,DS,2,0,1,44,44,05:00:01 23-May-2024,NK,B,44.2900,-129.5358,44.2900,-129.5358,6,,401677677,-137
L651,264743,UT,DS,1,0,0,,,05:27:45 23-May-2024,NN,B,44.2435,-129.5217,44.2435,-129.5217,8,,401677641,-130
L651,264743,UT,DS,1,0,0,,,05:46:08 23-May-2024,NP,B,44.2504,-129.5414,44.2504,-129.5414,6,,401677660,-130
L651,264743,UT,DS,1,0,0,,,06:20:45 23-May-2024,MB,B,44.2603,-129.5643,44.2603,-129.5643,8,,401677661,-136
L651,264743,UT,DS,1,0,0,,,06:32:14 23-May-2024,O3,B,44.2638,-129.5388,44.2638,-129.5388,6,,401677644,-137
L651,264743,UT,DS,2,0,1,585,585,07:09:45 23-May-2024,NN,B,44.2785,-129.4364,44.2785,-129.4364,5,,401677682,-132
L651,264743,UT,DS,2,0,1,44,44,07:18:53 23-May-2024,MC,B,44.3344,-129.4578,44.3344,-129.4578,6,,401677687,-130
L651,264743,UT,DS,1,0,1,,,08:05:35 23-May-2024,O3,B,44.3537,-129.4489,44.3537,-129.4489,8,,401677667,-136
L651,264743,UT,DS,1,0,0,,,09:49:41 23-May-2024,O3,B,44.4007,-129.4273,,,8,,401677673,-136
L651,264743,UT,DS,2,0,0,44,44,17:09:11 23-May-2024,NK,B,44.4349,-129.4139,44.4349,-129.4139,8,,401677662,-124
L651,264743,UT,DS,1,0,0,,,17:51:31 23-May-2024,MC,B,44.4722,-129.4216,44.4722,-129.4216,8,,401677690,-130
L651,264743,UT,DS,2,0,0,44,44,18:09:15 23-May-2024,NP,B,44.4665,-129.4330,44.4665,-129.4330,6,,401677664,-122
L651,264743,UT,DS,14,4,1,,,19:20:54 23-May-2024,NN,2,44.5169,-129.4828,44.5169,-129.4828,56,,401677707,-121
L651,264743,UT,DS,12,3,2,,,19:26:55 23-May-2024,MC,3,44.5144,-129.4577,44.5144,-129.4577,56,,401677710,-118
L651,264743,UT,DS,1,0,0,,,18:20:41 24-May-2024,NK,B,45.0886,-129.6171,45.0886,-129.6171,,,401677723,-131
L651,264743,UT,DS,1,0,1,,,22:30:18 24-May-2024,NN,B,45.1897,-129.6208,45.1897,-129.6208,8,,401677715,-137
L651,264743,UT,DS,1,0,1,,,17:56:52 25-May-2024,NK,B,45.5129,-129.6527,45.5129,-129.6527,,,401677703,-126
L651,264743,UT,DS,1,0,1,,,20:27:20 25-May-2024,MC,B,45.5652,-129.6343,45.5652,-129.6343,8,,401677695,-127
L651,264743,UT,DS,1,0,1,,,07:27:00 26-May-2024,O3,B,45.7954,-129.6694,45.7954,-129.6694,8,,401677676,-140
L651,264743,UT,DS,1,0,1,,,05:50:14 27-May-2024,MC,B,46.2399,-129.6883,46.2399,-129.6883,,,401677683,-134
L651,264743,UT,DS,1,0,1,,,04:37:46 28-May-2024,MB,B,46.4493,-129.7582,46.4493,-129.7582,,,401677707,-135
L651,264743,UT,DS,1,0,0,,,07:46:21 28-May-2024,NN,B,46.4786,-129.6045,46.4786,-129.6045,6,,401677824,-126
L651,264743,UT,DS,1,0,0,,,04:04:48 29-May-2024,NK,B,46.7671,-129.3631,46.7671,-129.3631,,,401677827,-137
L651,264743,UT,DS,1,0,1,,,19:44:21 29-May-2024,NN,B,47.1525,-129.0535,47.1525,-129.0535,,,401677719,-135
L651,264743,UT,DS,1,0,1,,,20:36:54 29-May-2024,O3,B,47.7186,-128.5822,47.7186,-128.5822,6,,401677746,-138
L651,264743,UT,DS,1,0,0,,,00:29:06 30-May-2024,CS,B,46.9926,-129.0044,,,8,,401677440,-128
L651,264743,UT,DS,1,0,1,,,01:54:06 30-May-2024,NK,B,47.0663,-128.7729,47.0663,-128.7729,4,,401677632,-131
L651,264743,UT,DS,1,0,0,,,03:34:27 30-May-2024,A1,B,47.1799,-128.3593,47.1799,-128.3593,8,,401677613,-142
L651,264743,UT,DS,1,0,0,,,03:43:16 30-May-2024,SR,B,47.1190,-128.0609,47.1190,-128.0609,6,,401677796,-133
L651,264743,UT,DS,1,0,0,,,04:19:47 30-May-2024,NP,B,47.0198,-127.9996,47.0198,-127.9996,8,,401677747,-136
L651,264743,UT,DS,2,0,1,44,44,04:50:51 30-May-2024,MC,B,46.8520,-127.4964,49.6567,-112.6588,,,401677708,-115
L651,264743,UT,DS,2,0,0,44,44,05:35:13 30-May-2024,MB,B,46.8581,-127.4951,46.8581,-127.4951,8,,401677693,-127
L651,264743,UT,DS,1,0,0,,,05:35:35 30-May-2024,NN,B,46.8577,-127.4987,46.8577,-127.4987,6,,401677679,-127
L651,264743,UT,DS,1,0,0,,,06:33:20 30-May-2024,MC,B,46.8635,-127.4942,46.8635,-127.4942,7,,401677693,-126
L651,264743,UT,DS,1,0,0,,,07:41:28 30-May-2024,O3,B,46.8703,-127.4865,46.8703,-127.4865,8,,401677672,-136
L651,264743,UT,DS,1,0,0,,,11:44:36 30-May-2024,SR,B,46.8689,-127.4392,46.8689,-127.4392,8,,401677655,-134
L651,264743,UT,DS,2,0,0,44,44,13:22:40 30-May-2024,SR,B,46.9168,-127.3974,46.9168,-127.3974,8,,401677638,-121
L651,264743,UT,DS,1,0,0,,,14:17:44 30-May-2024,A1,B,46.9272,-127.3172,46.9272,-127.3172,6,,401677688,-139
L651,264743,UT,DS,1,0,1,,,14:59:37 30-May-2024,SR,B,46.9366,-127.2946,46.9366,-127.2946,8,,401677690,-136
L651,264743,UT,DS,1,0,0,,,15:44:45 30-May-2024,NK,B,46.9471,-127.2706,46.9471,-127.2706,8,,401677688,-129
L651,264743,UT,DS,1,0,0,,,16:44:56 30-May-2024,NP,B,46.9615,-127.2314,46.9615,-127.2314,8,,401677678,-135
L651,264743,UT,DS,1,0,0,,,17:01:39 30-May-2024,MC,B,46.9641,-127.2017,46.9641,-127.2017,6,,401677698,-128
L651,264743,UT,DS,2,0,1,44,44,17:29:14 30-May-2024,NK,B,46.9987,-127.1402,46.9987,-127.1402,6,,401677705,-131
L651,264743,UT,DS,1,0,0,,,17:54:53 30-May-2024,NN,B,47.0064,-127.1255,47.0064,-127.1255,6,,401677702,-135
L651,264743,UT,DS,2,0,0,522,522,18:18:59 30-May-2024,NP,B,47.0069,-127.1152,47.0069,-127.1152,6,,401677697,-127
L651,264743,UT,DS,1,0,0,,,18:43:46 30-May-2024,MC,B,47.0437,-127.0862,47.0437,-127.0862,6,,401677723,-113
L651,264743,UT,DS,1,0,0,,,01:33:03 31-May-2024,NK,B,47.1012,-126.7487,47.1012,-126.7487,8,,401677694,-132
L651,264743,UT,DS,1,0,1,,,21:08:10 31-May-2024,NN,B,47.0335,-126.8330,47.0335,-126.8330,,,401677694,-135
L651,264743,UT,DS,1,0,1,,,03:34:28 01-Jun-2024,NN,B,47.2592,-125.5218,47.2592,-125.5218,8,,401677717,-137
L651,264743,UT,DS,1,0,1,,,05:54:49 01-Jun-2024,MC,B,47.1700,-125.7410,47.1700,-125.7410,8,,401677662,-127
L651,264743,UT,DS,1,0,1,,,13:27:52 01-Jun-2024,A1,B,47.1373,-125.7639,47.1373,-125.7639,8,,401677690,-137
L651,264743,UT,DS,1,0,0,,,16:34:26 01-Jun-2024,NK,B,47.2285,-125.6729,47.2285,-125.6729,8,,401677670,-123
L651,264743,UT,DS,1,0,1,,,02:23:11 02-Jun-2024,A1,B,47.4487,-125.3729,47.4487,-125.3729,8,,401677671,-138
L651,264743,UT,DS,1,0,0,,,05:26:15 02-Jun-2024,MC,B,47.5205,-125.3141,47.5205,-125.3141,7,,401677711,-127
L651,264743,UT,DS,1,0,0,,,05:26:15 02-Jun-2024,NP,B,47.5074,-125.3705,47.5074,-125.3705,,,401677720,-137
L651,264743,UT,DS,1,0,0,,,15:07:10 02-Jun-2024,SR,B,47.6267,-125.1965,47.6267,-125.1965,8,,401677708,-124
L651,264743,UT,DS,1,0,1,,,17:47:26 02-Jun-2024,NP,B,47.6914,-125.1143,47.6914,-125.1143,8,,401677692,-123
L651,264743,UT,DS,1,0,1,,,17:47:26 02-Jun-2024,MC,B,47.6876,-125.1260,47.6876,-125.1260,,,401677689,-127
L651,264743,UT,DS,1,0,1,,,17:47:26 02-Jun-2024,NK,B,47.6942,-125.1762,47.6942,-125.1762,,,401677696,-130
L651,264743,UT,DS,1,0,1,,,18:32:50 02-Jun-2024,MB,B,47.7210,-125.2240,,,8,,401677667,-127
L651,264743,UT,DS,1,0,1,,,21:02:06 02-Jun-2024,MC,B,47.7649,-125.2661,47.7649,-125.2661,8,,401677695,-129
L651,264743,UT,DS,1,0,1,,,20:33:38 03-Jun-2024,NN,B,48.2887,-125.3573,48.2887,-125.3573,,,401677703,-137
L651,264743,UT,DS,1,0,1,,,06:20:08 04-Jun-2024,NN,B,48.0885,-125.3943,48.0885,-125.3943,8,,401677667,-132
L651,264743,UT,DS,1,0,0,,,18:35:15 04-Jun-2024,NN,B,47.9776,-125.4028,47.9776,-125.4028,,,401677681,-130
L651,264743,UT,DS,1,0,1,,,21:42:56 05-Jun-2024,NN,,,,,,,,401650000,-137
L651,264743,UT,DS,1,0,0,,,21:53:03 05-Jun-2024,O3,,,,,,,,401650000,-128
L651,264743,UT,DS,1,0,0,,,01:36:17 06-Jun-2024,SR,,,,,,,,401650000,-136
L651,264743,UT,DS,1,0,0,,,02:19:52 06-Jun-2024,NK,,,,,,,,401650000,-137
L651,264743,UT,DS,1,0,0,,,02:19:52 06-Jun-2024,CS,,,,,,,,401650000,-133
L651,264743,UT,DS,2,0,0,44,44,02:20:13 06-Jun-2024,A1,B,47.6149,-125.9931,47.6149,-125.9931,,,401677778,-128
L651,264743,UT,DS,1,0,0,,,03:20:03 06-Jun-2024,SR,B,47.6033,-126.0148,47.6033,-126.0148,7,,401677802,-134
L651,264743,UT,DS,1,0,0,,,03:54:55 06-Jun-2024,A1,B,47.5914,-126.1409,47.5914,-126.1409,8,,401677693,-130
L651,264743,UT,DS,1,0,0,,,03:54:55 06-Jun-2024,NK,B,47.5835,-126.1277,47.5835,-126.1277,,,401677717,-122
L651,264743,UT,DS,1,0,0,,,04:41:17 06-Jun-2024,NP,B,47.5788,-126.1867,47.5788,-126.1867,8,,401677708,-127
L651,264743,UT,DS,1,0,0,,,04:50:09 06-Jun-2024,MB,B,47.5275,-126.0759,47.5275,-126.0759,6,,401677676,-133
L651,264743,UT,DS,1,0,0,,,04:59:41 06-Jun-2024,SR,B,47.5154,-126.0815,47.5154,-126.0815,6,,401677692,-138
L651,264743,UT,DS,3,0,0,242,44,05:46:50 06-Jun-2024,MC,A,47.5066,-126.2843,47.5066,-126.2843,8,,401677681,-117
L651,264743,UT,DS,1,0,0,,,06:18:28 06-Jun-2024,NP,B,47.4950,-126.3320,47.4950,-126.3320,8,,401677672,-133
L651,264743,UT,DS,1,0,0,,,14:18:29 06-Jun-2024,CS,B,47.3343,-127.0677,47.3343,-127.0677,8,,401677674,-129
L651,264743,UT,DS,2,0,1,44,44,14:32:36 06-Jun-2024,A1,B,47.3333,-126.3514,47.3333,-126.3514,6,,401677706,-128
L651,264743,UT,DS,1,0,1,,,14:46:54 06-Jun-2024,SR,B,47.3284,-126.3708,47.3284,-126.3708,6,,401677702,-138
L651,264743,UT,DS,1,0,1,,,00:05:55 07-Jun-2024,CS,B,47.3326,-126.3246,47.3326,-126.3246,8,,401677688,-136
L651,264743,UT,DS,1,0,0,,,19:20:17 07-Jun-2024,MC,B,47.0997,-126.9445,47.0997,-126.9445,,,401677623,-125
L651,264743,UT,DS,1,0,1,,,02:17:52 08-Jun-2024,SR,B,47.3683,-126.2594,47.3683,-126.2594,8,,401677643,-124
L651,264743,UT,DS,1,0,0,,,11:59:32 08-Jun-2024,SR,B,47.1797,-126.4444,47.1797,-126.4444,8,,401677487,-133
L651,264743,UT,DS,1,0,0,,,00:18:56 09-Jun-2024,CS,B,47.1019,-126.2787,47.1019,-126.2787,,,401677467,-123
L651,264743,UT,DS,1,0,1,,,03:28:41 09-Jun-2024,SR,B,46.9965,-126.0624,46.9965,-126.0624,6,,401677630,-134
L651,264743,UT,DS,1,0,1,,,04:11:57 09-Jun-2024,A1,Z,47.3793,-125.0762,47.3793,-125.0762,8,,401677618,-136
L651,264743,UT,DS,1,0,0,,,13:54:44 09-Jun-2024,CS,B,46.8512,-126.0733,46.8512,-126.0733,8,,401677667,-133
L651,264743,UT,DS,1,0,0,,,02:54:53 10-Jun-2024,SR,B,47.3095,-125.6918,47.3095,-125.6918,,,401677449,-118
L651,264743,UT,DS,1,0,1,,,02:54:53 10-Jun-2024,CS,B,47.4983,-126.1855,47.4983,-126.1855,,,401677674,-136
L651,264743,UT,DS,1,0,1,,,17:51:08 11-Jun-2024,MC,,,,,,,,401650000,-135
L651,264743,UT,DS,1,0,1,,,04:46:50 12-Jun-2024,NK,,,,,,,,401650000,-140
L651,264743,UT,DS,1,0,0,,,14:50:13 12-Jun-2024,SR,,,,,,,,401650000,-121
L651,264743,UT,DS,2,0,0,44,44,20:15:46 12-Jun-2024,NN,B,47.2796,-124.8597,47.2796,-124.8597,,,401677735,-121
L651,264743,UT,DS,1,0,0,,,21:20:30 12-Jun-2024,O3,B,47.2585,-124.8388,47.2585,-124.8388,8,,401677673,-138
L651,264743,UT,DS,1,0,0,,,23:07:00 12-Jun-2024,O3,B,47.2362,-124.8196,47.2362,-124.8196,8,,401677685,-135
L651,264743,UT,DS,2,0,0,45,45,23:13:36 12-Jun-2024,CS,B,47.2168,-124.9141,47.2168,-124.9141,6,,401677665,-137
L651,264743,UT,DS,2,0,0,44,44,00:49:27 13-Jun-2024,CS,B,47.1802,-124.8812,47.1802,-124.8812,8,,401677671,-125
L651,264743,UT,DS,2,0,0,44,44,02:33:52 13-Jun-2024,NK,B,47.1961,-124.8790,47.1961,-124.8790,,,401677662,-123
L651,264743,UT,DS,2,0,0,44,44,02:33:52 13-Jun-2024,A1,B,47.1968,-124.8766,47.1968,-124.8766,8,,401677669,-134
L651,264743,UT,DS,2,0,0,44,44,02:34:14 13-Jun-2024,CS,B,47.1934,-124.8858,47.1934,-124.8858,6,,401677657,-132
L651,264743,UT,DS,1,0,1,,,02:52:42 13-Jun-2024,SR,B,47.1959,-124.8873,47.1959,-124.8873,6,,401677677,-139
L651,264743,UT,DS,2,0,1,88,88,03:15:03 13-Jun-2024,NP,B,47.1575,-124.9193,47.1575,-124.9193,6,,401677686,-135
L651,264743,UT,DS,2,0,0,45,45,03:25:20 13-Jun-2024,MC,,,,,,,,401650000,
L651,264743,UT,DS,3,0,0,328,45,04:01:41 13-Jun-2024,MB,A,47.1814,-124.7837,47.1814,-124.7837,8,,401677693,-132
L651,264743,UT,DS,2,0,0,89,89,04:11:53 13-Jun-2024,A1,B,47.1520,-124.7710,47.1520,-124.7710,6,,401677658,-134
L651,264743,UT,DS,2,0,0,44,44,04:23:06 13-Jun-2024,NN,B,47.2259,-124.8963,47.2259,-124.8963,6,,401677655,-135
L651,264743,UT,DS,2,0,0,44,44,04:33:23 13-Jun-2024,SR,B,47.1619,-124.9213,47.1619,-124.9213,6,,401677678,-131
L651,264743,UT,DS,2,0,0,44,44,04:52:13 13-Jun-2024,NP,B,47.1905,-124.9519,47.1905,-124.9519,6,,401677668,-121
L651,264743,UT,DS,4,0,0,61,45,05:02:34 13-Jun-2024,MC,,,,,,,,401650000,
L651,264743,UT,DS,1,0,0,,,06:05:53 13-Jun-2024,NN,B,47.2075,-124.8604,47.2075,-124.8604,7,,401677686,-128
L651,264743,UT,DS,4,0,0,70,44,06:42:31 13-Jun-2024,MC,0,47.1478,-124.9500,47.1478,-124.9500,56,,401677707,-119
L651,264743,UT,DS,3,0,0,252,45,06:58:40 13-Jun-2024,O3,A,47.1733,-124.9490,47.1733,-124.9490,6,,401677692,-135
L651,264743,UT,DS,2,0,0,47,47,07:44:36 13-Jun-2024,NN,B,47.1489,-125.0042,47.1489,-125.0042,6,,401677717,-130
L651,264743,UT,DS,4,0,1,179,44,08:36:42 13-Jun-2024,O3,0,47.1338,-124.9890,47.1338,-124.9890,48,,401677699,-131
L651,264743,UT,DS,1,0,0,,,11:04:44 13-Jun-2024,SR,B,47.0732,-124.9902,47.0732,-124.9902,8,,401677679,-138
L651,264743,UT,DS,1,0,0,,,20:40:05 13-Jun-2024,O3,B,47.1278,-124.9802,47.1278,-124.9802,8,,401677673,-123
L651,264743,UT,DS,1,0,0,,,02:23:09 14-Jun-2024,SR,B,47.0218,-125.0219,47.0218,-125.0219,8,,401677664,-128
L651,264743,UT,DS,1,0,0,,,06:24:02 14-Jun-2024,MC,B,47.1123,-124.9814,47.1123,-124.9814,8,,401677674,-130
L651,264743,UT,DS,2,0,0,44,44,06:24:24 14-Jun-2024,NP,B,47.0614,-124.9295,47.0614,-124.9295,8,,401677687,-132
L651,264743,UT,DS,1,0,0,,,09:33:29 14-Jun-2024,O3,B,47.0395,-125.0172,47.0395,-125.0172,7,,401677735,-131
L651,264743,UT,DS,1,0,0,,,05:08:14 15-Jun-2024,MB,B,46.8604,-125.1265,46.8604,-125.1265,,,401677695,-124
L651,264743,UT,DS,1,0,1,,,05:08:14 15-Jun-2024,NK,B,46.9796,-124.9941,46.9796,-124.9941,,,401677681,-137
L651,264743,UT,DS,1,0,0,,,05:58:57 15-Jun-2024,MC,B,46.9355,-124.9834,46.9355,-124.9834,8,,401677685,-121
L651,264743,UT,DS,1,0,0,,,11:36:56 15-Jun-2024,SR,B,46.7962,-125.0283,46.7962,-125.0283,8,,401677710,-130
L651,264743,UT,DS,1,0,1,,,12:26:39 15-Jun-2024,A1,B,46.8095,-125.0052,46.8095,-125.0052,8,,401677696,-133
L651,264743,UT,DS,1,0,0,,,18:08:14 15-Jun-2024,MC,B,46.6437,-125.0321,46.6437,-125.0321,8,,401677695,-124
L651,264743,UT,DS,1,0,0,,,04:14:29 16-Jun-2024,NP,B,46.7401,-124.9613,46.7401,-124.9613,8,,401677704,-137
L651,264743,UT,DS,1,0,0,,,14:15:54 16-Jun-2024,CS,B,46.5950,-124.9429,46.5950,-124.9429,8,,401677661,-130
L651,264743,UT,DS,1,0,0,,,16:36:39 16-Jun-2024,NP,B,46.7299,-124.9397,46.7299,-124.9397,8,,401677666,-129
L651,264743,UT,DS,1,0,1,,,13:25:23 17-Jun-2024,CS,B,46.6160,-124.8135,46.6160,-124.8135,,,401677670,-132
L651,264743,UT,DS,1,0,0,,,17:29:02 17-Jun-2024,MC,B,46.6804,-124.8524,46.6804,-124.8524,8,,401677677,-131
L651,264743,UT,DS,1,0,0,,,00:49:38 18-Jun-2024,CS,B,46.6843,-124.8423,46.6843,-124.8423,8,,401677678,-128
L651,264743,UT,DS,1,0,0,,,06:39:31 18-Jun-2024,NN,B,46.6903,-124.8480,46.6903,-124.8480,8,,401677680,-125
L651,264743,UT,DS,1,0,0,,,17:13:31 18-Jun-2024,MC,B,46.6934,-124.8409,46.6934,-124.8409,8,,401677680,-122
L651,264743,UT,DS,1,0,0,,,20:16:12 18-Jun-2024,O3,B,46.6812,-124.8464,46.6812,-124.8464,8,,401677659,-130
L651,264743,UT,DS,1,0,0,,,03:25:38 19-Jun-2024,NK,B,46.6804,-124.7788,46.6804,-124.7788,8,,401677677,-131
L651,264743,UT,DS,1,0,0,,,13:59:32 19-Jun-2024,A1,B,46.6793,-124.7957,46.6793,-124.7957,8,,401677696,-135
L651,264743,UT,DS,1,0,1,,,17:06:08 19-Jun-2024,NK,B,46.6718,-124.7153,46.6718,-124.7153,8,,401677685,-137
L651,264743,UT,DS,1,0,0,,,19:22:00 19-Jun-2024,NP,B,46.7110,-124.7362,46.7110,-124.7362,8,,401677676,-131
L651,264743,UT,DS,1,0,1,,,19:22:00 19-Jun-2024,O3,B,46.7088,-124.7475,46.7088,-124.7475,,,401677674,-138
L651,264743,UT,DS,2,0,0,44,44,20:12:12 19-Jun-2024,MC,B,46.7072,-124.7599,46.7072,-124.7599,8,,401677681,-124
L651,264743,UT,DS,2,0,0,45,45,20:28:53 19-Jun-2024,NN,B,46.6795,-124.7219,46.6795,-124.7219,6,,401677668,-125
L651,264743,UT,DS,1,0,1,,,20:56:24 19-Jun-2024,NP,B,46.6846,-124.7243,46.6846,-124.7243,6,,401677676,-138
L651,264743,UT,DS,2,0,0,44,44,21:03:46 19-Jun-2024,O3,B,46.6806,-124.7202,46.6806,-124.7202,6,,401677670,-116
L651,264743,UT,DS,1,0,0,,,23:27:06 19-Jun-2024,CS,B,46.6929,-124.7323,46.6929,-124.7323,8,,401677689,-134
L651,264743,UT,DS,2,0,0,44,44,01:03:44 20-Jun-2024,CS,B,46.6970,-124.7571,46.6970,-124.7571,8,,401677670,-118
L651,264743,UT,DS,1,0,0,,,01:13:07 20-Jun-2024,NK,B,46.6979,-124.7568,46.6979,-124.7568,6,,401677671,-133
L651,264743,UT,DS,3,0,0,276,44,02:51:11 20-Jun-2024,A1,A,46.7177,-124.7794,46.7177,-124.7794,8,,401677672,-131
L651,264743,UT,DS,1,0,0,,,03:25:57 20-Jun-2024,NP,B,46.7038,-124.7705,46.7038,-124.7705,8,,401677668,-133
L651,264743,UT,DS,2,0,1,88,88,04:20:53 20-Jun-2024,SR,B,46.6853,-124.8155,46.6853,-124.8155,8,,401677672,-127
L651,264743,UT,DS,1,0,0,,,04:31:38 20-Jun-2024,NK,B,46.6836,-124.8174,46.6836,-124.8174,6,,401677671,-131
L651,264743,UT,DS,1,0,0,,,04:41:07 20-Jun-2024,NN,B,46.6830,-124.8185,46.6830,-124.8185,6,,401677672,-135
L651,264743,UT,DS,3,0,0,91,44,05:02:00 20-Jun-2024,MB,A,46.6698,-124.7899,46.6698,-124.7899,6,,401677670,-125
L651,264743,UT,DS,2,0,1,44,44,05:03:12 20-Jun-2024,O3,B,46.6554,-124.8558,46.6554,-124.8558,6,,401677674,-136
L651,264743,UT,DS,6,0,0,127,44,05:13:25 20-Jun-2024,NP,0,46.7119,-124.8035,46.7119,-124.8035,46,,401677675,-124
L651,264743,UT,DS,7,2,0,,,05:52:40 20-Jun-2024,MC,1,46.7116,-124.7933,46.7116,-124.7933,48,,401677679,-113
L651,264743,UT,DS,1,0,0,,,06:10:18 20-Jun-2024,NN,B,46.7116,-124.7933,46.7116,-124.7933,6,,401677678,-133
L651,264743,UT,DS,2,0,0,44,44,06:41:10 20-Jun-2024,O3,B,46.7041,-124.7765,46.7041,-124.7765,8,,401677679,-127
L651,264743,UT,DS,2,0,1,44,44,06:50:27 20-Jun-2024,NP,B,46.7075,-124.8114,46.7075,-124.8114,6,,401677661,-136
L651,264743,UT,DS,2,0,0,89,89,08:00:10 20-Jun-2024,NN,B,46.6641,-124.7432,46.6641,-124.7432,8,,401677667,-132
L651,264743,UT,DS,3,0,1,267,45,08:11:34 20-Jun-2024,O3,A,46.6622,-124.7911,46.6622,-124.7911,6,,401677675,-125
L651,264743,UT,DS,1,0,0,,,13:00:45 20-Jun-2024,CS,B,46.6300,-124.6487,46.6300,-124.6487,8,,401677677,-134
L651,264743,UT,DS,1,0,1,,,17:22:21 20-Jun-2024,NP,B,46.6355,-124.6730,46.6355,-124.6730,8,,401677680,-131
L651,264743,UT,DS,1,0,1,,,05:39:32 21-Jun-2024,MC,B,46.5383,-124.2561,46.5383,-124.2561,,,401677650,-127
L651,264743,UT,DS,1,0,1,,,15:40:18 21-Jun-2024,CS,B,46.5773,-124.6414,46.5773,-124.6414,8,,401677689,-133
L651,264743,UT,DS,1,0,1,,,18:54:16 21-Jun-2024,NP,B,46.5339,-124.5891,46.5339,-124.5891,8,,401677689,-126
L651,264743,UT,DS,1,0,0,,,01:33:40 22-Jun-2024,SR,B,46.5052,-124.5489,46.5052,-124.5489,8,,401677674,-130
L651,264743,UT,DS,1,0,0,,,15:29:26 23-Jun-2024,NK,,,,,,,,401650000,-126
L651,264743,UT,DS,1,0,0,,,18:47:09 23-Jun-2024,MC,,,,,,,,401650000,-117
L651,264743,UT,DS,1,0,1,,,06:13:27 25-Jun-2024,O3,,,,,,,,401650000,-136
L651,264743,UT,DS,1,0,0,,,06:56:27 25-Jun-2024,NN,,,,,,,,401650000,-130
L651,264743,UT,DS,1,0,1,,,13:06:56 25-Jun-2024,SR,,,,,,,,401650000,-138
L651,264743,UT,DS,1,0,1,,,02:46:09 26-Jun-2024,SR,,,,,,,,401650000,-131
L651,264743,UT,DS,1,0,1,,,07:12:47 26-Jun-2024,NP,,,,,,,,401650000,-138
L651,264743,UT,DS,1,0,0,,,07:12:47 26-Jun-2024,MC,,,,,,,,401650000,-122
L651,264743,UT,DS,1,0,0,,,18:34:24 26-Jun-2024,MB,,,,,,,,401650000,-125
L651,264743,UT,DS,2,0,0,44,44,19:02:30 26-Jun-2024,NN,B,46.4732,-124.5203,46.4732,-124.5203,,,401677676,-120
L651,264743,UT,DS,1,0,0,,,19:02:52 26-Jun-2024,O3,B,46.4730,-124.5153,46.4730,-124.5153,6,,401677677,-135
L651,264743,UT,DS,2,0,0,45,45,19:23:09 26-Jun-2024,MC,B,46.4730,-124.5901,46.4730,-124.5901,6,,401677660,-126
L651,264743,UT,DS,3,0,0,44,44,20:43:05 26-Jun-2024,NN,A,46.5070,-124.5326,46.5070,-124.5326,6,,401677692,-126
L651,264743,UT,DS,3,0,0,44,44,20:43:05 26-Jun-2024,O3,A,46.4750,-124.4837,46.4750,-124.4837,,,401677683,-117
L651,264743,UT,DS,1,0,0,,,21:03:17 26-Jun-2024,MC,B,46.5069,-124.5225,46.5069,-124.5225,6,,401677685,-131
L651,264743,UT,DS,2,0,0,44,44,22:16:39 26-Jun-2024,O3,B,46.4431,-124.5278,46.4431,-124.5278,8,,401677671,-128
L651,264743,UT,DS,2,0,0,470,470,23:31:35 26-Jun-2024,CS,B,46.4400,-124.4497,46.4400,-124.4497,7,,401677690,-133
L651,264743,UT,DS,1,0,0,,,01:18:23 27-Jun-2024,CS,B,46.4259,-124.4053,46.4259,-124.4053,8,,401677674,-128
L651,264743,UT,DS,1,0,0,,,01:33:05 27-Jun-2024,NK,B,46.4596,-124.4683,46.4596,-124.4683,6,,401677691,-135
L651,264743,UT,DS,1,0,1,,,01:34:33 27-Jun-2024,A1,B,46.4763,-124.4793,46.4763,-124.4793,6,,401677673,-140
L651,264743,UT,DS,1,0,1,,,02:20:17 27-Jun-2024,SR,B,46.4773,-124.4822,46.4773,-124.4822,8,,401677679,-125
L651,264743,UT,DS,1,0,0,,,02:56:06 27-Jun-2024,CS,B,46.4603,-124.4361,46.4603,-124.4361,8,,401677678,-137
L651,264743,UT,DS,3,0,0,224,44,03:07:08 27-Jun-2024,A1,A,46.4025,-124.4418,46.4025,-124.4418,6,,401677676,-125
L651,264743,UT,DS,3,0,0,236,44,03:11:52 27-Jun-2024,NK,A,46.4931,-124.4860,46.4931,-124.4860,6,,401677677,-122
L651,264743,UT,DS,1,0,0,,,04:41:04 27-Jun-2024,A1,B,46.4782,-124.4504,46.4782,-124.4504,8,,401677691,-137
L651,264743,UT,DS,1,0,1,,,04:48:36 27-Jun-2024,NN,B,46.4801,-124.4656,46.4801,-124.4656,6,,401677686,-132
L651,264743,UT,DS,1,0,0,,,04:58:36 27-Jun-2024,NK,B,46.4807,-124.4713,46.4807,-124.4713,6,,401677681,-133
L651,264743,UT,DS,2,0,0,45,45,05:15:20 27-Jun-2024,MC,B,46.5151,-124.5235,46.5151,-124.5235,6,,401677682,-129
L651,264743,UT,DS,2,0,1,588,588,05:24:46 27-Jun-2024,NP,B,46.4992,-124.5702,46.4992,-124.5702,6,,401677684,-135
L651,264743,UT,DS,1,0,0,,,06:13:32 27-Jun-2024,O3,B,46.5021,-124.5743,46.5021,-124.5743,7,,401677695,-132
L651,264743,UT,DS,1,0,0,,,06:29:41 27-Jun-2024,NN,B,46.4801,-124.5290,46.4801,-124.5290,6,,401677684,-123
L651,264743,UT,DS,1,0,0,,,06:49:19 27-Jun-2024,MC,B,46.4779,-124.5224,46.4779,-124.5224,6,,401677684,-133
L651,264743,UT,DS,1,0,0,,,07:57:43 27-Jun-2024,O3,B,46.4721,-124.4937,46.4721,-124.4937,8,,401677688,-126
L651,264743,UT,DS,1,0,1,,,08:14:01 27-Jun-2024,NN,B,46.4757,-124.5084,46.4757,-124.5084,6,,401677688,-135
L651,264743,UT,DS,2,0,0,44,44,09:30:47 27-Jun-2024,O3,B,46.4750,-124.4585,46.4750,-124.4585,8,,401677683,-130
L651,264743,UT,DS,1,0,0,,,19:07:54 27-Jun-2024,MC,B,46.4833,-124.2208,46.4833,-124.2208,8,,401677660,-126
L651,264743,UT,DS,1,0,0,,,21:32:07 27-Jun-2024,O3,B,46.4814,-124.4565,46.4814,-124.4565,8,,401677681,-129
L651,264743,UT,DS,1,0,1,,,04:54:43 28-Jun-2024,MC,B,46.4633,-124.4330,46.4633,-124.4330,8,,401677677,-129
L651,264743,UT,DS,1,0,1,,,01:26:32 29-Jun-2024,CS,B,46.4794,-124.4761,46.4794,-124.4761,,,401677680,-132
L651,264743,UT,DS,1,0,0,,,03:51:02 29-Jun-2024,A1,B,46.4918,-124.4291,46.4918,-124.4291,8,,401677681,-129
L651,264743,UT,DS,1,0,0,,,14:12:57 29-Jun-2024,SR,B,46.5859,-124.4372,46.5859,-124.4372,8,,401677689,-122
L651,264743,UT,DS,1,0,1,,,03:03:23 30-Jun-2024,NP,B,46.6073,-124.4030,46.6073,-124.4030,,,401677662,-135
L651,264743,UT,DS,1,0,0,,,22:29:08 30-Jun-2024,CS,B,46.5339,-124.4306,46.5339,-124.4306,,,401677641,-134
L651,264743,UT,DS,1,0,0,,,04:51:37 01-Jul-2024,NK,B,46.4506,-124.5758,46.4506,-124.5758,8,,401677633,-128
L651,264743,UT,DS,1,0,0,,,05:34:37 01-Jul-2024,NN,B,46.5273,-124.1895,46.5273,-124.1895,8,,401677683,-133
L651,264743,UT,DS,1,0,0,,,08:15:21 01-Jul-2024,O3,B,46.1149,-124.3985,46.1149,-124.3985,8,,401677678,-136
L651,264743,UT,DS,1,0,0,,,15:17:01 01-Jul-2024,A1,B,46.2107,-124.2114,46.2107,-124.2114,8,,401677685,-136
L651,264743,UT,DS,1,0,1,,,15:17:01 01-Jul-2024,NK,B,46.3484,-124.4371,46.3484,-124.4371,,,401677663,-137
L651,264743,UT,DS,1,0,0,,,18:31:14 01-Jul-2024,NP,B,46.3507,-124.4416,46.3507,-124.4416,8,,401677662,-120
L651,264743,UT,DS,1,0,1,,,21:48:40 01-Jul-2024,O3,B,46.0700,-123.9613,46.0700,-123.9613,8,,401677641,-122
L651,264743,UT,DS,1,0,0,,,04:25:57 02-Jul-2024,NK,B,46.3260,-124.3239,46.3260,-124.3239,8,,401677679,-129
L651,264743,UT,DS,1,0,0,,,04:25:57 02-Jul-2024,NP,B,46.3261,-124.3240,46.3261,-124.3240,,,401677679,-139
L651,264743,UT,DS,1,0,0,,,21:09:06 02-Jul-2024,NN,B,46.0358,-123.5264,46.0358,-123.5264,,,401677585,-133
L651,264743,UT,DS,1,0,0,,,21:09:06 02-Jul-2024,O3,B,46.2276,-124.0180,46.2276,-124.0180,,,401677663,-134
L651,264743,UT,DS,1,0,0,,,00:26:14 03-Jul-2024,CS,B,46.3384,-124.2245,46.3384,-124.2245,8,,401677687,-123
L651,264743,UT,DS,1,0,0,,,04:05:38 03-Jul-2024,SR,B,46.2380,-124.2224,46.2380,-124.2224,8,,401677718,-131
L651,264743,UT,DS,1,0,0,,,04:05:38 03-Jul-2024,NK,B,46.2257,-124.3306,46.2257,-124.3306,,,401677662,-133
L651,264743,UT,DS,1,0,1,,,04:48:38 03-Jul-2024,MC,B,46.2659,-124.4450,46.2659,-124.4450,6,,401677701,-115
L651,264743,UT,DS,2,0,0,44,44,17:46:55 03-Jul-2024,NK,B,46.3796,-124.7094,46.3796,-124.7094,,,401677625,-128
L651,264743,UT,DS,2,0,0,44,44,17:46:55 03-Jul-2024,MB,B,46.2826,-124.4848,46.2826,-124.4848,,,401677658,-125
L651,264743,UT,DS,2,0,0,44,44,18:06:22 03-Jul-2024,NP,B,46.2946,-124.4830,46.2946,-124.4830,6,,401677682,-124
L651,264743,UT,DS,3,0,0,258,44,18:36:14 03-Jul-2024,MC,A,46.2918,-124.5152,46.2918,-124.5152,6,,401677675,-121
L651,264743,UT,DS,3,0,0,206,44,19:07:02 03-Jul-2024,NN,A,46.2938,-124.5233,46.2938,-124.5233,8,,401677674,-123
L651,264743,UT,DS,4,0,0,180,44,19:42:50 03-Jul-2024,NP,1,46.2953,-124.5051,46.2953,-124.5051,58,,401677671,-131
L651,264743,UT,DS,3,0,0,220,45,20:15:41 03-Jul-2024,O3,A,46.3007,-124.5374,46.3007,-124.5374,8,,401677675,-128
L651,264743,UT,DS,2,0,0,45,45,20:22:39 03-Jul-2024,MC,B,46.3007,-124.4961,46.3007,-124.4961,6,,401677680,-123
L651,264743,UT,DS,2,0,0,44,44,20:52:40 03-Jul-2024,NN,B,46.2767,-124.4978,46.2767,-124.4978,8,,401677677,-124
L651,264743,UT,DS,3,0,0,234,44,21:51:46 03-Jul-2024,O3,A,46.3227,-124.4753,46.3227,-124.4753,8,,401677676,-133
L651,264743,UT,DS,2,0,0,91,91,23:44:39 03-Jul-2024,CS,B,46.3295,-124.5228,46.3295,-124.5228,8,,401677647,-125
L651,264743,UT,DS,4,0,1,190,44,01:21:30 04-Jul-2024,CS,0,46.2772,-124.5150,46.2772,-124.5150,47,,401677669,-128
L651,264743,UT,DS,2,0,0,44,44,01:52:43 04-Jul-2024,NK,B,46.2587,-124.4949,46.2587,-124.4949,8,,401677673,-131
L651,264743,UT,DS,2,0,0,454,454,01:56:30 04-Jul-2024,SR,B,46.2626,-124.5251,46.2626,-124.5251,6,,401677672,-130
L651,264743,UT,DS,2,0,0,45,45,03:26:29 04-Jul-2024,A1,B,46.2028,-124.4912,46.2028,-124.4912,8,,401677672,-133
L651,264743,UT,DS,2,0,1,45,45,03:34:44 04-Jul-2024,NK,B,46.2695,-124.5294,46.2695,-124.5294,8,,401677668,-121
L651,264743,UT,DS,1,0,1,,,03:35:06 04-Jul-2024,SR,B,46.2666,-124.5381,46.2666,-124.5381,6,,401677677,-121
L651,264743,UT,DS,1,0,0,,,03:58:31 04-Jul-2024,NP,B,46.2619,-124.5366,46.2619,-124.5366,6,,401677668,-126
L651,264743,UT,DS,2,0,0,45,45,04:26:24 04-Jul-2024,MC,B,46.2714,-124.4780,46.2714,-124.4780,6,,401677672,-116
L651,264743,UT,DS,1,0,0,,,04:55:06 04-Jul-2024,A1,B,46.2650,-124.4747,46.2650,-124.4747,6,,401677679,-140
L651,264743,UT,DS,11,2,1,,,04:56:35 04-Jul-2024,NN,0,46.2441,-124.5935,46.2441,-124.5935,46,,401677673,-133
L651,264743,UT,DS,3,0,0,93,88,05:10:01 04-Jul-2024,MB,A,46.2539,-124.5676,46.2539,-124.5676,6,,401677709,-129
L651,264743,UT,DS,2,0,0,44,44,05:11:11 04-Jul-2024,NK,B,46.2534,-124.5691,46.2534,-124.5691,6,,401677707,-135
L651,264743,UT,DS,3,0,0,44,44,05:11:33 04-Jul-2024,SR,A,46.2536,-124.5669,46.2536,-124.5669,6,,401677693,-131
L651,264743,UT,DS,6,0,0,128,44,05:33:04 04-Jul-2024,NP,0,46.2631,-124.5043,46.2631,-124.5043,46,,401677669,-126
L651,264743,UT,DS,2,0,0,44,44,05:57:33 04-Jul-2024,O3,B,46.2758,-124.5492,46.2758,-124.5492,6,,401677661,-134
L651,264743,UT,DS,3,0,0,227,44,06:05:21 04-Jul-2024,MC,A,46.2440,-124.5153,46.2440,-124.5153,6,,401677661,-119
L651,264743,UT,DS,2,0,0,45,45,06:43:56 04-Jul-2024,NN,B,46.2485,-124.5630,46.2485,-124.5630,8,,401677688,-121
L651,264743,UT,DS,2,0,0,44,44,07:29:33 04-Jul-2024,O3,B,46.2173,-124.6157,46.2173,-124.6157,7,,401677703,-128
L651,264743,UT,DS,1,0,0,,,16:14:40 04-Jul-2024,NP,B,46.1056,-125.1967,46.1056,-125.1967,8,,401677663,-133
L651,264743,UT,DS,1,0,0,,,20:05:32 04-Jul-2024,MC,B,46.0982,-125.0124,46.0982,-125.0124,8,,401677706,-130
L651,264743,UT,DS,1,0,0,,,08:29:11 05-Jul-2024,O3,B,46.1258,-124.9351,46.1258,-124.9351,,,401677715,-137
L651,264743,UT,DS,1,0,1,,,01:41:48 06-Jul-2024,CS,B,45.9028,-125.7547,45.9028,-125.7547,,,401677719,-132
L651,264743,UT,DS,1,0,0,,,04:11:56 06-Jul-2024,SR,B,45.9711,-124.6899,45.9711,-124.6899,8,,401677651,-134
L651,264743,UT,DS,1,0,0,,,11:39:50 07-Jul-2024,SR,,,,,,,,401650000,-135
L651,264743,UT,DS,1,0,1,,,03:12:52 08-Jul-2024,SR,,,,,,,,401650000,-139
L651,264743,UT,DS,1,0,0,,,13:58:31 08-Jul-2024,CS,,,,,,,,401650000,-140
L651,264743,UT,DS,1,0,1,,,13:58:31 08-Jul-2024,NK,,,,,,,,401650000,-137
L651,264743,UT,DS,1,0,0,,,20:15:28 08-Jul-2024,MC,,,,,,,,401650000,-129
L651,264743,UT,DS,1,0,1,,,07:21:37 09-Jul-2024,NN,,,,,,,,401650000,-128
L651,264743,UT,DS,1,0,0,,,16:50:56 09-Jul-2024,NK,,,,,,,,401650000,-132
L651,264743,UT,DS,1,0,0,,,16:50:56 09-Jul-2024,NP,,,,,,,,401650000,-129
L651,264743,UT,DS,1,0,0,,,05:27:22 10-Jul-2024,NN,,,,,,,,401650000,-133
L651,264743,UT,DS,3,0,0,239,45,16:25:43 10-Jul-2024,NK,A,45.7063,-124.4211,45.7063,-124.4211,,,401677672,-126
L651,264743,UT,DS,3,0,1,209,44,16:34:47 10-Jul-2024,NP,A,45.7058,-124.4118,45.7058,-124.4118,6,,401677671,-129
L651,264743,UT,DS,1,0,0,,,16:57:50 10-Jul-2024,MB,B,45.7061,-124.4132,45.7061,-124.4132,6,,401677673,-129
L651,264743,UT,DS,2,0,1,45,45,18:10:55 10-Jul-2024,NK,B,45.7037,-124.4268,45.7037,-124.4268,8,,401677678,-133
L651,264743,UT,DS,3,0,0,44,44,18:21:15 10-Jul-2024,NP,A,45.7332,-124.4237,45.7332,-124.4237,6,,401677699,-124
L651,264743,UT,DS,2,0,0,44,44,18:43:05 10-Jul-2024,MB,B,45.7316,-124.3951,45.7316,-124.3951,6,,401677703,-128
L651,264743,UT,DS,8,1,0,,,19:25:04 10-Jul-2024,NN,0,45.7667,-124.6522,45.7667,-124.6522,48,,401677691,-123
L651,264743,UT,DS,2,0,0,44,44,19:37:08 10-Jul-2024,MC,B,45.7611,-124.5356,45.7611,-124.5356,6,,401677674,-116
L651,264743,UT,DS,3,0,1,245,44,19:56:30 10-Jul-2024,O3,A,45.7478,-124.4164,45.7478,-124.4164,6,,401677680,-133
L651,264743,UT,DS,3,0,0,44,44,20:00:36 10-Jul-2024,NP,A,45.6936,-124.4142,45.6936,-124.4142,6,,401677638,-129
L651,264743,UT,DS,2,0,0,44,44,21:04:58 10-Jul-2024,NN,B,45.6998,-124.5175,45.6998,-124.5175,8,,401677631,-127
L651,264743,UT,DS,2,0,0,44,44,21:29:32 10-Jul-2024,O3,B,45.7033,-124.4892,45.7033,-124.4892,6,,401677663,-135
L651,264743,UT,DS,2,0,1,44,44,23:14:08 10-Jul-2024,O3,B,45.7572,-124.3020,45.7572,-124.3020,7,,401677696,-134
L651,264743,UT,DS,1,0,0,,,01:34:52 11-Jul-2024,SR,B,45.7763,-124.3463,45.7763,-124.3463,8,,401677713,-131
L651,264743,UT,DS,2,0,0,44,44,02:01:33 11-Jul-2024,A1,B,45.7499,-124.3688,45.7499,-124.3688,6,,401677684,-127
L651,264743,UT,DS,1,0,0,,,02:10:43 11-Jul-2024,NK,B,45.7457,-124.3442,45.7457,-124.3442,8,,401677672,-124
L651,264743,UT,DS,2,0,0,45,45,02:28:29 11-Jul-2024,NP,B,45.7410,-124.3231,45.7410,-124.3231,6,,401677690,-136
L651,264743,UT,DS,1,0,0,,,03:16:08 11-Jul-2024,SR,B,45.7478,-124.3360,45.7478,-124.3360,8,,401677679,-120
L651,264743,UT,DS,3,0,0,44,44,03:35:57 11-Jul-2024,A1,A,45.7565,-124.3739,45.7565,-124.3739,6,,401677696,-121
L651,264743,UT,DS,1,0,0,,,03:36:41 11-Jul-2024,NN,B,45.7492,-124.3917,45.7492,-124.3917,,,401677687,-135
L651,264743,UT,DS,3,0,0,289,45,03:36:41 11-Jul-2024,MC,A,45.7493,-124.3913,45.7493,-124.3913,6,,401677679,-129
L651,264743,UT,DS,1,0,0,,,04:14:11 11-Jul-2024,NP,B,45.7503,-124.4019,45.7503,-124.4019,8,,401677674,-136
L651,264743,UT,DS,1,0,0,,,04:23:13 11-Jul-2024,MB,B,45.7499,-124.3976,45.7499,-124.3976,6,,401677675,-126
L651,264743,UT,DS,2,0,1,44,44,04:52:24 11-Jul-2024,SR,B,45.7714,-124.4640,45.7714,-124.4640,6,,401677680,-132
L651,264743,UT,DS,2,0,0,44,44,05:13:00 11-Jul-2024,NN,B,45.7071,-124.3807,45.7071,-124.3807,6,,401677701,-128
L651,264743,UT,DS,2,0,0,44,44,05:20:48 11-Jul-2024,MC,B,45.7257,-124.3683,45.7257,-124.3683,6,,401677710,-116
L651,264743,UT,DS,2,0,0,88,88,05:30:27 11-Jul-2024,O3,B,45.7256,-124.3583,45.7256,-124.3583,6,,401677690,-131
L651,264743,UT,DS,1,0,0,,,04:08:45 12-Jul-2024,MB,B,45.7680,-124.4389,45.7680,-124.4389,,,401677700,-130
L651,264743,UT,DS,1,0,0,,,06:41:40 12-Jul-2024,NN,B,45.6528,-124.6837,45.6528,-124.6837,8,,401677666,-121
L651,264743,UT,DS,1,0,0,,,06:41:40 12-Jul-2024,MC,B,45.6646,-124.5805,45.6646,-124.5805,,,401677691,-127
L651,264743,UT,DS,1,0,0,,,17:16:19 12-Jul-2024,NK,B,45.7224,-124.4717,45.7224,-124.4717,8,,401677658,-126
L651,264743,UT,DS,1,0,1,,,17:16:19 12-Jul-2024,MC,B,45.7014,-124.4481,45.7014,-124.4481,,,401677668,-122
L651,264743,UT,DS,1,0,0,,,02:45:54 13-Jul-2024,A1,B,45.7497,-124.5389,45.7497,-124.5389,8,,401677632,-123
L651,264743,UT,DS,1,0,1,,,06:26:42 13-Jul-2024,NN,B,45.7575,-124.7082,45.7575,-124.7082,8,,401677664,-137
L651,264743,UT,DS,1,0,0,,,13:58:13 13-Jul-2024,CS,,,,,,,,401650000,
L651,264743,UT,DS,1,0,0,,,02:20:01 14-Jul-2024,A1,B,45.7631,-124.8057,45.7631,-124.8057,,,401677685,-136
L651,264743,UT,DS,1,0,0,,,16:34:20 14-Jul-2024,MC,B,45.9206,-124.4611,45.9206,-124.4611,,,401677643,-120
L651,264743,UT,DS,2,0,0,45,45,09:05:51 15-Jul-2024,O3,B,46.0639,-124.4637,46.0639,-124.4637,,,401677684,-134
L651,264743,UT,DS,1,0,0,,,19:00:09 15-Jul-2024,NP,B,46.0231,-124.5981,46.0231,-124.5981,8,,401677713,-130
L651,264743,UT,DS,1,0,0,,,01:33:45 16-Jul-2024,A1,B,46.0440,-124.7153,46.0440,-124.7153,8,,401677729,-139
L651,264743,UT,DS,1,0,0,,,04:53:10 16-Jul-2024,NP,B,45.9792,-124.6375,45.9792,-124.6375,8,,401677694,-126
L651,264743,UT,DS,1,0,0,,,08:13:25 16-Jul-2024,O3,B,45.9413,-124.5339,45.9413,-124.5339,8,,401677684,-132
L651,264743,UT,DS,1,0,0,,,15:09:04 16-Jul-2024,CS,B,45.8669,-124.5729,45.8669,-124.5729,8,,401677693,-136
L651,264743,UT,DS,1,0,0,,,04:14:52 17-Jul-2024,A1,B,45.8197,-124.5863,45.8197,-124.5863,,,401677686,-127
L651,264743,UT,DS,1,0,0,,,07:36:12 17-Jul-2024,O3,B,45.7868,-124.5863,45.7868,-124.5863,8,,401677673,-128
L651,264743,UT,DS,1,0,0,,,13:14:14 17-Jul-2024,A1,B,45.7515,-124.5618,45.7515,-124.5618,8,,401677678,-139
L651,264743,UT,DS,1,0,0,,,15:11:30 17-Jul-2024,NK,B,45.7619,-124.5662,,,8,,401677675,-137
L651,264743,UT,DS,2,0,0,44,44,16:07:31 17-Jul-2024,CS,B,45.8064,-124.6542,45.8064,-124.6542,8,,401677667,-134
L651,264743,UT,DS,2,0,0,44,44,16:48:21 17-Jul-2024,NK,B,45.8044,-124.6812,45.8044,-124.6812,8,,401677646,-125
L651,264743,UT,DS,3,0,0,237,46,16:48:44 17-Jul-2024,NP,A,45.7720,-124.5518,45.7720,-124.5518,7,,401677676,-126
L651,264743,UT,DS,1,0,0,,,17:14:05 17-Jul-2024,MC,,,,,,,,401650000,
L651,264743,UT,DS,1,0,0,,,17:58:38 17-Jul-2024,NN,B,45.7615,-124.5207,45.7615,-124.5207,8,,401677675,-127
L651,264743,UT,DS,2,0,0,44,44,17:59:01 17-Jul-2024,MB,B,45.7554,-124.5235,45.7554,-124.5235,6,,401677682,-125
L651,264743,UT,DS,1,0,0,,,18:27:40 17-Jul-2024,NK,B,45.7552,-124.5235,45.7552,-124.5235,6,,401677684,-133
L651,264743,UT,DS,3,0,0,44,44,18:37:47 17-Jul-2024,NP,A,45.7783,-124.6084,45.7783,-124.6084,8,,401677687,-119
L651,264743,UT,DS,3,0,0,277,44,18:47:43 17-Jul-2024,MC,,,,,,,,401650000,
L651,264743,UT,DS,5,0,1,77,44,19:37:12 17-Jul-2024,NN,0,45.7367,-124.5755,45.7367,-124.5755,48,,401677675,-119
L651,264743,UT,DS,2,0,0,133,133,19:36:20 17-Jul-2024,O3,B,45.8273,-124.6523,,,8,,401677694,-135
L651,264743,UT,DS,1,0,0,,,19:37:27 17-Jul-2024,MB,B,45.7367,-124.5759,45.7367,-124.5759,6,,401677661,-135
L651,264743,UT,DS,1,0,0,,,20:19:11 17-Jul-2024,NP,B,45.7561,-124.7108,45.7561,-124.7108,8,,401677667,-136
L651,264743,UT,DS,2,0,0,44,44,20:28:38 17-Jul-2024,MC,,,,,,,,401650000,
L651,264743,UT,DS,1,0,0,,,21:13:40 17-Jul-2024,O3,B,45.7558,-124.7439,45.7558,-124.7439,8,,401677661,-122
L651,264743,UT,DS,1,0,0,,,21:22:55 17-Jul-2024,NN,B,45.7567,-124.7333,45.7567,-124.7333,6,,401677663,-132
L651,264743,UT,DS,1,0,0,,,22:45:41 17-Jul-2024,O3,B,45.7507,-124.7563,45.7507,-124.7563,8,,401677649,-133
L651,264743,UT,DS,2,0,0,44,44,00:06:19 18-Jul-2024,CS,B,45.7735,-124.6428,45.7735,-124.6428,6,,401677703,-128
L651,264743,UT,DS,2,0,0,44,44,01:09:50 18-Jul-2024,SR,B,45.7730,-124.6522,45.7730,-124.6522,8,,401677667,-127
L651,264743,UT,DS,4,0,0,190,44,01:41:47 18-Jul-2024,CS,0,45.8030,-124.5648,45.8030,-124.5648,46,,401677682,-130
L651,264743,UT,DS,2,0,1,44,44,02:33:16 18-Jul-2024,NK,B,45.8460,-124.5229,45.8460,-124.5229,7,,401677696,-124
L651,264743,UT,DS,1,0,0,,,02:58:42 18-Jul-2024,SR,B,45.8478,-124.5305,45.8478,-124.5305,6,,401677672,-135
L651,264743,UT,DS,2,0,0,44,44,02:58:43 18-Jul-2024,MC,,,,,,,,401650000,
L651,264743,UT,DS,2,0,0,44,44,03:39:30 18-Jul-2024,MB,B,45.8881,-124.4892,45.8881,-124.4892,6,,401677710,-131
L651,264743,UT,DS,2,0,0,445,445,03:48:59 18-Jul-2024,A1,B,45.8626,-124.6925,45.8626,-124.6925,6,,401677694,-139
L651,264743,UT,DS,3,0,0,255,44,04:17:33 18-Jul-2024,NK,A,45.8700,-124.5691,45.8700,-124.5691,6,,401677673,-128
L651,264743,UT,DS,2,0,0,44,44,04:25:18 18-Jul-2024,NP,B,45.8842,-124.6462,45.8842,-124.6462,6,,401677637,-127
L651,264743,UT,DS,2,0,0,44,44,04:32:39 18-Jul-2024,SR,B,45.8953,-124.5960,45.8953,-124.5960,6,,401677669,-126
L651,264743,UT,DS,5,0,1,57,44,04:38:53 18-Jul-2024,MC,,,,,,,,401650000,
L651,264743,UT,DS,1,0,0,,,05:22:09 18-Jul-2024,MB,B,45.9159,-124.5529,45.9159,-124.5529,8,,401677656,-127
L651,264743,UT,DS,2,0,1,44,44,06:02:14 18-Jul-2024,NP,B,45.9279,-124.5389,45.9279,-124.5389,6,,401677693,-127
L651,264743,UT,DS,1,0,0,,,06:11:38 18-Jul-2024,MC,,,,,,,,401650000,
L651,264743,UT,DS,1,0,0,,,16:25:47 18-Jul-2024,NK,B,45.8808,-124.5664,45.8808,-124.5664,8,,401677664,-123
L651,264743,UT,DS,1,0,0,,,20:26:10 18-Jul-2024,O3,B,45.9281,-124.5710,45.9281,-124.5710,8,,401677658,-124
L651,264743,UT,DS,1,0,0,,,02:11:52 19-Jul-2024,NK,B,45.9519,-124.5626,45.9519,-124.5626,8,,401677685,-129
L651,264743,UT,DS,1,0,0,,,05:20:11 19-Jul-2024,NN,B,45.9527,-124.5410,,,8,,401677666,-131
L651,264743,UT,DS,1,0,1,,,06:05:29 19-Jul-2024,O3,B,45.9481,-124.5386,45.9481,-124.5386,8,,401677662,-136
L651,264743,UT,DS,1,0,1,,,09:21:36 19-Jul-2024,O3,B,45.9562,-124.5047,45.9562,-124.5047,8,,401677664,-134
L651,264743,UT,DS,1,0,0,,,18:09:24 19-Jul-2024,MC,B,45.8976,-124.4250,45.8976,-124.4250,8,,401677687,-116
L651,264743,UT,DS,1,0,0,,,18:09:24 19-Jul-2024,NP,B,45.8958,-124.4653,45.8958,-124.4653,,,401677687,-125
L651,264743,UT,DS,1,0,0,,,06:54:48 20-Jul-2024,O3,B,45.8769,-124.3284,45.8769,-124.3284,,,401677685,-124
L651,264743,UT,DS,1,0,0,,,19:05:52 21-Jul-2024,MC,,,,,,,,401650000,-126
L651,264743,UT,DS,1,0,0,,,12:02:16 22-Jul-2024,SR,,,,,,,,401650000,-138
L651,264743,UT,DS,1,0,0,,,14:24:44 22-Jul-2024,CS,,,,,,,,401650000,-128
L651,264743,UT,DS,1,0,0,,,14:24:44 22-Jul-2024,A1,,,,,,,,401650000,-134
L651,264743,UT,DS,1,0,0,,,17:34:25 22-Jul-2024,NP,,,,,,,,401650000,-123
L651,264743,UT,DS,1,0,0,,,20:46:08 22-Jul-2024,O3,,,,,,,,401650000,-129
L651,264743,UT,DS,1,0,0,,,00:00:37 23-Jul-2024,CS,,,,,,,,401650000,-128
L651,264743,UT,DS,1,0,0,,,13:12:16 23-Jul-2024,SR,,,,,,,,401650000,-121
L651,264743,UT,DS,1,0,0,,,13:58:28 23-Jul-2024,A1,,,,,,,,401650000,-125
L651,264743,UT,DS,1,0,0,,,03:02:28 24-Jul-2024,SR,,,,,,,,401650000,-120
L651,264743,UT,DS,1,0,1,,,12:42:17 24-Jul-2024,SR,,,,,,,,401650000,-130
L651,264743,UT,DS,2,0,0,44,44,14:21:21 24-Jul-2024,SR,B,45.4749,-124.3537,45.4749,-124.3537,,,401677677,-122
L651,264743,UT,DS,3,0,0,267,44,14:38:45 24-Jul-2024,CS,A,45.4950,-124.2984,45.4950,-124.2984,6,,401677673,-132
L651,264743,UT,DS,4,0,0,187,44,15:36:05 24-Jul-2024,NK,0,45.4663,-124.3175,45.4663,-124.3175,48,,401677675,-124
L651,264743,UT,DS,2,0,0,133,133,16:18:45 24-Jul-2024,CS,B,45.4712,-124.2906,45.4712,-124.2906,5,,401677726,-135
L651,264743,UT,DS,6,0,0,44,44,16:27:56 24-Jul-2024,MC,0,45.4578,-124.3171,45.4578,-124.3171,56,,401677721,-124
L651,264743,UT,DS,10,0,1,68,44,17:08:03 24-Jul-2024,NK,3,45.4383,-124.3233,45.4383,-124.3233,58,,401677706,-127
L651,264743,UT,DS,12,4,0,,,17:08:18 24-Jul-2024,NP,3,45.4406,-124.3229,45.4406,-124.3229,56,,401677700,-131
L651,264743,UT,DS,3,0,0,66,44,17:11:15 24-Jul-2024,MB,A,45.4433,-124.3239,45.4433,-124.3239,6,,401677707,-131
L651,264743,UT,DS,12,3,0,,,18:04:44 24-Jul-2024,MC,2,45.4250,-124.3196,45.4250,-124.3196,58,,401677702,-117
L651,264743,UT,DS,10,2,0,,,18:09:52 24-Jul-2024,NN,2,45.4188,-124.3146,45.4188,-124.3146,56,,401677697,-125
L651,264743,UT,DS,2,0,0,45,45,04:05:04 26-Jul-2024,NK,B,45.4433,-124.4157,45.4433,-124.4157,,,401677702,-123
L651,264743,UT,DS,1,0,0,,,14:54:49 26-Jul-2024,SR,B,45.2892,-124.3772,45.2892,-124.3772,8,,401677708,-132
L651,264743,UT,DS,1,0,0,,,14:54:49 26-Jul-2024,CS,B,45.4255,-124.3872,45.4255,-124.3872,,,401677674,-129
L651,264743,UT,DS,1,0,0,,,17:21:10 26-Jul-2024,MC,B,45.4021,-124.4089,45.4021,-124.4089,8,,401677662,-130
L651,264743,UT,DS,1,0,1,,,03:14:34 27-Jul-2024,MC,B,45.4350,-124.4284,45.4350,-124.4284,8,,401677672,-130
L651,264743,UT,DS,1,0,1,,,03:14:34 27-Jul-2024,A1,B,45.3840,-124.4411,45.3840,-124.4411,,,401677677,-136
L651,264743,UT,DS,1,0,0,,,04:01:05 27-Jul-2024,MB,B,45.3722,-124.4417,45.3722,-124.4417,8,,401677675,-131
L651,264743,UT,DS,1,0,0,,,06:35:27 27-Jul-2024,O3,B,45.3435,-124.4469,45.3435,-124.4469,8,,401677678,-132
L651,264743,UT,DS,1,0,0,,,06:35:27 27-Jul-2024,MC,B,45.4023,-124.3854,45.4023,-124.3854,8,,401677689,-129
L651,264743,UT,DS,1,0,0,,,13:53:52 27-Jul-2024,A1,B,45.3353,-124.3949,45.3353,-124.3949,8,,401677674,-134
L651,264743,UT,DS,1,0,0,,,03:17:07 28-Jul-2024,NK,B,45.4637,-124.3701,45.4637,-124.3701,,,401677686,-126
L651,264743,UT,DS,1,0,0,,,19:02:58 28-Jul-2024,NN,B,45.5105,-124.3552,45.5105,-124.3552,,,401677678,-123
L651,264743,UT,DS,1,0,0,,,02:23:52 29-Jul-2024,A1,B,45.4663,-124.3422,45.4663,-124.3422,8,,401677675,-136
L651,264743,UT,DS,1,0,0,,,05:26:04 29-Jul-2024,NP,B,45.5068,-124.3720,45.5068,-124.3720,8,,401677691,-126
L651,264743,UT,DS,1,0,0,,,11:49:35 29-Jul-2024,SR,B,45.5025,-124.3923,45.5025,-124.3923,8,,401677696,-135
L651,264743,UT,DS,1,0,0,,,15:00:06 29-Jul-2024,NK,B,45.5289,-124.4215,45.5289,-124.4215,8,,401677685,-133
L651,264743,UT,DS,1,0,1,,,07:10:30 30-Jul-2024,MC,B,45.5295,-124.5026,45.5295,-124.5026,,,401677678,-125
L651,264743,UT,DS,1,0,0,,,13:58:31 30-Jul-2024,CS,B,45.5351,-124.4910,45.5351,-124.4910,8,,401677671,-132
L651,264743,UT,DS,1,0,0,,,03:08:42 31-Jul-2024,A1,B,45.5422,-124.5127,45.5422,-124.5127,,,401677676,-136
L651,264743,UT,DS,1,0,0,,,13:07:50 31-Jul-2024,CS,B,45.5502,-124.5428,45.5502,-124.5428,8,,401677673,-134
L651,264743,UT,DS,2,0,1,550,550,13:42:36 31-Jul-2024,A1,B,45.5719,-124.4286,45.5719,-124.4286,8,,401677663,-136
L651,264743,UT,DS,3,0,0,285,44,13:56:37 31-Jul-2024,SR,A,45.6327,-124.4178,45.6327,-124.4178,6,,401677663,-131
L651,264743,UT,DS,2,0,0,88,88,14:54:30 31-Jul-2024,CS,B,45.5808,-124.3775,45.5808,-124.3775,8,,401677666,-128
L651,264743,UT,DS,1,0,0,,,15:13:48 31-Jul-2024,A1,B,45.5821,-124.3808,45.5821,-124.3808,6,,401677672,-136
L651,264743,UT,DS,3,0,0,262,44,15:43:08 31-Jul-2024,NK,B,45.5806,-124.3907,45.6031,-124.4041,6,,401677672,-127
L651,264743,UT,DS,1,0,0,,,15:43:08 31-Jul-2024,SR,B,45.5787,-124.3938,45.5787,-124.3938,,,401677669,-138
L651,264743,UT,DS,2,0,1,483,483,17:20:03 31-Jul-2024,NP,B,45.5947,-124.3780,45.5947,-124.3780,8,,401677672,-131
L651,264743,UT,DS,2,0,1,483,483,17:24:05 31-Jul-2024,MC,B,45.5982,-124.3767,45.5982,-124.3767,6,,401677673,-129
L651,264743,UT,DS,1,0,0,,,17:28:51 31-Jul-2024,NK,B,45.6002,-124.3747,45.6002,-124.3747,6,,401677672,-135
L651,264743,UT,DS,3,0,0,44,44,18:14:32 31-Jul-2024,MB,A,45.6221,-124.3245,45.6221,-124.3245,8,,401677675,-129
L651,264743,UT,DS,2,0,0,44,44,18:23:17 31-Jul-2024,NN,B,45.6076,-124.3533,45.6076,-124.3533,6,,401677676,-128
L651,264743,UT,DS,4,0,1,210,44,18:58:48 31-Jul-2024,MC,0,45.6019,-124.4023,,,58,,401677676,-125
L651,264743,UT,DS,3,0,0,294,45,18:59:10 31-Jul-2024,NP,A,45.6015,-124.4022,45.6015,-124.4022,6,,401677677,-130
L651,264743,UT,DS,2,0,0,44,44,20:05:01 31-Jul-2024,NN,B,45.5988,-124.3857,45.5988,-124.3857,8,,401677684,-122
L651,264743,UT,DS,2,0,0,44,44,20:24:01 31-Jul-2024,O3,B,45.5944,-124.3801,45.5944,-124.3801,6,,401677669,-125
L651,264743,UT,DS,2,0,0,46,46,22:49:02 31-Jul-2024,CS,B,45.5995,-124.3821,45.5995,-124.3821,8,,401677679,-130
L651,264743,UT,DS,2,0,0,89,89,00:27:51 01-Aug-2024,CS,B,45.5717,-124.4018,45.5717,-124.4018,8,,401677696,-122
L651,264743,UT,DS,1,0,0,,,01:35:15 01-Aug-2024,NK,B,45.5709,-124.4010,45.5709,-124.4010,8,,401677677,-129
L651,264743,UT,DS,1,0,0,,,02:13:30 01-Aug-2024,SR,B,45.5739,-124.4000,45.5739,-124.4000,8,,401677669,-138
L651,264743,UT,DS,2,0,0,44,44,02:40:42 01-Aug-2024,A1,B,45.6166,-124.4140,45.6166,-124.4140,6,,401677671,-119
L651,264743,UT,DS,2,0,0,44,44,03:09:39 01-Aug-2024,MC,B,45.6684,-124.3968,45.6684,-124.3968,8,,401677667,-124
L651,264743,UT,DS,1,0,0,,,03:10:01 01-Aug-2024,NK,B,45.6039,-124.4157,45.6039,-124.4157,8,,401677639,-121
L651,264743,UT,DS,2,0,1,44,44,03:49:10 01-Aug-2024,SR,B,45.6170,-124.4609,45.6170,-124.4609,8,,401677690,-124
L651,264743,UT,DS,1,0,0,,,03:57:00 01-Aug-2024,MB,B,45.6437,-124.4297,45.6437,-124.4297,6,,401677667,-135
L651,264743,UT,DS,1,0,0,,,04:12:12 01-Aug-2024,NN,B,45.6442,-124.4312,45.6442,-124.4312,6,,401677664,-135
L651,264743,UT,DS,2,0,0,45,45,04:12:34 01-Aug-2024,A1,B,45.6375,-124.4333,45.6375,-124.4333,6,,401677677,-131
L651,264743,UT,DS,3,0,0,213,44,04:45:00 01-Aug-2024,MC,A,45.6043,-124.4087,45.6043,-124.4087,7,,401677687,-114
L651,264743,UT,DS,4,0,1,288,44,04:52:30 01-Aug-2024,NP,0,45.6046,-124.4507,45.6046,-124.4507,46,,401677685,-124
L651,264743,UT,DS,2,0,0,45,45,04:51:46 01-Aug-2024,NK,B,45.6037,-124.4085,45.6037,-124.4085,6,,401677690,-129
L651,264743,UT,DS,1,0,0,,,05:27:28 01-Aug-2024,MB,B,45.6054,-124.4144,45.6054,-124.4144,7,,401677697,-133
L651,264743,UT,DS,1,0,0,,,05:27:28 01-Aug-2024,SR,B,45.6047,-124.4151,45.6047,-124.4151,8,,401677696,-138
L651,264743,UT,DS,3,0,0,243,44,06:24:48 01-Aug-2024,MC,A,45.5534,-124.4326,45.5534,-124.4326,7,,401677712,-119
L651,264743,UT,DS,2,0,0,44,44,06:32:33 01-Aug-2024,NP,B,45.5540,-124.4186,45.5540,-124.4186,6,,401677742,-128
L651,264743,UT,DS,2,0,1,45,45,07:36:55 01-Aug-2024,NN,B,45.4994,-124.4882,45.4994,-124.4882,8,,401677675,-131
L651,264743,UT,DS,2,0,0,45,45,07:37:18 01-Aug-2024,O3,B,45.5875,-124.4025,45.5875,-124.4025,6,,401677696,-120
L651,264743,UT,DS,1,0,0,,,12:35:50 01-Aug-2024,CS,B,45.6794,-124.4308,45.6794,-124.4308,8,,401677709,-134
L651,264743,UT,DS,1,0,1,,,19:24:55 01-Aug-2024,MB,B,45.8180,-124.4363,45.8180,-124.4363,8,,401677701,-134
L651,264743,UT,DS,1,0,0,,,05:15:21 02-Aug-2024,O3,B,45.7060,-124.3633,45.7060,-124.3633,8,,401677668,-138
L651,264743,UT,DS,1,0,1,,,22:10:13 02-Aug-2024,O3,B,45.6230,-124.4169,45.6230,-124.4169,,,401677692,-135
L651,264743,UT,DS,1,0,0,,,02:16:56 03-Aug-2024,NK,B,45.5269,-124.3733,45.5269,-124.3733,8,,401677673,-127
L651,264743,UT,DS,1,0,0,,,14:29:54 03-Aug-2024,CS,B,45.5633,-124.4332,45.5633,-124.4332,,,401677651,-123
L651,264743,UT,DS,1,0,0,,,14:29:54 03-Aug-2024,NK,B,45.5532,-124.4311,45.5532,-124.4311,,,401677652,-131
L651,264743,UT,DS,1,0,1,,,18:44:42 03-Aug-2024,MB,B,45.5634,-124.4406,45.5634,-124.4406,8,,401677655,-133
L651,264743,UT,DS,1,0,1,,,21:12:17 03-Aug-2024,NN,B,45.5655,-124.4503,45.5655,-124.4503,8,,401677651,-137
L651,264743,UT,DS,1,0,0,,,03:50:14 04-Aug-2024,SR,B,45.5628,-124.4981,45.5628,-124.4981,8,,401677662,-129
L651,264743,UT,DS,1,0,0,,,03:50:14 04-Aug-2024,MC,B,45.5751,-124.4902,45.5751,-124.4902,,,401677671,-126
L651,264743,UT,DS,1,0,0,,,09:36:44 05-Aug-2024,O3,,,,,,,,401650000,-138
L651,264743,UT,DS,1,0,1,,,06:22:04 06-Aug-2024,MC,,,,,,,,401650000,-120
L651,264743,UT,DS,1,0,1,,,15:43:00 06-Aug-2024,CS,,,,,,,,401650000,-140
L651,264743,UT,DS,2,0,1,46,46,12:01:05 07-Aug-2024,SR,B,45.6900,-124.4633,45.6900,-124.4633,,,401650000,-132
L651,264743,UT,DS,2,0,0,44,44,13:18:46 07-Aug-2024,CS,B,45.6900,-124.4627,45.6900,-124.4627,8,,401677681,-130
L651,264743,UT,DS,2,0,0,44,44,13:41:04 07-Aug-2024,SR,B,45.6740,-124.4864,45.6740,-124.4864,6,,401677666,-119
L651,264743,UT,DS,2,0,0,44,44,13:52:29 07-Aug-2024,A1,B,45.6721,-124.4648,45.6721,-124.4648,6,,401677669,-120
L651,264743,UT,DS,1,0,0,,,15:16:55 07-Aug-2024,SR,B,45.6851,-124.4799,45.6851,-124.4799,8,,401677668,-134
L651,264743,UT,DS,1,0,0,,,15:28:51 07-Aug-2024,A1,B,45.6772,-124.4845,45.6772,-124.4845,6,,401677659,-138
L651,264743,UT,DS,2,0,0,44,44,16:04:17 07-Aug-2024,NK,B,45.6652,-124.4985,45.6652,-124.4985,6,,401677679,-126
L651,264743,UT,DS,2,0,0,44,44,16:37:18 07-Aug-2024,MC,B,45.6640,-124.5138,45.6640,-124.5138,7,,401677686,-124
L651,264743,UT,DS,1,0,0,,,17:24:06 07-Aug-2024,MB,B,45.6612,-124.5273,45.6612,-124.5273,8,,401677688,-131
L651,264743,UT,DS,2,0,0,44,44,17:34:56 07-Aug-2024,NP,B,45.6577,-124.5246,45.6577,-124.5246,6,,401677683,-121
L651,264743,UT,DS,1,0,0,,,17:47:45 07-Aug-2024,NK,B,45.6577,-124.5306,45.6577,-124.5306,6,,401677690,-133
L651,264743,UT,DS,5,0,1,181,44,18:31:22 07-Aug-2024,NN,0,45.5873,-124.5304,45.5873,-124.5304,48,,401677676,-128
L651,264743,UT,DS,3,0,0,320,45,19:14:07 07-Aug-2024,NP,A,45.6046,-124.5356,45.6046,-124.5356,8,,401677676,-130
L651,264743,UT,DS,2,0,0,45,45,19:55:38 07-Aug-2024,MC,B,45.6290,-124.5315,45.6290,-124.5315,8,,401677672,-126
L651,264743,UT,DS,2,0,0,44,44,20:06:57 07-Aug-2024,O3,B,45.6385,-124.5250,45.6385,-124.5250,6,,401677682,-125
L651,264743,UT,DS,3,0,0,44,44,20:17:49 07-Aug-2024,NN,A,45.6662,-124.5185,45.6662,-124.5185,6,,401677697,-122
L651,264743,UT,DS,2,0,0,44,44,21:44:22 07-Aug-2024,O3,B,45.6399,-124.5419,45.6399,-124.5419,8,,401677682,-133
L651,264743,UT,DS,1,0,0,,,21:56:16 07-Aug-2024,NN,B,45.6394,-124.5390,45.6394,-124.5390,6,,401677677,-133
L651,264743,UT,DS,1,0,0,,,23:03:58 07-Aug-2024,CS,B,45.6338,-124.5511,45.6338,-124.5511,8,,401677676,-131
L651,264743,UT,DS,1,0,1,,,00:43:33 08-Aug-2024,CS,B,45.6277,-124.5653,45.6277,-124.5653,8,,401677677,-137
L651,264743,UT,DS,2,0,0,44,44,01:54:02 08-Aug-2024,SR,B,45.5900,-124.6093,45.5900,-124.6093,6,,401677663,-130
L651,264743,UT,DS,1,0,0,,,01:53:40 08-Aug-2024,NK,B,45.6306,-124.5527,45.6306,-124.5527,8,,401677674,-128
L651,264743,UT,DS,1,0,0,,,02:17:42 08-Aug-2024,CS,B,45.6342,-124.5564,45.6342,-124.5564,8,,401677679,-134
L651,264743,UT,DS,1,0,0,,,03:09:13 08-Aug-2024,MB,B,45.6299,-124.5637,45.6299,-124.5637,8,,401677671,-134
L651,264743,UT,DS,1,0,0,,,03:32:24 08-Aug-2024,NK,B,45.6314,-124.5335,45.6314,-124.5335,6,,401677687,-122
L651,264743,UT,DS,2,0,0,44,44,03:32:46 08-Aug-2024,SR,B,45.6021,-124.5597,45.6021,-124.5597,6,,401677676,-131
L651,264743,UT,DS,2,0,0,44,44,04:24:12 08-Aug-2024,A1,B,45.6119,-124.5207,45.6119,-124.5207,8,,401677665,-131
L651,264743,UT,DS,4,0,0,214,44,04:45:59 08-Aug-2024,MB,0,45.6102,-124.5729,45.6102,-124.5729,46,,401677709,-127
L651,264743,UT,DS,2,0,0,582,582,05:03:33 08-Aug-2024,NP,B,45.6901,-124.6286,45.6901,-124.6286,6,,401677685,-124
L651,264743,UT,DS,2,0,0,44,44,05:12:54 08-Aug-2024,NK,B,45.6942,-124.6321,45.6942,-124.6321,6,,401677688,-133
L651,264743,UT,DS,1,0,0,,,05:40:29 08-Aug-2024,MC,B,45.6906,-124.6200,45.6906,-124.6200,6,,401677645,-118
L651,264743,UT,DS,1,0,0,,,05:41:13 08-Aug-2024,O3,B,45.6908,-124.6181,45.6908,-124.6181,6,,401677645,-136
L651,264743,UT,DS,1,0,0,,,06:00:17 08-Aug-2024,NN,B,45.6906,-124.6041,45.6906,-124.6041,6,,401677690,-135
L651,264743,UT,DS,2,0,0,44,44,06:50:34 08-Aug-2024,NP,B,45.7222,-124.6097,45.7222,-124.6097,8,,401677687,-131
L651,264743,UT,DS,2,0,0,45,45,07:15:35 08-Aug-2024,O3,B,45.6705,-124.4720,45.6705,-124.4720,6,,401677687,-126
L651,264743,UT,DS,2,0,0,44,44,07:46:29 08-Aug-2024,NN,B,45.6238,-124.5832,45.6238,-124.5832,6,,401677709,-128
L651,264743,UT,DS,1,0,0,,,09:00:03 08-Aug-2024,O3,B,45.6002,-124.6622,45.6002,-124.6622,8,,401677702,-131
L651,264743,UT,DS,1,0,1,,,18:40:12 08-Aug-2024,MB,B,45.6399,-124.5479,45.6399,-124.5479,8,,401677673,-128
L651,264743,UT,DS,1,0,1,,,11:59:07 09-Aug-2024,CS,B,45.6540,-124.4272,45.6540,-124.4272,,,401677695,-136
L651,264743,UT,DS,1,0,0,,,20:53:21 09-Aug-2024,MC,B,45.6562,-124.4236,45.6562,-124.4236,8,,401677694,-128
L651,264743,UT,DS,1,0,0,,,00:50:51 10-Aug-2024,CS,B,45.6012,-124.5541,45.6012,-124.5541,8,,401677676,-136
L651,264743,UT,DS,1,0,0,,,04:07:49 10-Aug-2024,SR,B,45.5648,-124.5900,45.5648,-124.5900,8,,401677681,-128
L651,264743,UT,DS,1,0,0,,,14:44:39 10-Aug-2024,CS,B,45.4570,-124.8178,45.4570,-124.8178,8,,401677675,-134
L651,264743,UT,DS,1,0,0,,,18:04:45 10-Aug-2024,NK,B,45.5421,-124.5826,45.5421,-124.5826,8,,401677664,-137
L651,264743,UT,DS,1,0,1,,,18:04:45 10-Aug-2024,NN,B,45.5478,-124.5762,45.5478,-124.5762,,,401677664,-140
L651,264743,UT,DS,1,0,0,,,18:55:30 10-Aug-2024,MC,B,45.5992,-124.5654,45.5992,-124.5654,8,,401677673,-119
L651,264743,UT,DS,1,0,0,,,21:21:02 10-Aug-2024,NN,B,45.6370,-124.5619,45.6370,-124.5619,8,,401677670,-137
L651,264743,UT,DS,1,0,0,,,13:19:46 12-Aug-2024,A1,,,,,,,,401650000,-136
L651,264743,UT,DS,1,0,0,,,13:19:46 12-Aug-2024,CS,,,,,,,,401650000,-132
L651,264743,UT,DS,1,0,0,,,14:27:57 13-Aug-2024,A1,,,,,,,,401650000,-128
L651,264743,UT,DS,1,0,0,,,15:10:58 13-Aug-2024,NK,,,,,,,,401650000,-133
L651,264743,UT,DS,2,0,1,45,45,13:14:27 14-Aug-2024,SR,B,45.7106,-124.5656,45.7106,-124.5656,,,401677667,-130
L651,264743,UT,DS,2,0,0,44,44,13:38:26 14-Aug-2024,CS,B,45.7138,-124.5013,45.7138,-124.5013,6,,401677673,-130
L651,264743,UT,DS,2,0,0,88,88,14:01:14 14-Aug-2024,A1,B,45.7533,-124.5546,45.7533,-124.5546,6,,401677671,-117
L651,264743,UT,DS,2,0,1,89,89,14:47:29 14-Aug-2024,NK,B,45.7612,-124.5559,45.7612,-124.5559,8,,401677673,-132
L651,264743,UT,DS,2,0,0,44,44,14:59:37 14-Aug-2024,SR,B,45.7656,-124.5946,45.7656,-124.5946,6,,401677661,-133
L651,264743,UT,DS,1,0,0,,,15:11:40 14-Aug-2024,CS,B,45.7620,-124.6006,45.7620,-124.6006,6,,401677669,-134
L651,264743,UT,DS,2,0,0,44,44,15:34:49 14-Aug-2024,A1,B,45.7659,-124.5911,45.7659,-124.5911,6,,401677656,-139
L651,264743,UT,DS,1,0,0,,,16:10:40 14-Aug-2024,NP,B,45.7628,-124.5819,45.7628,-124.5819,6,,401677678,-138
L651,264743,UT,DS,2,0,0,639,639,16:22:07 14-Aug-2024,NK,B,45.7600,-124.5847,45.7600,-124.5847,6,,401677672,-133
L651,264743,UT,DS,2,0,0,44,44,17:48:13 14-Aug-2024,NP,B,45.7532,-124.5755,45.7532,-124.5755,8,,401677671,-131
L651,264743,UT,DS,1,0,1,,,18:01:04 14-Aug-2024,NK,B,45.7516,-124.5871,45.7516,-124.5871,6,,401677680,-137
L651,264743,UT,DS,2,0,1,673,673,18:45:02 14-Aug-2024,NN,B,45.7551,-124.6196,45.7551,-124.6196,8,,401677674,-135
L651,264743,UT,DS,2,0,0,628,628,19:07:37 14-Aug-2024,MC,B,45.7514,-124.6152,45.7514,-124.6152,6,,401677674,-125
L651,264743,UT,DS,3,0,0,44,44,19:30:03 14-Aug-2024,NP,A,45.7109,-124.6117,45.7109,-124.6117,6,,401677667,-125
L651,264743,UT,DS,3,0,1,44,44,19:40:37 14-Aug-2024,O3,A,45.7256,-124.6093,45.7256,-124.6093,6,,401677666,-127
L651,264743,UT,DS,2,0,1,669,669,20:24:07 14-Aug-2024,NN,B,45.7308,-124.6204,45.7308,-124.6204,8,,401677674,-137
L651,264743,UT,DS,1,0,0,,,21:19:56 14-Aug-2024,O3,B,45.7398,-124.6282,45.7398,-124.6282,8,,401677670,-136
L651,264743,UT,DS,1,0,0,,,22:56:20 14-Aug-2024,O3,B,45.7483,-124.6422,45.7483,-124.6422,8,,401677676,-133
L651,264743,UT,DS,1,0,0,,,00:55:06 15-Aug-2024,CS,B,45.7560,-124.6550,45.7560,-124.6550,8,,401677678,-139
L651,264743,UT,DS,2,0,1,45,45,01:29:17 15-Aug-2024,SR,B,45.7559,-124.6492,45.7559,-124.6492,8,,401677668,-133
L651,264743,UT,DS,2,0,0,44,44,02:09:17 15-Aug-2024,NK,B,45.7355,-124.5605,45.7355,-124.5605,6,,401677698,-126
L651,264743,UT,DS,1,0,0,,,02:30:37 15-Aug-2024,CS,B,45.7382,-124.5670,45.7382,-124.5670,6,,401677672,-131
L651,264743,UT,DS,2,0,0,521,521,03:03:31 15-Aug-2024,SR,B,45.7363,-124.5102,45.7363,-124.5102,7,,401677678,-135
L651,264743,UT,DS,1,0,1,,,03:52:40 15-Aug-2024,NK,B,45.7290,-124.4678,45.7290,-124.4678,8,,401677658,-133
L651,264743,UT,DS,1,0,0,,,04:01:17 15-Aug-2024,MB,B,45.7291,-124.4581,45.7291,-124.4581,8,,401677667,-135
L651,264743,UT,DS,1,0,0,,,04:31:42 15-Aug-2024,A1,B,45.6916,-124.4462,45.6916,-124.4462,5,,401677713,-132
L651,264743,UT,DS,1,0,0,,,04:45:55 15-Aug-2024,SR,B,45.6964,-124.4304,45.6964,-124.4304,6,,401677707,-133
L651,264743,UT,DS,2,0,0,440,440,04:56:59 15-Aug-2024,MC,B,45.7379,-124.6048,45.7379,-124.6048,6,,401677689,-118
L651,264743,UT,DS,1,0,0,,,05:17:21 15-Aug-2024,O3,B,45.7311,-124.5871,45.7311,-124.5871,6,,401677682,-138
L651,264743,UT,DS,2,0,0,44,44,05:17:43 15-Aug-2024,NP,B,45.7024,-124.5918,45.7024,-124.5918,6,,401677687,-127
L651,264743,UT,DS,1,0,0,,,18:25:04 16-Aug-2024,NN,,,,,,,,401650000,-129
L651,264743,UT,DS,1,0,1,,,01:01:49 17-Aug-2024,CS,,,,,,,,401650000,-134
L651,264743,UT,DS,1,0,1,,,05:05:13 17-Aug-2024,MB,,,,,,,,401650000,-135
L651,264743,UT,DS,1,0,0,,,14:52:17 17-Aug-2024,CS,,,,,,,,401650000,-123
L651,264743,UT,DS,1,0,0,,,18:10:41 17-Aug-2024,MC,,,,,,,,401650000,-113
L651,264743,UT,DS,1,0,0,,,21:35:26 17-Aug-2024,NN,,,,,,,,401650000,-133
L651,264743,UT,DS,2,0,2,44,44,07:26:03 18-Aug-2024,NN,B,45.8692,-124.6095,45.8692,-124.6095,,,401677670,-130
L651,264743,UT,DS,1,0,0,,,15:57:59 19-Aug-2024,NK,,,,,,,,401650000,-120
L651,264743,UT,DS,2,0,0,44,44,01:37:52 20-Aug-2024,NK,B,45.8135,-124.3527,45.8135,-124.3527,,,401650000,-127
L651,264743,UT,DS,1,0,0,,,14:30:03 20-Aug-2024,CS,,,,,,,,401650000,
L651,264743,UT,DS,2,0,0,44,44,13:42:52 21-Aug-2024,CS,B,45.7141,-124.3903,45.7141,-124.3903,,,401677656,-125
L651,264743,UT,DS,1,0,0,,,15:22:25 21-Aug-2024,CS,B,45.6965,-124.4911,45.6965,-124.4911,8,,401677675,-130
L651,264743,UT,DS,1,0,0,,,16:47:40 21-Aug-2024,MC,B,45.6932,-124.5207,45.6932,-124.5207,8,,401677657,-128
L651,264743,UT,DS,1,0,0,,,18:02:30 21-Aug-2024,NP,B,45.6858,-124.5259,45.6858,-124.5259,8,,401677665,-130
L651,264743,UT,DS,1,0,0,,,18:25:21 21-Aug-2024,NK,B,45.6966,-124.5045,45.6966,-124.5045,6,,401677654,-137
L651,264743,UT,DS,1,0,0,,,19:03:48 21-Aug-2024,NN,B,45.6999,-124.5011,45.6999,-124.5011,8,,401677648,-129
L651,264743,UT,DS,1,0,0,,,21:00:41 21-Aug-2024,O3,B,45.7041,-124.4927,45.7041,-124.4927,8,,401677669,-132
L651,264743,UT,DS,1,0,0,,,23:26:25 21-Aug-2024,CS,B,45.7074,-124.5021,45.7074,-124.5021,8,,401677675,-134
L651,264743,UT,DS,3,0,0,44,44,00:59:24 22-Aug-2024,CS,A,45.7393,-124.4466,45.7393,-124.4466,8,,401677689,-120
L651,264743,UT,DS,1,0,0,,,01:00:52 22-Aug-2024,SR,B,45.7393,-124.4497,45.7393,-124.4497,6,,401677672,-136
L651,264743,UT,DS,1,0,0,,,02:46:09 22-Aug-2024,SR,B,45.7213,-124.4485,45.7213,-124.4485,7,,401677696,-136
L651,264743,UT,DS,2,0,0,44,44,03:52:53 22-Aug-2024,NP,B,45.7169,-124.4647,45.7169,-124.4647,8,,401677684,-129
L651,264743,UT,DS,2,0,0,44,44,04:11:42 22-Aug-2024,MC,B,45.7211,-124.4666,45.7211,-124.4666,6,,401677682,-119
L651,264743,UT,DS,1,0,0,,,04:11:20 22-Aug-2024,NK,B,45.7176,-124.4635,45.7176,-124.4635,6,,401677679,-127
L651,264743,UT,DS,2,0,1,44,44,04:23:00 22-Aug-2024,SR,B,45.7460,-124.4635,45.7460,-124.4635,6,,401677712,-133
L651,264743,UT,DS,1,0,0,,,04:46:22 22-Aug-2024,NN,B,45.7379,-124.4743,45.7379,-124.4743,6,,401677672,-132
L651,264743,UT,DS,1,0,0,,,04:59:06 22-Aug-2024,MB,B,45.7326,-124.4712,45.7326,-124.4712,6,,401677662,-127
L651,264743,UT,DS,3,0,0,110,88,05:30:52 22-Aug-2024,NP,A,45.7305,-124.4570,45.7305,-124.4570,6,,401677689,-128
L651,264743,UT,DS,2,0,0,44,44,05:49:04 22-Aug-2024,MC,B,45.7261,-124.4440,45.7261,-124.4440,6,,401677693,-129
L651,264743,UT,DS,3,0,0,44,44,06:26:39 22-Aug-2024,NN,A,45.6745,-124.4065,45.6745,-124.4065,8,,401677687,-132
L651,264743,UT,DS,2,0,0,44,44,06:27:01 22-Aug-2024,O3,B,45.6736,-124.4090,45.6736,-124.4090,6,,401677677,-133
L651,264743,UT,DS,1,0,0,,,16:23:07 22-Aug-2024,NK,B,45.4608,-124.1514,45.4608,-124.1514,8,,401677639,-127
L651,264743,UT,DS,2,0,1,44,44,19:43:30 22-Aug-2024,MC,B,45.5341,-124.1125,45.5341,-124.1125,6,,401677731,-129
L651,264743,UT,DS,1,0,0,,,20:30:41 22-Aug-2024,NN,B,45.6294,-124.2104,,,8,,401677664,-123
L651,264743,UT,DS,1,0,0,,,09:05:05 23-Aug-2024,O3,B,45.8825,-124.5470,45.8825,-124.5470,,,401677622,-131
L651,264743,UT,DS,1,0,0,,,12:25:48 23-Aug-2024,CS,B,45.8221,-124.6055,45.8221,-124.6055,7,,401677672,-137
L651,264743,UT,DS,1,0,0,,,15:52:03 23-Aug-2024,NK,B,45.7350,-124.4615,45.7350,-124.4615,8,,401677687,-122
L651,264743,UT,DS,1,0,0,,,01:32:54 24-Aug-2024,NK,B,45.7841,-124.5525,45.7841,-124.5525,8,,401677680,-133
L651,264743,UT,DS,1,0,0,,,05:54:20 24-Aug-2024,MB,B,45.8106,-124.5476,45.8106,-124.5476,8,,401677669,-128
L651,264743,UT,DS,1,0,1,,,14:13:55 25-Aug-2024,SR,,,,,,,,401650000,-137
L651,264743,UT,DS,1,0,1,,,14:13:55 25-Aug-2024,CS,,,,,,,,401650000,-142
L651,264743,UT,DS,1,0,1,,,14:33:57 27-Aug-2024,CS,,,,,,,,401650000,-127
L651,264743,UT,DS,1,0,1,,,18:00:44 27-Aug-2024,MC,,,,,,,,401650000,-126
L651,264743,UT,DS,1,0,0,,,21:19:25 27-Aug-2024,O3,,,,,,,,401650000,-124
L651,264743,UT,DS,1,0,1,,,03:48:31 28-Aug-2024,MC,,,,,,,,401650000,-124
L651,264743,UT,DS,2,0,0,44,44,12:35:34 28-Aug-2024,SR,B,45.5826,-124.4047,45.5826,-124.4047,,,401677669,-124
L651,264743,UT,DS,2,0,0,44,44,13:53:47 28-Aug-2024,CS,B,45.5575,-124.4059,45.5575,-124.4059,8,,401677677,-125
L651,264743,UT,DS,2,0,0,44,44,14:17:18 28-Aug-2024,SR,B,45.5676,-124.4203,45.5676,-124.4203,6,,401677670,-123
L651,264743,UT,DS,2,0,0,44,44,14:16:56 28-Aug-2024,A1,B,45.5602,-124.4118,45.5602,-124.4118,6,,401677670,-120
L651,264743,UT,DS,2,0,0,45,45,15:27:40 28-Aug-2024,NK,B,45.5534,-124.4187,45.5534,-124.4187,8,,401677676,-130
L651,264743,UT,DS,1,0,0,,,15:38:51 28-Aug-2024,CS,B,45.5533,-124.4181,45.5533,-124.4181,6,,401677677,-140
L651,264743,UT,DS,2,0,0,44,44,16:39:36 28-Aug-2024,NP,B,45.5531,-124.4341,45.5531,-124.4341,8,,401677675,-131
L651,264743,UT,DS,2,0,0,44,44,17:02:18 28-Aug-2024,NK,B,45.5716,-124.4212,45.5716,-124.4212,6,,401677684,-125
L651,264743,UT,DS,1,0,0,,,17:36:14 28-Aug-2024,NN,B,45.5693,-124.4260,45.5693,-124.4260,7,,401677690,-137
L651,264743,UT,DS,2,0,0,45,45,18:21:41 28-Aug-2024,NP,B,45.5294,-124.4497,45.5294,-124.4497,8,,401677673,-122
L651,264743,UT,DS,1,0,0,,,18:33:29 28-Aug-2024,MB,B,45.5286,-124.4471,45.5286,-124.4471,6,,401677685,-131
L651,264743,UT,DS,2,0,0,45,45,20:03:33 28-Aug-2024,NP,B,45.5025,-124.4721,45.5025,-124.4721,8,,401677676,-136
L651,264743,UT,DS,1,0,0,,,20:36:35 28-Aug-2024,O3,B,45.4927,-124.4712,45.4927,-124.4712,8,,401677665,-124
L651,264743,UT,DS,2,0,0,44,44,20:59:43 28-Aug-2024,NN,B,45.5250,-124.4560,45.5250,-124.4560,6,,401677693,-137
L651,264743,UT,DS,3,0,0,44,44,22:11:36 28-Aug-2024,O3,A,45.5323,-124.4094,45.5323,-124.4094,8,,401677680,-126
L651,264743,UT,DS,1,0,1,,,23:27:12 28-Aug-2024,CS,B,45.5302,-124.3996,45.5302,-124.3996,8,,401677682,-138
L651,264743,UT,DS,1,0,0,,,00:45:17 29-Aug-2024,SR,B,45.5223,-124.3930,45.5223,-124.3930,8,,401677690,-133
L651,264743,UT,DS,1,0,0,,,01:11:55 29-Aug-2024,NK,B,45.5205,-124.3929,45.5205,-124.3929,6,,401677687,-135
L651,264743,UT,DS,2,0,0,44,44,01:12:17 29-Aug-2024,CS,B,45.5225,-124.3880,45.5225,-124.3880,8,,401677680,-121
L651,264743,UT,DS,1,0,1,,,02:20:32 29-Aug-2024,SR,B,45.5184,-124.3957,45.5184,-124.3957,7,,401677705,-131
L651,264743,UT,DS,1,0,0,,,02:44:33 29-Aug-2024,NK,B,45.5077,-124.3847,45.5077,-124.3847,6,,401677688,-131
L651,264743,UT,DS,2,0,0,44,44,03:26:41 29-Aug-2024,MC,,,,,,,,401650000,
L651,264743,UT,DS,2,0,0,44,44,04:00:47 29-Aug-2024,SR,B,45.5749,-124.3644,45.5749,-124.3644,6,,401677722,-125
L651,264743,UT,DS,1,0,0,,,04:10:13 29-Aug-2024,NP,B,45.5709,-124.3453,45.5709,-124.3453,6,,401677692,-130
L651,264743,UT,DS,1,0,0,,,04:10:13 29-Aug-2024,MB,B,45.5697,-124.3456,45.5697,-124.3456,,,401677692,-131
L651,264743,UT,DS,1,0,0,,,04:31:06 29-Aug-2024,NK,B,45.5697,-124.3478,45.5697,-124.3478,6,,401677685,-130
L651,264743,UT,DS,2,0,0,44,44,05:01:33 29-Aug-2024,NN,B,45.5612,-124.2728,45.5612,-124.2728,6,,401677701,-127
L651,264743,UT,DS,3,0,0,346,44,05:01:56 29-Aug-2024,MC,,,,,,,,401650000,
L651,264743,UT,DS,1,0,0,,,05:47:57 29-Aug-2024,NP,B,45.5577,-124.2336,45.5577,-124.2336,8,,401677691,-134
L651,264743,UT,DS,2,0,1,44,44,06:10:51 29-Aug-2024,O3,B,45.5878,-124.2093,45.5878,-124.2093,6,,401677723,-128
L651,264743,UT,DS,2,0,0,44,44,07:44:21 29-Aug-2024,O3,B,45.5677,-124.1289,45.5677,-124.1289,8,,401677694,-126
L651,264743,UT,DS,1,0,0,,,02:46:02 30-Aug-2024,A1,B,45.5114,-124.1424,45.5114,-124.1424,,,401677697,-125
L651,264743,UT,DS,1,0,0,,,08:40:48 30-Aug-2024,O3,B,45.4469,-124.2580,45.4469,-124.2580,8,,401677695,-130
L651,264743,UT,DS,1,0,1,,,16:08:41 30-Aug-2024,NK,B,45.4094,-124.0097,45.4094,-124.0097,8,,401677686,-133
L651,264743,UT,DS,1,0,0,,,18:41:14 30-Aug-2024,MC,B,45.4153,-124.3382,45.4153,-124.3382,8,,401677688,-119
L651,264743,UT,DS,1,0,0,,,19:19:21 31-Aug-2024,NP,,,,,,,,401650000,-136
L651,264743,UT,DS,1,0,1,,,20:03:40 31-Aug-2024,MC,,,,,,,,401650000,-133
L651,264743,UT,DS,1,0,1,,,05:29:20 01-Sep-2024,O3,,,,,,,,401650000,-140
L651,264743,UT,DS,1,0,1,,,20:07:22 01-Sep-2024,NN,,,,,,,,401650000,-130
L651,264743,UT,DS,1,0,1,,,01:47:46 02-Sep-2024,CS,,,,,,,,401650000,-134
L651,264743,UT,DS,1,0,0,,,15:12:56 02-Sep-2024,A1,,,,,,,,401650000,-138
L651,264743,UT,DS,1,0,0,,,18:29:17 02-Sep-2024,MB,,,,,,,,401650000,-129
L651,264743,UT,DS,1,0,1,,,19:18:35 02-Sep-2024,MC,,,,,,,,401650000,-127
L651,264743,UT,DS,1,0,1,,,21:42:31 02-Sep-2024,O3,,,,,,,,401650000,-130
L651,264743,UT,DS,1,0,1,,,05:50:40 03-Sep-2024,MB,,,,,,,,401650000,-135
L651,264743,UT,DS,1,0,1,,,12:45:01 03-Sep-2024,SR,,,,,,,,401650000,-125
L651,264743,UT,DS,1,0,0,,,08:13:09 04-Sep-2024,O3,,,,,,,,401650000,-132
L651,264743,UT,DS,1,0,1,,,12:18:50 04-Sep-2024,SR,,,,,,,,401650000,-138
L651,264743,UT,DS,1,0,0,,,13:58:30 04-Sep-2024,SR,,,,,,,,401650000,-131
L651,264743,UT,DS,1,0,0,,,16:54:46 04-Sep-2024,MC,,,,,,,,401650000,-131
L651,264743,UT,DS,2,0,0,44,44,17:20:41 04-Sep-2024,NK,B,45.6035,-124.3250,45.6035,-124.3250,,,401677701,-133
L651,264743,UT,DS,2,0,0,44,44,18:37:34 04-Sep-2024,NP,B,45.5893,-124.3369,45.5893,-124.3369,8,,401677682,-123
L651,264743,UT,DS,2,0,0,44,44,18:37:34 04-Sep-2024,MC,B,45.5814,-124.3736,45.5814,-124.3736,,,401677685,-118
L651,264743,UT,DS,1,0,0,,,20:20:09 04-Sep-2024,MC,B,45.5765,-124.3883,45.5765,-124.3883,8,,401677669,-127
L651,264743,UT,DS,2,0,0,45,45,23:41:52 04-Sep-2024,CS,B,45.6009,-124.3441,45.6009,-124.3441,8,,401677699,-130
L651,264743,UT,DS,3,0,1,44,44,01:18:54 05-Sep-2024,CS,A,45.6019,-124.3065,45.6019,-124.3065,8,,401677697,-124
L651,264743,UT,DS,1,0,1,,,01:44:02 05-Sep-2024,A1,B,45.6023,-124.3063,45.6023,-124.3063,6,,401677695,-140
L651,264743,UT,DS,1,0,1,,,01:58:58 05-Sep-2024,SR,B,45.6012,-124.3074,45.6012,-124.3074,6,,401677688,-136
L651,264743,UT,DS,1,0,0,,,02:41:23 05-Sep-2024,NP,B,45.6014,-124.3061,45.6014,-124.3061,8,,401677692,-133
L651,264743,UT,DS,1,0,1,,,02:41:23 05-Sep-2024,MC,B,45.6019,-124.3094,45.6019,-124.3094,,,401677683,-132
L651,264743,UT,DS,2,0,0,44,44,03:05:27 05-Sep-2024,NK,B,45.5449,-124.4000,45.5449,-124.4000,6,,401677726,-124
L651,264743,UT,DS,2,0,0,44,44,03:40:54 05-Sep-2024,SR,B,45.5876,-124.4568,45.5876,-124.4568,8,,401677673,-127
L651,264743,UT,DS,1,0,0,,,04:27:15 05-Sep-2024,MC,B,45.6028,-124.4776,45.6028,-124.4776,8,,401677668,-130
L651,264743,UT,DS,1,0,0,,,04:41:52 05-Sep-2024,NK,B,45.6079,-124.4839,45.6079,-124.4839,6,,401677669,-135
L651,264743,UT,DS,1,0,1,,,05:47:25 05-Sep-2024,O3,B,45.6001,-124.4753,45.6001,-124.4753,8,,401677662,-140
L651,264743,UT,DS,1,0,1,,,06:53:50 05-Sep-2024,NN,B,45.6291,-124.5156,45.6291,-124.5156,8,,401677650,-135
L651,264743,UT,DS,1,0,0,,,07:20:37 05-Sep-2024,O3,B,45.5966,-124.4539,45.5966,-124.4539,6,,401677695,-132
L651,264743,UT,DS,1,0,0,,,16:54:28 05-Sep-2024,NK,B,45.7962,-124.6355,45.7962,-124.6355,8,,401677680,-131
L651,264743,UT,DS,2,0,0,44,44,05:47:42 06-Sep-2024,NP,B,45.6144,-124.4467,45.6144,-124.4467,,,401677685,-128
L651,264743,UT,DS,1,0,0,,,06:35:50 06-Sep-2024,O3,B,45.6157,-124.4354,45.6157,-124.4354,8,,401677689,-134
L651,264743,UT,DS,1,0,1,,,12:39:04 06-Sep-2024,CS,B,45.6904,-124.5116,45.6904,-124.5116,8,,401677686,-134
L651,264743,UT,DS,1,0,1,,,13:28:57 06-Sep-2024,A1,B,45.6631,-124.4915,45.6631,-124.4915,8,,401677676,-133
L651,264743,UT,DS,1,0,1,,,13:01:57 07-Sep-2024,A1,B,45.6824,-124.4901,45.6824,-124.4901,,,401677679,-136
L651,264743,UT,DS,1,0,0,,,19:34:09 07-Sep-2024,O3,B,45.6837,-124.5718,45.6837,-124.5718,8,,401677672,-130
L651,264743,UT,DS,1,0,0,,,20:30:14 07-Sep-2024,NN,B,45.7004,-124.5519,45.7004,-124.5519,8,,401677679,-137
L651,264743,UT,DS,1,0,0,,,06:19:58 08-Sep-2024,NN,B,45.7720,-124.4697,45.7720,-124.4697,8,,401677689,-133
L651,264743,UT,DS,1,0,1,,,19:22:24 08-Sep-2024,NP,B,45.7872,-124.4922,45.7872,-124.4922,,,401677701,-137
L651,264743,UT,DS,1,0,0,,,19:39:14 09-Sep-2024,O3,,,,,,,,401650000,-131
L651,264743,UT,DS,1,0,1,,,14:51:25 10-Sep-2024,A1,,,,,,,,401650000,-139
L651,264743,UT,DS,1,0,0,,,14:51:25 10-Sep-2024,NK,,,,,,,,401650000,-132
L651,264743,UT,DS,1,0,1,,,18:12:46 10-Sep-2024,MC,,,,,,,,401650000,-133
L651,264743,UT,DS,1,0,0,,,03:53:04 11-Sep-2024,SR,,,,,,,,401650000,-137
L651,264743,UT,DS,1,0,1,,,04:41:00 11-Sep-2024,MB,,,,,,,,401650000,-132
L651,264743,UT,DS,1,0,0,,,07:21:10 11-Sep-2024,NN,,,,,,,,401650000,-135
L651,264743,UT,DS,1,0,0,,,07:21:10 11-Sep-2024,MC,,,,,,,,401650000,-131
L651,264743,UT,DS,1,0,0,,,07:49:03 11-Sep-2024,O3,,,,,,,,401650000,-123
L651,264743,UT,DS,1,0,0,,,09:23:43 11-Sep-2024,O3,,,,,,,,401650000,-129
L651,264743,UT,DS,1,0,1,,,12:39:39 11-Sep-2024,CS,,,,,,,,401650000,-132
L651,264743,UT,DS,1,0,0,,,14:15:08 11-Sep-2024,CS,,,,,,,,401650000,-128
L651,264743,UT,DS,1,0,1,,,15:08:56 11-Sep-2024,SR,,,,,,,,401650000,-129
L651,264743,UT,DS,3,0,0,44,44,15:58:22 11-Sep-2024,NK,A,45.7704,-124.7600,45.7704,-124.7600,,,401677699,-133
L651,264743,UT,DS,1,0,0,,,17:53:48 11-Sep-2024,MC,B,45.7663,-124.7728,45.7663,-124.7728,8,,401677703,-116
L651,264743,UT,DS,1,0,1,,,18:45:53 11-Sep-2024,MB,B,45.7698,-124.7703,45.7698,-124.7703,8,,401677704,-134
L651,264743,UT,DS,2,0,0,44,44,18:46:15 11-Sep-2024,NP,B,45.7514,-124.5649,45.7514,-124.5649,6,,401677671,-125
L651,264743,UT,DS,1,0,0,,,19:29:07 11-Sep-2024,MC,B,45.7521,-124.5566,45.7521,-124.5566,7,,401677685,-126
L651,264743,UT,DS,1,0,1,,,19:44:21 11-Sep-2024,O3,B,45.7484,-124.5286,45.7484,-124.5286,6,,401677699,-134
L651,264743,UT,DS,1,0,0,,,19:44:21 11-Sep-2024,NN,B,45.7479,-124.5274,45.7479,-124.5274,,,401677696,-137
L651,264743,UT,DS,1,0,0,,,21:25:03 11-Sep-2024,O3,B,45.7558,-124.4934,45.7558,-124.4934,8,,401677680,-128
L651,264743,UT,DS,1,0,0,,,01:28:40 12-Sep-2024,CS,B,45.7713,-124.4610,45.7713,-124.4610,8,,401677683,-134
L651,264743,UT,DS,1,0,0,,,03:20:26 12-Sep-2024,SR,B,45.7725,-124.4587,45.7725,-124.4587,8,,401677680,-127
L651,264743,UT,DS,1,0,0,,,03:29:27 12-Sep-2024,NK,B,45.7769,-124.4451,45.7769,-124.4451,6,,401677693,-140
L651,264743,UT,DS,5,0,0,45,44,04:21:14 12-Sep-2024,MB,0,45.7798,-124.4262,45.7798,-124.4262,58,,401677696,-125
L651,264743,UT,DS,3,0,0,44,44,04:34:09 12-Sep-2024,NP,A,45.7509,-124.3664,45.7509,-124.3664,6,,401677709,-123
L651,264743,UT,DS,2,0,0,44,44,05:16:48 12-Sep-2024,MC,B,45.7473,-124.3531,45.7473,-124.3531,8,,401677694,-121
L651,264743,UT,DS,1,0,0,,,05:28:49 12-Sep-2024,NN,B,45.7467,-124.3587,45.7467,-124.3587,6,,401677700,-124
L651,264743,UT,DS,1,0,1,,,13:56:57 12-Sep-2024,A1,B,45.7136,-124.2265,45.7136,-124.2265,8,,401677689,-135
L651,264743,UT,DS,1,0,0,,,03:18:10 13-Sep-2024,MC,B,45.7052,-124.1044,45.7052,-124.1044,,,401677691,-128
L651,264743,UT,DS,1,0,0,,,18:23:14 13-Sep-2024,NP,B,45.4309,-124.0561,45.4309,-124.0561,,,401677795,-133
L651,264743,UT,DS,1,0,1,,,05:35:27 15-Sep-2024,NP,,,,,,,,401650000,-136
L651,264743,UT,DS,1,0,0,,,08:06:18 15-Sep-2024,NN,,,,,,,,401650000,-140
L651,264743,UT,DS,1,0,0,,,08:06:18 15-Sep-2024,O3,,,,,,,,401650000,-131
L651,264743,UT,DS,1,0,1,,,18:59:34 15-Sep-2024,MB,,,,,,,,401650000,-134
L651,264743,UT,DS,1,0,1,,,21:03:31 16-Sep-2024,O3,,,,,,,,401650000,-136
L651,264743,UT,DS,1,0,0,,,05:00:36 18-Sep-2024,NP,,,,,,,,401650000,-121
L651,264743,UT,DS,12,4,0,,,06:30:26 18-Sep-2024,MC,1,43.3378,-125.7531,43.3378,-125.7531,40,,401677710,-120
L651,264743,UT,DS,10,3,0,,,06:39:16 18-Sep-2024,NP,2,43.3542,-125.7745,43.3542,-125.7745,56,,401677710,-127
L651,264743,UT,DS,1,0,1,,,07:18:09 18-Sep-2024,O3,B,43.3464,-125.7703,43.3464,-125.7703,8,,401677689,-136
L651,264743,UT,DS,2,0,0,44,44,17:12:00 18-Sep-2024,MC,B,43.2042,-125.7273,43.2042,-125.7273,8,,401677701,-126
L651,264743,UT,DS,3,0,1,44,44,18:48:46 18-Sep-2024,MC,A,43.2012,-125.7515,43.2012,-125.7515,8,,401677720,-120
L651,264743,UT,DS,1,0,1,,,19:06:29 18-Sep-2024,NP,B,43.2021,-125.7573,43.2021,-125.7573,6,,401677700,-132
L651,264743,UT,DS,1,0,0,,,19:54:58 18-Sep-2024,NN,B,43.1900,-125.7583,43.1900,-125.7583,7,,401677712,-132
L651,264743,UT,DS,1,0,0,,,21:06:24 18-Sep-2024,O3,B,43.1779,-125.7598,43.1779,-125.7598,8,,401677716,-125
L651,264743,UT,DS,1,0,0,,,23:57:22 18-Sep-2024,CS,B,43.1405,-125.7664,43.1405,-125.7664,8,,401677705,-134
L651,264743,UT,DS,1,0,0,,,01:43:06 19-Sep-2024,CS,B,43.1248,-125.7730,43.1248,-125.7730,8,,401677697,-136
L651,264743,UT,DS,1,0,0,,,01:58:55 19-Sep-2024,NK,B,43.1295,-125.7762,43.1295,-125.7762,6,,401677699,-130
L651,264743,UT,DS,1,0,0,,,02:56:25 19-Sep-2024,SR,B,43.1021,-125.7844,43.1021,-125.7844,8,,401677710,-133
L651,264743,UT,DS,1,0,0,,,03:10:40 19-Sep-2024,NP,B,43.1054,-125.7818,43.1054,-125.7818,6,,401677710,-137
L651,264743,UT,DS,1,0,0,,,03:22:02 19-Sep-2024,A1,B,43.0921,-125.7881,43.0921,-125.7881,6,,401677717,-129
L651,264743,UT,DS,1,0,0,,,03:44:56 19-Sep-2024,MB,B,43.0852,-125.7919,43.0852,-125.7919,6,,401677713,-130
L651,264743,UT,DS,1,0,0,,,03:44:56 19-Sep-2024,NK,B,43.0843,-125.7988,43.0843,-125.7988,6,,401677708,-124
L651,264743,UT,DS,1,0,0,,,04:38:56 19-Sep-2024,SR,B,43.0681,-125.8020,43.0681,-125.8020,8,,401677714,-133
L651,264743,UT,DS,2,0,0,45,45,04:50:58 19-Sep-2024,NP,B,43.0788,-125.8188,43.0788,-125.8188,6,,401677700,-124
L651,264743,UT,DS,1,0,0,,,15:52:17 19-Sep-2024,NK,B,42.8684,-125.8635,42.8684,-125.8635,8,,401677704,-126
L651,264743,UT,DS,1,0,0,,,22:00:42 19-Sep-2024,O3,B,42.8055,-125.8666,,,8,,401677712,-139
L651,264743,UT,DS,1,0,0,,,04:54:44 20-Sep-2024,MB,B,42.6560,-125.9027,42.6560,-125.9027,8,,401677707,-122
L651,264743,UT,DS,1,0,0,,,04:54:44 20-Sep-2024,NK,B,42.6277,-125.8986,42.6277,-125.8986,8,,401677694,-131
L651,264743,UT,DS,2,0,0,113,113,09:06:31 20-Sep-2024,O3,B,42.5834,-125.8376,42.5834,-125.8376,8,,401677689,-131
L651,264743,UT,DS,1,0,1,,,05:29:50 21-Sep-2024,MC,B,42.2285,-125.8813,42.2285,-125.8813,,,401677684,-115
L651,264743,UT,DS,1,0,0,,,13:12:44 21-Sep-2024,SR,B,42.1980,-125.7642,42.1980,-125.7642,8,,401677700,-121
L651,264743,UT,DS,1,0,0,,,16:40:29 21-Sep-2024,NK,B,42.1950,-125.7758,42.1950,-125.7758,8,,401677659,-135
L651,264743,UT,DS,1,0,1,,,05:55:44 22-Sep-2024,MB,B,42.0022,-125.5694,42.0022,-125.5694,,,401677665,-134
L651,264743,UT,DS,1,0,1,,,21:24:22 22-Sep-2024,O3,B,41.8033,-125.2192,41.8033,-125.2192,,,401677716,-133
L651,264743,UT,DS,1,0,0,,,03:12:18 23-Sep-2024,MC,B,41.7604,-125.1414,41.7604,-125.1414,8,,401677721,-126
L651,264743,UT,DS,1,0,0,,,03:12:18 23-Sep-2024,A1,B,41.6439,-125.1707,41.6439,-125.1707,8,,401677717,-133
L651,264743,UT,DS,1,0,0,,,04:03:55 23-Sep-2024,NP,B,41.6964,-125.2084,41.6964,-125.2084,7,,401677734,-133
L651,264743,UT,DS,1,0,0,,,06:30:35 23-Sep-2024,NN,B,41.5713,-125.2804,41.5713,-125.2804,8,,401677721,-127
L651,264743,UT,DS,1,0,0,,,06:30:35 23-Sep-2024,MC,B,41.5735,-125.3050,41.5735,-125.3050,,,401677710,-122
L651,264743,UT,DS,1,0,0,,,17:58:05 23-Sep-2024,MB,B,41.1593,-125.4239,41.1593,-125.4239,8,,401677683,-124
L651,264743,UT,DS,1,0,0,,,17:58:05 23-Sep-2024,NP,B,41.2791,-125.4728,41.2791,-125.4728,,,401677671,-129
L651,264743,UT,DS,1,0,0,,,20:34:36 23-Sep-2024,O3,B,41.3058,-125.4442,41.3058,-125.4442,8,,401677674,-123
L651,264743,UT,DS,1,0,0,,,20:34:36 23-Sep-2024,NN,B,41.3282,-125.4116,41.3282,-125.4116,,,401677710,-135
L651,264743,UT,DS,1,0,1,,,03:50:22 24-Sep-2024,NP,B,41.1472,-125.3929,41.1472,-125.3929,8,,401677702,-137
L651,264743,UT,DS,1,0,0,,,07:09:51 24-Sep-2024,NP,B,41.2610,-125.3177,41.2610,-125.3177,8,,401677701,-138
L651,264743,UT,DS,1,0,0,,,18:25:24 24-Sep-2024,MC,B,41.0914,-125.2933,41.0914,-125.2933,8,,401677707,-118
L651,264743,UT,DS,12,4,0,,,05:48:27 25-Sep-2024,MC,2,40.8503,-125.0154,40.8503,-125.0154,48,,401677712,-114
L651,264743,UT,DS,8,1,2,,,06:03:39 25-Sep-2024,NN,3,40.8403,-125.0489,40.8403,-125.0489,56,,401677723,-125
L651,264743,UT,DS,5,0,0,66,44,07:42:47 25-Sep-2024,NN,2,40.8242,-125.0317,40.8242,-125.0317,58,,401677710,-133
L651,264743,UT,DS,2,0,0,89,89,08:41:56 25-Sep-2024,O3,B,40.8223,-125.0194,40.8223,-125.0194,8,,401677695,-130
L651,264743,UT,DS,3,0,0,44,44,14:24:57 25-Sep-2024,A1,A,40.7327,-124.9503,40.7327,-124.9503,,,401677704,-128
L651,264743,UT,DS,1,0,1,,,14:24:57 25-Sep-2024,SR,B,40.7482,-124.9475,40.7482,-124.9475,8,,401677689,-139
L651,264743,UT,DS,1,0,0,,,15:01:06 25-Sep-2024,NK,B,40.7275,-124.9433,40.7275,-124.9433,8,,401677697,-124
L651,264743,UT,DS,1,0,0,,,19:08:15 26-Sep-2024,NP,,,,,,,,401650000,-130
L651,264743,UT,DS,1,0,1,,,07:22:05 27-Sep-2024,NN,,,,,,,,401650000,-135
L651,264743,UT,DS,1,0,1,,,18:47:48 27-Sep-2024,NP,,,,,,,,401650000,-132
L651,264743,UT,DS,1,0,1,,,19:46:44 27-Sep-2024,NN,,,,,,,,401650000,-137
L651,264743,UT,DS,1,0,0,,,05:21:52 28-Sep-2024,NN,,,,,,,,401650000,-133
L651,264743,UT,DS,1,0,0,,,18:23:54 29-Sep-2024,NP,,,,,,,,401650000,-130
L651,264743,UT,DS,1,0,0,,,18:23:54 29-Sep-2024,MC,,,,,,,,401650000,-114
L651,264743,UT,DS,1,0,0,,,04:05:27 30-Sep-2024,MC,,,,,,,,401650000,-120
L651,264743,UT,DS,1,0,1,,,04:51:21 30-Sep-2024,MB,,,,,,,,401650000,-129
L651,264743,UT,DS,1,0,1,,,02:44:17 01-Oct-2024,A1,,,,,,,,401650000,-121
L651,264743,UT,DS,1,0,0,,,19:20:02 01-Oct-2024,MC,,,,,,,,401650000,-133
L651,264743,UT,DS,1,0,0,,,02:39:08 02-Oct-2024,CS,,,,,,,,401650000,-132
L651,264743,UT,DS,1,0,0,,,04:28:56 02-Oct-2024,SR,,,,,,,,401650000,-132
L651,264743,UT,DS,1,0,0,,,05:07:13 02-Oct-2024,MC,,,,,,,,401650000,-120
L651,264743,UT,DS,1,0,1,,,05:21:40 02-Oct-2024,NP,,,,,,,,401650000,-135
L651,264743,UT,DS,1,0,0,,,06:14:39 02-Oct-2024,NN,,,,,,,,401650000,-124
L651,264743,UT,DS,2,0,0,45,45,08:16:49 02-Oct-2024,O3,B,38.4295,-123.4004,38.4295,-123.4004,,,401677564,-138
L651,264743,UT,DS,2,0,0,44,44,14:05:26 02-Oct-2024,SR,B,38.2855,-123.3119,38.2855,-123.3119,8,,401677595,-123
L651,264743,UT,DS,2,0,0,89,89,14:23:04 02-Oct-2024,A1,B,38.1869,-123.7290,38.1869,-123.7290,6,,401677735,-128
L651,264743,UT,DS,1,0,0,,,14:43:02 02-Oct-2024,CS,B,38.1818,-123.7242,38.1818,-123.7242,6,,401677725,-137
L651,264743,UT,DS,2,0,1,44,44,15:24:36 02-Oct-2024,NK,B,38.1530,-123.7725,38.1530,-123.7725,8,,401677712,-130
L651,264743,UT,DS,2,0,1,44,44,17:46:14 02-Oct-2024,NP,B,38.1719,-123.8402,38.1719,-123.8402,8,,401677724,-131
L651,264743,UT,DS,2,0,1,44,44,18:07:29 02-Oct-2024,MB,B,38.1114,-123.7679,38.1114,-123.7679,6,,401677702,-122
L651,264743,UT,DS,2,0,0,132,132,19:02:00 02-Oct-2024,MC,B,38.0976,-123.7766,38.0976,-123.7766,8,,401677705,-120
L651,264743,UT,DS,3,0,0,44,44,20:16:17 02-Oct-2024,NN,A,38.0985,-123.7413,38.0985,-123.7413,8,,401677718,-129
L651,264743,UT,DS,1,0,0,,,21:55:39 02-Oct-2024,O3,B,38.0823,-123.7479,38.0823,-123.7479,8,,401677709,-138
L651,264743,UT,DS,1,0,0,,,01:55:03 03-Oct-2024,CS,B,38.0314,-123.7519,38.0314,-123.7519,8,,401677691,-130
L651,264743,UT,DS,1,0,0,,,01:55:03 03-Oct-2024,A1,B,38.0460,-123.7635,38.0460,-123.7635,8,,401677714,-137
L651,264743,UT,DS,2,0,1,89,89,02:22:01 03-Oct-2024,SR,B,37.9275,-123.8338,37.9275,-123.8338,6,,401677698,-131
L651,264743,UT,DS,3,0,0,304,89,02:34:24 03-Oct-2024,NK,A,37.9131,-123.6611,37.9131,-123.6611,6,,401677722,-128
L651,264743,UT,DS,1,0,0,,,03:24:00 03-Oct-2024,A1,B,37.9183,-123.6574,37.9183,-123.6574,8,,401677697,-135
L651,264743,UT,DS,1,0,0,,,03:34:15 03-Oct-2024,NP,B,37.9311,-123.6583,37.9311,-123.6583,6,,401677730,-132
L651,264743,UT,DS,1,0,0,,,04:14:37 03-Oct-2024,NK,B,37.9261,-123.6579,37.9261,-123.6579,8,,401677716,-137
L651,264743,UT,DS,1,0,0,,,04:36:34 03-Oct-2024,MC,B,37.9259,-123.6511,37.9259,-123.6511,6,,401677732,-128
L651,264743,UT,DS,2,0,1,637,637,05:13:15 03-Oct-2024,NP,B,37.9207,-123.6501,37.9207,-123.6501,8,,401677724,-130
L651,264743,UT,DS,1,0,1,,,05:29:53 03-Oct-2024,MB,B,37.9187,-123.6505,37.9187,-123.6505,6,,401677721,-133
L651,264743,UT,DS,1,0,1,,,17:00:35 03-Oct-2024,MC,B,37.7616,-123.6440,37.7616,-123.6440,8,,401677744,-129
L651,264743,UT,DS,1,0,1,,,03:26:38 04-Oct-2024,SR,B,37.6670,-123.6382,37.6670,-123.6382,8,,401677756,-133
L651,264743,UT,DS,1,0,1,,,13:27:30 04-Oct-2024,CS,B,37.8380,-123.4625,37.8380,-123.4625,8,,401677780,-126
L651,264743,UT,DS,1,0,1,,,16:39:05 04-Oct-2024,MC,B,37.8243,-123.3692,37.8243,-123.3692,8,,401677808,-126
L651,264743,UT,DS,1,0,0,,,19:56:17 04-Oct-2024,NN,B,37.8113,-123.3149,37.8113,-123.3149,8,,401677816,-131
L651,264743,UT,DS,1,0,1,,,03:08:06 05-Oct-2024,NP,B,37.5265,-122.9470,37.5265,-122.9470,8,,401677673,-135
L651,264743,UT,DS,1,0,1,,,07:35:29 05-Oct-2024,O3,B,37.4312,-122.8553,37.4312,-122.8553,8,,401677660,-128
L651,264743,UT,DS,1,0,1,,,14:09:37 05-Oct-2024,SR,B,37.2874,-122.7190,37.2874,-122.7190,8,,401677657,-138
L651,264743,UT,DS,1,0,0,,,18:44:16 06-Oct-2024,NP,,,,,,,,401650000,-132
L651,264743,UT,DS,1,0,0,,,18:21:48 08-Oct-2024,NP,,,,,,,,401650000,-130
L651,264743,UT,DS,1,0,0,,,19:10:05 08-Oct-2024,NN,,,,,,,,401650000,-137
L651,264743,UT,DS,1,0,0,,,03:22:42 09-Oct-2024,NK,,,,,,,,401650000,-124
L651,264743,UT,DS,3,0,0,279,44,04:00:45 09-Oct-2024,NP,A,36.7865,-122.1610,36.7865,-122.1610,,,401677793,-131
L651,264743,UT,DS,2,0,0,44,44,04:03:43 09-Oct-2024,SR,B,36.7868,-122.1615,36.7868,-122.1615,6,,401677819,-133
L651,264743,UT,DS,3,0,1,300,293,04:13:17 09-Oct-2024,MC,A,36.7252,-122.1445,36.7252,-122.1445,6,,401677801,-129
L651,264743,UT,DS,2,0,0,240,240,04:47:03 09-Oct-2024,NN,B,36.7159,-122.1378,36.7159,-122.1378,7,,401677809,-131
L651,264743,UT,DS,1,0,0,,,05:02:35 09-Oct-2024,MB,B,36.7318,-122.1486,36.7318,-122.1486,6,,401677824,-121
L651,264743,UT,DS,1,0,0,,,05:02:35 09-Oct-2024,NK,B,36.7359,-122.1513,36.7359,-122.1513,,,401677804,-133
L651,264743,UT,DS,3,0,0,191,45,05:38:06 09-Oct-2024,NP,A,36.7854,-122.1776,36.7854,-122.1776,8,,401677791,-118
L651,264743,UT,DS,1,0,0,,,05:59:18 09-Oct-2024,MC,B,36.7915,-122.1776,36.7915,-122.1776,6,,401677799,-119
L651,264743,UT,DS,1,0,0,,,06:24:17 09-Oct-2024,NN,B,36.7951,-122.1782,36.7951,-122.1782,6,,401677802,-125
L651,264743,UT,DS,2,0,0,45,45,08:09:50 09-Oct-2024,NN,B,36.8215,-122.1772,36.8215,-122.1772,8,,401677781,-137
L651,264743,UT,DS,2,0,0,44,44,09:31:16 09-Oct-2024,O3,B,36.9744,-122.3008,36.9744,-122.3008,8,,401677766,-132
L651,264743,UT,DS,1,0,0,,,12:04:40 09-Oct-2024,SR,B,37.0548,-122.3344,37.0548,-122.3344,8,,401677750,-131
L651,264743,UT,DS,7,0,0,102,83,13:14:32 09-Oct-2024,CS,3,37.0232,-122.2302,37.0232,-122.2302,56,,401677793,-124
L651,264743,UT,DS,1,0,0,,,13:40:39 09-Oct-2024,SR,B,37.0238,-122.2305,37.0238,-122.2305,6,,401677796,-121
L651,264743,UT,DS,1,0,0,,,14:01:39 09-Oct-2024,NK,B,37.0378,-122.2226,37.0378,-122.2226,6,,401677789,-133
L651,264743,UT,DS,4,0,0,103,44,14:56:25 09-Oct-2024,CS,2,37.0110,-122.2413,37.0110,-122.2413,58,,401677788,-126
L651,264743,UT,DS,3,0,0,164,44,15:17:44 09-Oct-2024,SR,A,37.0051,-122.2361,37.0051,-122.2361,6,,401677795,-130
L651,264743,UT,DS,4,0,1,159,44,15:39:40 09-Oct-2024,NK,3,37.0377,-122.2638,37.0377,-122.2638,56,,401677789,-121
L651,264743,UT,DS,2,0,0,354,354,16:19:18 09-Oct-2024,NP,B,37.0445,-122.2899,37.0445,-122.2899,8,,401677781,-133
L651,264743,UT,DS,2,0,0,44,44,16:36:14 09-Oct-2024,MC,,,,,,,,401650000,
L651,264743,UT,DS,4,0,0,143,44,17:14:07 09-Oct-2024,NK,2,37.0995,-122.3100,37.0995,-122.3100,58,,401677789,-128
L651,264743,UT,DS,1,0,0,,,17:20:56 09-Oct-2024,MB,B,37.0818,-122.2931,37.0818,-122.2931,6,,401677772,-135
L651,264743,UT,DS,13,3,0,,,17:58:37 09-Oct-2024,NP,0,37.1135,-122.3392,37.1135,-122.3392,56,,401677788,-127
L651,264743,UT,DS,9,1,0,,,18:11:50 09-Oct-2024,MC,,,,,,,,401650000,
