DeployID,Ptt,Instr,Date,Duplicates,Satellite,LocationQuality,Latitude,Longitude,Reason,Possible Timestamp,Possible Type,Byte 0,Byte 1,Byte 2,Byte 3,Byte 4,Byte 5,Byte 6,Byte 7,Byte 8,Byte 9,Byte 10,Byte 11,Byte 12,Byte 13,Byte 14,Byte 15,Byte 16,Byte 17,Byte 18,Byte 19,Byte 20,Byte 21,Byte 22,Byte 23,Byte 24,Byte 25,Byte 26,Byte 27,Byte 28,Byte 29,Byte 30,Byte 31
L651,264743,UT,06:02:19 25-Apr-2024,,,B,37.1172,-122.3394,CRC 5.6,06:02:19 25-Apr-2024,Status,53,2,3,,,,,,,,,,,,,,,,,,,,,,,,,,,,,
L651,264743,UT,06:02:19 25-Apr-2024,,,0,37.0985,-122.3111,CRC 5.6,06:02:19 25-Apr-2024,Status,53,66,2,,,,,,,,,,,,,,,,,,,,,,,,,,,,,
L651,264743,UT,06:14:23 25-Apr-2024,,,0,37.0985,-122.3111,CRC 11.5,06:14:23 25-Apr-2024,Status,75,40,46,,,,,,,,,,,,,,,,,,,,,,,,,,,,,
L651,264743,UT,05:08:31 30-Apr-2024,,,,,,CRC fa.c1,04:56:56 30-Apr-2024,DSA,31,64,201,226,129,48,20,219,158,150,176,74,2,176,175,224,193,66,142,6,18,172,192,76,1,173,55,165,58,0,0,
L651,264743,UT,19:17:38 30-Apr-2024,,,B,36.9865,-122.3565,CRC 118.178,19:17:36 14-Apr-2024,Status,78,208,35,54,68,8,100,51,55,77,25,13,86,34,43,18,1,155,16,193,206,213,60,,,,,,,,,
L651,264743,UT,05:17:07 02-May-2024,,,B,36.9437,-123.7341,CRC 93.ac,04:14:34 02-May-2024,DSA,18,96,202,34,33,70,34,60,22,151,16,236,66,216,40,194,77,154,254,38,199,170,131,45,37,24,204,53,64,0,0,
L651,264743,UT,16:41:10 02-May-2024,,,B,37.0143,-123.8035,CRC 54.26,16:41:09 02-May-2024,Status,70,208,35,54,0,8,97,50,49,66,146,84,26,2,137,0,5,103,16,65,14,141,72,,,,,,,,,
L651,264743,UT,17:18:07 03-May-2024,,,B,37.0625,-123.9219,CRC ca.6f,16:53:04 03-May-2024,DSA,25,64,202,56,130,24,67,72,27,18,122,82,11,184,47,237,87,242,184,142,222,166,69,7,66,132,201,21,63,206,0,
L651,264743,UT,18:09:06 03-May-2024,,,B,37.0398,-123.9148,CRC ca.2e,16:53:04 03-May-2024,DSA,25,64,202,56,130,24,67,72,27,18,122,82,11,184,47,237,87,242,184,142,222,166,69,23,2,132,201,21,62,234,64,
L651,264743,UT,00:46:24 04-May-2024,,,B,37.0664,-123.9914,CRC 4d.d5,,,9,160,218,59,211,17,28,248,26,154,75,255,19,44,184,0,97,107,70,6,208,180,200,213,202,125,12,253,43,174,56,
L651,264743,UT,02:00:43 06-May-2024,,,,,,CRC 18.22,01:43:25 06-May-2024,DSA,3,0,202,96,209,139,19,224,22,153,34,192,3,235,47,224,95,98,248,6,239,149,96,56,2,13,73,248,83,129,1,
L651,264743,UT,13:09:02 08-May-2024,,,,,,CRC e7.a7,12:39:45 08-May-2024,DSA,28,224,202,134,82,103,35,212,25,39,163,254,3,193,73,130,65,28,32,14,207,173,64,62,10,116,225,153,84,12,135,
L651,264743,UT,23:55:49 08-May-2024,,,,,,CRC 83.0a,22:35:18 08-May-2024,DSA,16,96,202,139,83,114,33,208,27,155,115,254,2,108,180,224,55,4,78,6,106,179,64,118,2,88,79,107,110,208,220,
L651,264743,UT,04:56:33 09-May-2024,,,B,38.5515,-125.9404,CRC 15.7,04:56:33 09-May-2024,Status,79,36,4,,,,,,,,,,,,,,,,,,,,,,,,,,,,,
L651,264743,UT,05:00:01 10-May-2024,,,B,38.7798,-126.1877,CRC 4f.ac,04:40:30 10-May-2024,DSA,9,224,202,162,82,58,34,84,36,39,123,254,50,184,243,225,198,31,14,49,188,115,142,14,15,101,122,122,28,120,184,
L651,264743,UT,15:00:42 11-May-2024,,,,,,CRC e0.70,13:37:50 11-May-2024,DSA,28,0,202,182,210,218,32,160,28,170,246,9,241,153,107,64,115,68,12,25,199,233,224,12,224,25,80,117,8,31,90,
L651,264743,UT,14:22:54 12-May-2024,,,,,,CRC 84.79,13:11:31 12-May-2024,DSA,16,128,202,198,161,253,53,64,34,150,190,85,103,30,162,55,109,107,202,206,35,156,152,202,93,188,170,73,15,26,142,
L651,264743,UT,16:59:05 12-May-2024,,,,,,CRC 63.52,16:59:05 12-May-2024,Status,71,240,35,54,0,8,97,50,54,67,177,80,86,7,63,4,3,245,16,194,94,109,72,,,,,,,,,
L651,264743,UT,12:49:33 14-May-2024,,,,,,CRC 3c.92,12:20:34 14-May-2024,DSA,7,128,202,230,50,54,41,160,29,27,234,166,35,201,191,229,162,39,192,54,27,121,32,66,14,204,222,217,110,246,119,
L651,264743,UT,19:33:06 14-May-2024,,,,,,CRC 7e.bf,19:11:58 14-May-2024,DSA,15,192,202,233,161,226,133,212,0,217,74,72,2,49,181,193,79,138,254,118,217,187,163,188,14,124,229,229,80,88,121,
L651,264743,UT,02:22:18 15-May-2024,,,,,,CRC ab.aa,01:57:33 15-May-2024,DSA,21,96,202,241,18,235,35,224,30,34,147,254,4,30,58,32,100,139,122,7,16,183,129,59,6,92,205,229,75,242,120,
L651,264743,UT,03:14:43 15-May-2024,,,,,,CRC ab.2d,01:57:33 15-May-2024,DSA,21,96,202,241,18,235,35,224,14,34,179,254,68,30,58,32,100,154,3,79,16,151,240,43,26,88,221,197,75,242,120,
L651,264743,UT,02:59:11 16-May-2024,,,B,41.1134,-127.5900,CRC 95.12,02:59:11 16-May-2024,Status,75,240,35,54,0,8,97,50,56,11,178,214,156,177,198,122,234,185,218,97,142,35,49,,,,,,,,,
L651,264743,UT,02:59:11 16-May-2024,,,B,41.1074,-127.5574,CRC 95.202,02:59:11 16-May-2024,Status,75,240,35,54,0,8,97,50,56,11,178,214,144,5,229,0,67,157,16,65,254,181,64,,,,,,,,,
L651,264743,UT,04:38:23 16-May-2024,,,A,41.2443,-127.7667,CRC 0.3,04:38:23 16-May-2024,Status,16,118,12,,,,,,,,,,,,,,,,,,,,,,,,,,,,,
L651,264743,UT,05:22:31 16-May-2024,,,B,41.3090,-127.7249,CRC 82.0b,04:11:57 16-May-2024,DSA,16,64,203,2,33,227,40,164,27,176,211,254,19,223,54,100,83,171,102,30,236,170,131,173,6,104,223,161,77,0,250,
L651,264743,UT,12:10:31 16-May-2024,,,B,41.3299,-127.8227,CRC 72.218,12:10:30 16-May-2024,Status,73,16,35,54,0,8,97,50,56,48,167,139,150,8,157,0,1,255,16,201,171,109,69,,,,,,,,,
L651,264743,UT,15:31:57 16-May-2024,,,B,41.4519,-127.8456,CRC 0.2,15:31:57 16-May-2024,Status,16,52,4,,,,,,,,,,,,,,,,,,,,,,,,,,,,,
L651,264743,UT,14:13:17 18-May-2024,,,B,42.1389,-127.9722,CRC df.1a,12:47:10 18-May-2024,DSA,27,224,203,38,131,122,51,144,30,143,3,100,1,248,54,228,50,139,131,46,17,66,32,127,6,116,209,205,65,12,125,
L651,264743,UT,03:03:21 19-May-2024,,,B,42.6582,-128.2611,CRC fa.f6,03:01:49 19-May-2024,DSA,31,64,203,49,145,235,38,192,21,27,130,122,42,66,34,160,61,146,114,14,213,175,228,51,18,89,48,37,66,0,0,
L651,264743,UT,12:27:48 19-May-2024,,,B,42.9217,-128.2980,CRC 148.207,04:50:24 15-May-2024,Status,82,128,202,22,19,142,34,216,28,10,50,63,3,121,50,97,35,179,20,7,124,36,215,227,255,216,199,69,71,156,127,
L651,264743,UT,18:30:36 21-May-2024,,,B,43.2058,-128.2094,CRC b2.1a,17:16:00 21-May-2024,DSA,22,64,203,88,179,72,36,208,29,147,50,62,11,32,145,68,4,249,249,153,208,216,152,120,49,24,60,223,118,98,38,
L651,264743,UT,18:30:36 21-May-2024,,,B,43.5843,-128.5452,CRC b2.1b,17:16:00 21-May-2024,DSA,22,64,203,88,179,72,36,208,29,139,50,46,1,79,32,128,99,239,76,6,123,52,128,255,6,136,204,173,60,186,122,
L651,264743,UT,04:59:40 23-May-2024,,,B,44.2900,-129.5358,CRC 209.186,07:28:05 23-May-2024,Status,90,48,35,54,0,8,97,50,59,157,193,88,132,221,116,178,140,141,76,49,215,26,145,,,,,,,,,
L651,264743,UT,07:00:00 23-May-2024,,,B,44.2785,-129.4364,CRC 0.3,07:00:00 23-May-2024,Status,16,54,13,,,,,,,,,,,,,,,,,,,,,,,,,,,,,
L651,264743,UT,07:19:15 23-May-2024,,,B,44.3344,-129.4578,CRC 10.2,07:19:15 23-May-2024,Status,10,8,16,,,,,,,,,,,,,,,,,,,,,,,,,,,,,
L651,264743,UT,08:05:35 23-May-2024,,,B,44.3537,-129.4489,CRC 5.3,08:05:35 23-May-2024,Status,69,14,6,,,,,,,,,,,,,,,,,,,,,,,,,,,,,
L651,264743,UT,19:20:54 23-May-2024,,,2,44.5169,-129.4828,CRC 13.5,19:20:54 23-May-2024,Status,45,254,21,,,,,,,,,,,,,,,,,,,,,,,,,,,,,
L651,264743,UT,19:23:50 23-May-2024,,,3,44.5144,-129.4577,CRC 1.4,19:23:50 23-May-2024,Status,17,63,75,,,,,,,,,,,,,,,,,,,,,,,,,,,,,
L651,264743,UT,19:34:53 23-May-2024,,,3,44.5144,-129.4577,CRC 9.5,19:34:53 23-May-2024,Status,73,18,32,,,,,,,,,,,,,,,,,,,,,,,,,,,,,
L651,264743,UT,22:30:19 24-May-2024,,,B,45.1897,-129.6208,CRC 0.12,22:30:19 24-May-2024,Status,16,40,203,,,,,,,,,,,,,,,,,,,,,,,,,,,,,
L651,264743,UT,17:56:53 25-May-2024,,,B,45.5129,-129.6527,CRC db.4d,16:53:54 25-May-2024,DSA,27,96,203,152,129,230,43,80,21,22,34,93,38,6,234,46,21,64,146,113,9,238,97,97,212,166,75,185,126,221,80,
L651,264743,UT,20:27:21 25-May-2024,,,B,45.5652,-129.6343,CRC fb.2e,20:00:54 25-May-2024,DSA,31,96,203,154,18,34,31,196,27,159,43,180,3,205,60,40,83,30,37,182,182,228,120,183,158,99,28,178,3,60,88,
L651,264743,UT,07:27:01 26-May-2024,,,B,45.7954,-129.6694,CRC 24.01,06:22:19 26-May-2024,DSA,4,128,203,163,49,205,25,248,25,41,51,206,28,51,63,234,214,35,190,54,77,38,160,227,22,101,26,237,58,176,0,
L651,264743,UT,05:50:15 27-May-2024,,,B,46.2399,-129.6883,CRC 34.44,05:33:11 27-May-2024,DSA,6,128,203,178,193,153,33,176,25,33,83,202,12,3,55,230,208,107,120,30,128,59,132,72,22,112,186,201,52,172,111,
L651,264743,UT,04:37:47 28-May-2024,,,B,46.4493,-129.7582,CRC 89.5b,04:10:49 28-May-2024,DSA,17,32,203,194,34,39,39,224,33,32,99,136,4,64,202,1,85,5,132,37,200,27,103,62,22,71,217,130,95,106,9,
L651,264743,UT,19:44:21 29-May-2024,,,B,47.1525,-129.0535,CRC 54.48,19:23:09 29-May-2024,DSA,10,128,203,217,177,155,36,232,18,149,177,86,3,65,161,106,149,29,113,134,150,199,147,169,132,214,224,164,168,159,255,
L651,264743,UT,20:36:55 29-May-2024,,,B,47.7186,-128.5822,CRC 54.89,19:23:09 29-May-2024,DSA,10,128,203,217,177,155,36,232,18,149,177,86,3,65,169,34,99,174,8,232,161,195,43,32,82,124,68,79,4,225,106,
L651,264743,UT,01:54:07 30-May-2024,,,B,47.0663,-128.7729,CRC 11.10,01:54:07 30-May-2024,Status,75,24,11,,,,,,,,,,,,,,,,,,,,,,,,,,,,,
L651,264743,UT,04:50:30 30-May-2024,,,B,46.8520,-127.4964,CRC 8.10,04:50:30 30-May-2024,Status,8,0,48,,,,,,,,,,,,,,,,,,,,,,,,,,,,,
L651,264743,UT,14:59:37 30-May-2024,,,B,46.9366,-127.2946,CRC 11.15,14:59:37 30-May-2024,Status,11,128,33,,,,,,,,,,,,,,,,,,,,,,,,,,,,,
L651,264743,UT,17:28:53 30-May-2024,,,B,46.9987,-127.1402,CRC 99.132,17:28:53 30-May-2024,Status,76,112,35,54,0,8,97,50,63,69,205,85,212,14,175,8,1,87,17,209,107,239,153,,,,,,,,,
L651,264743,UT,21:08:11 31-May-2024,,,B,47.0335,-126.8330,CRC 53.4e,20:01:11 31-May-2024,DSA,10,96,203,250,18,17,24,172,94,138,97,32,6,98,52,64,105,27,30,7,219,15,224,4,2,80,97,205,71,195,255,
L651,264743,UT,03:34:29 01-Jun-2024,,,B,47.2592,-125.5218,CRC 9a.40,02:23:08 01-Jun-2024,DSA,19,64,204,17,49,156,53,88,21,150,58,54,1,252,145,164,157,185,254,102,83,35,97,51,14,65,79,105,90,0,0,
L651,264743,UT,05:54:50 01-Jun-2024,,,B,47.1700,-125.7410,CRC 56.52,05:33:52 01-Jun-2024,DSA,10,192,204,18,193,112,25,232,21,27,186,122,11,101,60,228,69,11,114,29,129,184,128,255,10,113,2,9,88,182,0,
L651,264743,UT,13:27:53 01-Jun-2024,,,B,47.1373,-125.7639,CRC d8.23,12:06:37 01-Jun-2024,DSA,27,0,204,22,35,35,32,228,29,11,90,58,1,144,180,96,98,227,42,6,227,187,192,127,2,136,153,117,84,86,117,
L651,264743,UT,02:23:11 02-Jun-2024,,,B,47.4487,-125.3729,CRC e6.42,01:01:50 02-Jun-2024,DSA,28,192,204,32,145,234,34,208,25,30,226,170,4,51,63,226,96,66,208,6,244,38,192,58,6,69,48,85,87,244,0,
L651,264743,UT,17:47:26 02-Jun-2024,,,B,47.6914,-125.1143,CRC 89.cf,17:02:15 02-Jun-2024,DSA,17,32,204,40,145,209,24,8,24,33,27,254,11,196,186,32,206,26,178,14,150,46,227,214,2,113,16,93,69,34,0,
L651,264743,UT,17:47:26 02-Jun-2024,,,B,47.6876,-125.1260,CRC 89.7f,17:02:15 02-Jun-2024,DSA,17,32,204,40,145,209,24,8,24,33,27,254,11,196,186,32,206,26,178,14,150,46,227,214,2,113,16,93,69,34,4,
L651,264743,UT,17:47:26 02-Jun-2024,,,B,47.6942,-125.1762,CRC 89.cf,17:02:15 02-Jun-2024,DSA,17,32,204,40,145,209,24,8,24,33,27,254,11,196,186,32,206,26,178,14,150,46,227,214,2,113,16,93,69,34,0,
L651,264743,UT,18:32:50 02-Jun-2024,,,B,47.7210,-125.2240,CRC 202.161,18:32:51 02-Jun-2024,Status,89,80,35,54,0,8,97,50,49,74,12,211,148,15,65,2,1,210,16,192,188,237,76,,,,,,,,,
L651,264743,UT,21:02:06 02-Jun-2024,,,B,47.7649,-125.2661,CRC 13.96,20:47:08 02-Jun-2024,DSA,2,96,204,42,80,172,28,68,102,16,66,100,3,160,191,224,74,19,70,69,251,186,208,52,26,177,34,205,67,100,0,
L651,264743,UT,20:33:39 03-Jun-2024,,,B,48.2887,-125.3573,CRC a0.76,19:20:58 03-Jun-2024,DSA,20,0,204,57,178,30,41,8,33,46,28,172,3,164,194,96,64,92,28,14,103,58,224,222,2,136,177,105,49,178,110,
L651,264743,UT,06:20:09 04-Jun-2024,,,B,48.0885,-125.3943,CRC bda5.f22b,,,23,178,233,118,197,86,109,68,58,209,95,19,231,123,246,133,237,78,240,170,38,187,22,140,96,124,160,167,133,114,33,
L651,264743,UT,21:42:56 05-Jun-2024,,,,,,CRC 6.14,21:42:56 05-Jun-2024,Status,70,41,4,,,,,,,,,,,,,,,,,,,,,,,,,,,,,
L651,264743,UT,14:32:15 06-Jun-2024,,,B,47.3333,-126.3514,CRC 202.89,06:36:18 12-Jun-2024,Status,89,80,35,54,0,8,225,176,54,26,68,145,182,17,28,255,212,72,239,248,61,122,223,,,,,,,,,
L651,264743,UT,14:46:54 06-Jun-2024,,,B,47.3284,-126.3708,CRC 3.15,14:46:54 06-Jun-2024,Status,67,32,0,,,,,,,,,,,,,,,,,,,,,,,,,,,,,
L651,264743,UT,00:05:56 07-Jun-2024,,,B,47.3326,-126.3246,CRC 42.b6,22:54:27 06-Jun-2024,DSA,8,64,204,107,129,197,50,248,26,149,98,52,9,193,34,0,219,146,254,127,94,23,192,153,179,57,153,179,25,50,51,
L651,264743,UT,02:17:52 08-Jun-2024,,,B,47.3683,-126.2594,CRC 12.38,00:57:36 08-Jun-2024,DSA,2,64,204,128,146,232,46,40,36,144,226,38,1,165,176,128,93,12,42,7,91,47,224,52,2,116,125,193,98,32,120,
L651,264743,UT,03:28:41 09-Jun-2024,,,B,46.9965,-126.0624,CRC af.70,03:03:21 09-Jun-2024,DSA,21,224,204,145,145,143,33,156,26,173,99,236,52,70,60,166,206,19,8,5,229,54,3,255,0,124,193,25,79,74,125,
L651,264743,UT,04:11:58 09-Jun-2024,,,Z,47.3793,-125.0762,CRC af.6d,03:02:17 09-Jun-2024,DSA,21,224,204,145,145,207,33,156,24,189,99,236,52,70,60,166,206,19,72,5,165,54,3,255,2,124,209,25,71,10,109,
L651,264743,UT,02:54:54 10-Jun-2024,,,B,47.4983,-126.1855,CRC 0b.94,02:30:46 10-Jun-2024,DSA,1,96,204,161,66,42,53,176,31,149,35,64,2,8,49,128,99,123,254,111,44,38,194,38,6,136,127,185,15,236,206,
L651,264743,UT,17:51:08 11-Jun-2024,,,,,,CRC 77.6,13:56:04 19-Jun-2024,Status,73,182,77,178,201,38,219,38,201,183,129,2,160,137,84,144,218,222,56,90,217,233,150,219,202,52,147,219,125,16,35,
L651,264743,UT,04:46:50 12-Jun-2024,,,,,,CRC bc.f4,03:40:36 12-Jun-2024,DSA,23,128,204,193,210,52,43,200,45,36,84,116,67,27,35,162,210,234,233,228,145,80,254,1,242,189,238,69,124,255,92,
L651,264743,UT,02:52:43 13-Jun-2024,,,B,47.1959,-124.8873,CRC 0.5,02:52:43 13-Jun-2024,Status,16,55,12,,,,,,,,,,,,,,,,,,,,,,,,,,,,,
L651,264743,UT,03:14:20 13-Jun-2024,,,B,47.1575,-124.9193,CRC dd.bc,02:52:35 13-Jun-2024,DSA,27,160,204,209,130,53,50,100,37,47,20,112,3,98,65,160,207,36,90,5,159,52,32,127,2,156,147,237,77,66,110,
L651,264743,UT,08:45:19 13-Jun-2024,,,0,47.1338,-124.9890,CRC 14.11,08:45:19 13-Jun-2024,Status,46,204,9,,,,,,,,,,,,,,,,,,,,,,,,,,,,,
L651,264743,UT,05:08:15 15-Jun-2024,,,B,46.9796,-124.9941,CRC 0d.85,04:54:54 15-Jun-2024,DSA,1,160,204,242,129,170,19,128,51,137,112,36,6,169,44,128,72,111,223,213,173,134,244,2,240,132,48,100,138,0,0,
L651,264743,UT,12:26:39 15-Jun-2024,,,B,46.8095,-125.0052,CRC 64.42,11:14:47 15-Jun-2024,DSA,12,128,204,245,161,57,22,216,36,152,176,52,5,242,163,224,97,42,16,7,118,15,224,17,0,228,230,41,74,0,0,
L651,264743,UT,13:25:23 17-Jun-2024,,,B,46.6160,-124.8135,CRC 9b.f7,13:01:16 17-Jun-2024,DSA,19,96,205,22,146,12,47,176,35,29,75,68,2,86,50,65,96,99,254,54,176,180,96,201,2,148,195,221,64,124,104,
L651,264743,UT,17:06:09 19-Jun-2024,,,B,46.6718,-124.7153,CRC 08.e9,16:04:30 19-Jun-2024,DSA,1,0,205,56,17,74,41,52,16,177,129,30,3,211,33,0,76,98,24,7,84,15,224,7,1,33,49,237,86,0,0,
L651,264743,UT,19:22:00 19-Jun-2024,,,B,46.7088,-124.7475,CRC 10.15,19:22:00 19-Jun-2024,Status,10,192,16,,,,,,,,,,,,,,,,,,,,,,,,,,,,,
L651,264743,UT,20:56:24 19-Jun-2024,,,B,46.6846,-124.7243,CRC 0.9,,,144,54,28,,,,,,,,,,,,,,,,,,,,,,,,,,,,,
L651,264743,UT,04:21:38 20-Jun-2024,,,B,46.6853,-124.8155,CRC 2.4,04:21:38 20-Jun-2024,Status,50,23,2,,,,,,,,,,,,,,,,,,,,,,,,,,,,,
L651,264743,UT,05:03:34 20-Jun-2024,,,B,46.6554,-124.8558,CRC 7.3,05:03:34 20-Jun-2024,Status,55,12,2,,,,,,,,,,,,,,,,,,,,,,,,,,,,,
L651,264743,UT,06:50:05 20-Jun-2024,,,B,46.7075,-124.8114,CRC 209.88,03:50:48 06-Jun-2024,Status,90,48,35,54,64,13,97,176,51,15,44,57,171,75,4,125,1,176,8,97,38,130,172,,,,,,,,,
L651,264743,UT,08:19:44 20-Jun-2024,,,A,46.6622,-124.7911,CRC 76.202,08:19:46 20-Jun-2024,Status,73,144,35,54,0,8,97,50,58,33,59,150,150,22,122,254,1,192,16,80,70,200,63,,,,,,,,,
L651,264743,UT,17:22:21 20-Jun-2024,,,B,46.6355,-124.6730,CRC 6e.6b,16:13:22 20-Jun-2024,DSA,13,192,205,72,33,142,48,176,36,174,155,78,3,174,49,96,66,211,32,13,39,38,32,15,3,168,241,143,232,101,127,
L651,264743,UT,05:39:32 21-Jun-2024,,,B,46.5383,-124.2561,CRC c6.89,05:24:24 21-Jun-2024,DSA,24,192,205,82,177,80,25,212,32,166,27,166,19,224,182,50,65,127,212,157,129,56,98,255,163,140,215,51,20,184,0,
L651,264743,UT,15:40:18 21-Jun-2024,,,B,46.5773,-124.6414,CRC f0.45,15:10:45 21-Jun-2024,DSA,30,0,205,87,162,43,74,196,111,166,243,56,27,83,193,97,60,44,32,22,220,52,232,93,4,238,111,176,217,61,168,
L651,264743,UT,18:54:17 21-Jun-2024,,,B,46.5339,-124.5891,CRC 35.f4,18:32:38 21-Jun-2024,DSA,6,160,205,89,65,186,45,212,38,23,186,54,2,82,177,0,87,139,61,130,215,111,167,61,125,34,37,121,186,245,144,
L651,264743,UT,06:13:27 25-Jun-2024,,,,,,CRC 87.86,05:53:04 25-Jun-2024,DSA,16,224,205,147,2,24,85,236,52,5,25,18,11,2,67,65,194,108,42,12,165,194,2,255,2,28,139,37,98,148,105,
L651,264743,UT,13:06:56 25-Jun-2024,,,,,,CRC fb.c2,00:00:00 01-Apr-2014,LHX,31,96,178,106,48,245,148,130,85,196,55,44,88,65,231,221,224,54,215,3,125,175,56,223,192,131,46,241,85,149,152,
L651,264743,UT,02:46:09 26-Jun-2024,,,,,,CRC 37.ac,02:22:47 26-Jun-2024,DSA,6,224,205,161,49,177,57,184,47,191,21,70,3,143,177,224,69,20,40,21,47,51,96,127,2,148,112,85,97,2,105,
L651,264743,UT,07:12:47 26-Jun-2024,,,,,,CRC (both failed),,,55,0,205,163,17,93,35,48,55,6,25,24,66,32,51,130,208,243,116,13,133,51,32,127,6,64,118,224,92,172,106,
L651,264743,UT,01:34:33 27-Jun-2024,,,B,46.4763,-124.4793,CRC,,Fast-GPS,223,56,35,54,12,11,193,50,240,60,251,46,164,227,118,192,0,238,136,97,111,30,170,,,,,,,,,
L651,264743,UT,02:20:18 27-Jun-2024,,,B,46.4773,-124.4822,CRC 11.10,02:20:18 27-Jun-2024,Status,59,245,125,,,,,,,,,,,,,,,,,,,,,,,,,,,,,
L651,264743,UT,04:48:37 27-Jun-2024,,,B,46.4801,-124.4656,CRC 201.152,04:48:39 27-Jun-2024,Status,89,48,35,54,0,8,97,50,61,147,9,211,84,25,32,255,1,214,185,72,68,109,245,,,,,,,,,
L651,264743,UT,05:14:58 27-Jun-2024,,,B,46.4992,-124.5702,CRC 44.3c,04:54:43 27-Jun-2024,DSA,8,128,205,178,129,181,42,184,44,33,67,84,2,118,48,192,99,99,30,7,228,15,224,0,2,144,119,177,86,166,107,
L651,264743,UT,08:14:02 27-Jun-2024,,,B,46.4757,-124.5084,CRC 10.12,08:14:02 27-Jun-2024,Status,10,0,18,,,,,,,,,,,,,,,,,,,,,,,,,,,,,
L651,264743,UT,04:54:44 28-Jun-2024,,,B,46.4633,-124.4330,CRC 12.a8,04:35:28 28-Jun-2024,DSA,2,64,205,194,65,16,30,92,73,4,96,14,2,176,51,128,72,83,66,5,51,51,128,127,1,172,144,101,116,236,0,
L651,264743,UT,01:26:33 29-Jun-2024,,,B,46.4794,-124.4761,CRC c9.e4,00:22:55 29-Jun-2024,DSA,25,32,205,208,49,169,33,232,35,34,115,90,5,24,63,35,214,147,26,74,77,36,128,127,2,188,142,145,146,95,73,
L651,264743,UT,03:03:24 30-Jun-2024,,,B,46.6073,-124.4030,CRC 16.f6,02:40:38 30-Jun-2024,DSA,2,192,205,225,82,50,60,8,46,51,108,102,51,247,60,61,195,44,240,15,246,56,240,127,110,157,168,150,111,239,16,
L651,264743,UT,15:17:01 01-Jul-2024,,,B,46.3484,-124.4371,CRC db.2a,14:13:54 01-Jul-2024,DSA,27,96,206,23,33,110,34,232,33,157,11,72,1,241,176,96,52,155,90,14,49,63,226,227,2,156,163,173,127,66,0,
L651,264743,UT,21:48:40 01-Jul-2024,,,B,46.0700,-123.9613,CRC f7.ed,20:43:29 01-Jul-2024,DSA,30,224,206,26,81,135,28,44,33,136,121,38,1,194,180,128,54,51,80,6,66,188,96,255,2,124,141,101,121,238,0,
L651,264743,UT,04:48:39 03-Jul-2024,,,B,46.2659,-124.4450,CRC c9.36,03:42:19 03-Jul-2024,DSA,25,32,206,49,209,205,47,244,35,159,51,76,3,136,51,192,74,86,7,66,5,24,224,232,1,80,67,104,181,188,37,
L651,264743,UT,01:27:50 04-Jul-2024,,,0,46.2772,-124.5150,CRC 1.13,01:27:50 04-Jul-2024,Status,65,101,32,,,,,,,,,,,,,,,,,,,,,,,,,,,,,
L651,264743,UT,03:35:07 04-Jul-2024,,,B,46.2695,-124.5294,CRC 27.36,00:01:33 06-Jul-2024,Status,67,113,174,118,22,227,217,134,115,0,24,120,59,205,199,223,1,255,235,158,16,238,118,,,,,,,,,
L651,264743,UT,03:35:07 04-Jul-2024,,,B,46.2666,-124.5381,CRC 27.216,16:04:31 28-Jul-2024,Status,67,118,102,52,115,252,97,153,158,64,71,209,69,140,235,161,166,185,60,183,103,54,54,,,,,,,,,
L651,264743,UT,05:01:46 04-Jul-2024,,,0,46.2441,-124.5935,CRC 0.12,05:01:46 04-Jul-2024,Status,16,54,8,,,,,,,,,,,,,,,,,,,,,,,,,,,,,
L651,264743,UT,01:41:48 06-Jul-2024,,,B,45.9028,-125.7547,CRC a6.19,00:33:33 06-Jul-2024,DSA,20,192,206,96,65,131,37,204,32,164,99,86,3,67,53,160,201,107,58,13,182,53,34,127,22,136,180,173,116,224,105,
L651,264743,UT,03:12:52 08-Jul-2024,,,,,,CRC 10.7e,02:54:30 08-Jul-2024,DSA,2,0,206,129,129,194,33,220,30,162,91,124,3,22,183,98,83,107,228,70,232,175,224,220,10,116,229,117,133,4,101,
L651,264743,UT,13:58:31 08-Jul-2024,,,,,,CRC d5.74,12:56:02 08-Jul-2024,DSA,26,160,206,134,129,102,25,216,33,35,51,94,2,228,178,96,200,27,196,6,33,57,128,127,2,140,199,201,134,30,0,
L651,264743,UT,07:21:37 09-Jul-2024,,,,,,CRC 05.8b,06:12:29 09-Jul-2024,DSA,0,160,206,147,33,195,43,112,52,135,160,1,42,208,107,170,79,143,72,239,3,69,102,12,128,94,188,72,230,116,124,
L651,264743,UT,16:34:48 10-Jul-2024,,,A,45.7058,-124.4118,CRC 6.4,16:34:48 10-Jul-2024,Status,38,141,14,,,,,,,,,,,,,,,,,,,,,,,,,,,,,
L651,264743,UT,18:10:33 10-Jul-2024,,,B,45.7037,-124.4268,CRC 38.197,02:14:52 10-Jul-2024,Status,68,208,35,54,0,8,97,50,53,8,237,13,59,40,63,176,45,188,10,170,94,69,88,,,,,,,,,
L651,264743,UT,20:00:14 10-Jul-2024,,,A,45.7478,-124.4164,CRC 3.15,20:00:14 10-Jul-2024,Status,35,201,10,,,,,,,,,,,,,,,,,,,,,,,,,,,,,
L651,264743,UT,23:13:46 10-Jul-2024,,,B,45.7572,-124.3020,CRC 2.0,23:13:46 10-Jul-2024,Status,18,54,12,,,,,,,,,,,,,,,,,,,,,,,,,,,,,
L651,264743,UT,04:52:02 11-Jul-2024,,,B,45.7714,-124.4640,CRC 43.e1,03:42:06 11-Jul-2024,DSA,8,96,206,177,209,218,34,84,46,158,83,94,10,70,48,160,98,99,32,14,131,180,160,127,2,152,19,165,126,212,102,
L651,264743,UT,17:16:20 12-Jul-2024,,,B,45.7014,-124.4481,CRC 8e.ac,16:13:11 12-Jul-2024,DSA,17,192,206,200,33,153,41,72,33,33,91,74,5,70,191,224,225,91,60,6,222,52,224,18,82,210,218,90,148,146,146,
L651,264743,UT,06:26:42 13-Jul-2024,,,B,45.7575,-124.7082,CRC 96.82,06:02:37 13-Jul-2024,DSA,18,192,206,211,17,187,36,76,46,150,74,54,4,85,51,8,104,162,240,7,131,130,72,14,143,245,38,184,244,67,64,
L651,264743,UT,19:40:24 17-Jul-2024,,,0,45.7367,-124.5755,CRC 9.3,19:40:24 17-Jul-2024,Status,73,76,1,,,,,,,,,,,,,,,,,,,,,,,,,,,,,
L651,264743,UT,02:32:32 18-Jul-2024,,,B,45.8460,-124.5229,CRC 108.205,02:32:36 18-Jul-2024,Status,77,144,35,54,0,8,97,50,57,10,9,15,212,33,6,252,11,77,26,203,42,85,88,,,,,,,,,
L651,264743,UT,04:38:53 18-Jul-2024,,,,,,CRC 136.134,04:39:57 18-Jul-2024,Status,81,16,35,54,0,8,97,50,57,18,126,76,210,33,106,252,1,102,16,198,201,50,100,,,,,,,,,
L651,264743,UT,06:02:58 18-Jul-2024,,,B,45.9279,-124.5389,CRC 0.10,,,144,32,182,,,,,,,,,,,,,,,,,,,,,,,,,,,,,
L651,264743,UT,06:05:29 19-Jul-2024,,,B,45.9481,-124.5386,CRC 7d.2d,04:47:28 19-Jul-2024,DSA,15,160,207,50,131,104,187,172,27,93,18,102,18,246,40,32,81,43,120,45,241,182,2,127,30,32,172,157,124,196,0,
L651,264743,UT,09:21:37 19-Jul-2024,,,B,45.9562,-124.5047,CRC 8f.88,08:13:53 19-Jul-2024,DSA,17,224,207,52,33,111,40,224,29,29,130,88,3,118,40,193,196,75,94,45,149,55,165,127,42,52,215,77,110,172,0,
L651,264743,UT,12:42:17 24-Jul-2024,,,,,,CRC 05.13,11:32:42 24-Jul-2024,DSA,0,160,207,133,193,182,37,124,29,161,43,148,52,209,191,225,86,67,50,38,190,169,129,209,34,76,223,117,130,166,0,
L651,264743,UT,17:10:16 24-Jul-2024,,,3,45.4383,-124.3233,CRC 10.12,17:10:16 24-Jul-2024,Status,10,128,16,,,,,,,,,,,,,,,,,,,,,,,,,,,,,
L651,264743,UT,03:14:34 27-Jul-2024,,,B,45.4350,-124.4284,CRC ac.5e,02:53:45 27-Jul-2024,DSA,21,128,207,177,129,239,53,56,46,41,251,80,11,160,68,194,237,36,193,9,123,105,254,63,9,135,40,6,248,9,45,
L651,264743,UT,03:14:34 27-Jul-2024,,,B,45.3840,-124.4411,CRC ac.5d,02:53:45 27-Jul-2024,DSA,21,128,207,177,129,239,53,56,46,41,251,80,11,160,68,194,205,44,228,29,159,179,192,127,26,124,132,61,129,4,112,
L651,264743,UT,07:10:30 30-Jul-2024,,,B,45.5295,-124.5026,CRC 9c.c1,20:11:17 29-Jul-2024,DSA,19,128,207,218,52,99,203,22,96,19,90,56,218,230,222,31,236,110,50,124,187,240,255,224,127,102,225,55,62,170,27,
L651,264743,UT,13:38:02 31-Jul-2024,,,B,45.5719,-124.4286,CRC 5.1,13:38:02 31-Jul-2024,Status,37,152,18,,,,,,,,,,,,,,,,,,,,,,,,,,,,,
L651,264743,UT,17:20:04 31-Jul-2024,,,B,45.5947,-124.3780,CRC 0.12,17:20:04 31-Jul-2024,Status,16,54,8,,,,,,,,,,,,,,,,,,,,,,,,,,,,,
L651,264743,UT,17:20:04 31-Jul-2024,,,B,45.5982,-124.3767,CRC 0.8,17:20:04 31-Jul-2024,Status,16,62,12,,,,,,,,,,,,,,,,,,,,,,,,,,,,,
L651,264743,UT,19:08:59 31-Jul-2024,,,0,45.6019,-124.4023,CRC 8.10,19:08:59 31-Jul-2024,Status,8,0,16,,,,,,,,,,,,,,,,,,,,,,,,,,,,,
L651,264743,UT,03:48:48 01-Aug-2024,,,B,45.6170,-124.4609,CRC 0.3,03:48:48 01-Aug-2024,Status,48,54,12,,,,,,,,,,,,,,,,,,,,,,,,,,,,,
L651,264743,UT,04:44:39 01-Aug-2024,,,0,45.6046,-124.4507,CRC 92.146,04:44:43 01-Aug-2024,Status,75,144,35,54,0,8,97,50,48,146,202,205,144,38,176,254,1,65,16,230,43,173,92,,,,,,,,,
L651,264743,UT,07:37:41 01-Aug-2024,,,B,45.4994,-124.4882,CRC 10.0,07:37:41 01-Aug-2024,Status,10,2,16,,,,,,,,,,,,,,,,,,,,,,,,,,,,,
L651,264743,UT,19:24:55 01-Aug-2024,,,B,45.8180,-124.4363,CRC 23.ca,19:01:25 01-Aug-2024,DSA,4,96,208,25,146,3,52,212,41,155,115,80,2,58,49,32,85,131,254,110,41,52,229,213,10,124,137,5,131,214,107,
L651,264743,UT,22:10:13 02-Aug-2024,,,B,45.6230,-124.4169,CRC 4d.c2,21:40:27 02-Aug-2024,DSA,9,160,208,42,210,61,40,28,44,156,147,98,18,70,181,33,77,11,254,110,105,184,190,74,2,128,116,249,159,88,108,
L651,264743,UT,18:44:42 03-Aug-2024,,,B,45.5634,-124.4406,CRC a2.a6,17:32:08 03-Aug-2024,DSA,20,64,208,56,193,216,37,152,35,32,115,110,12,8,63,230,92,91,176,30,71,50,129,236,2,128,136,205,147,82,107,
L651,264743,UT,21:12:18 03-Aug-2024,,,B,45.5655,-124.4503,CRC 0a.df,20:59:20 03-Sep-2024,DSA,1,64,210,58,146,128,62,24,39,223,155,86,19,13,57,36,63,171,32,14,57,175,229,231,14,116,116,193,149,164,109,
L651,264743,UT,06:22:04 06-Aug-2024,,,,,,CRC fb.e2,05:13:33 06-Aug-2024,DSA,31,96,208,98,161,131,25,200,32,142,209,52,10,0,41,228,47,154,54,5,208,190,65,255,6,108,221,193,154,172,0,
L651,264743,UT,15:43:00 06-Aug-2024,,,,,,CRC ba.f2,15:20:36 06-Aug-2024,DSA,23,64,208,103,178,52,37,212,42,162,211,118,2,155,179,194,59,227,162,70,12,191,228,254,6,128,108,49,143,92,113,
L651,264743,UT,12:00:42 07-Aug-2024,,,B,45.6900,-124.4633,CRC 12.8a,11:27:34 07-Aug-2024,DSA,2,64,208,117,194,234,36,172,35,11,50,44,3,115,50,96,100,167,99,28,203,148,1,58,233,35,247,18,246,187,136,
L651,264743,UT,18:30:38 07-Aug-2024,,,0,45.5873,-124.5304,CRC db.45,18:10:33 07-Aug-2024,DSA,27,96,208,121,34,55,41,104,44,33,211,104,2,223,181,226,56,203,68,53,254,63,233,248,10,136,49,29,149,114,111,
L651,264743,UT,00:43:34 08-Aug-2024,,,B,45.6277,-124.5653,CRC 11.14,,,11,103,4,,,,,,,,,,,,,,,,,,,,,,,,,,,,,
L651,264743,UT,18:40:13 08-Aug-2024,,,B,45.6399,-124.5479,CRC 14.3d,17:31:08 08-Aug-2024,DSA,2,128,208,136,194,20,40,160,37,161,163,104,12,170,191,224,77,203,30,30,89,57,34,105,2,120,96,181,133,128,110,
L651,264743,UT,11:59:08 09-Aug-2024,,,B,45.6540,-124.4272,CRC af.90,10:33:52 09-Aug-2024,DSA,21,224,208,149,83,200,30,64,41,156,187,198,2,140,51,96,238,187,82,7,68,185,0,95,2,100,113,57,138,254,79,
L651,264743,UT,18:04:46 10-Aug-2024,,,B,45.5478,-124.5762,CRC 27.53,17:37:45 10-Aug-2024,DSA,4,224,208,168,210,223,46,216,95,31,195,123,4,242,207,195,212,44,52,39,35,175,225,156,2,136,112,181,149,106,114,
L651,264743,UT,13:14:27 14-Aug-2024,,,B,45.7106,-124.5656,CRC 1.0,13:14:27 14-Aug-2024,Status,17,54,12,,,,,,,,,,,,,,,,,,,,,,,,,,,,,
L651,264743,UT,14:47:29 14-Aug-2024,,,B,45.7612,-124.5559,CRC 49.131,12:06:27 14-Aug-2024,Status,70,48,35,182,10,8,37,115,55,48,102,233,233,119,243,34,62,49,136,98,230,238,174,,,,,,,,,
L651,264743,UT,18:01:05 14-Aug-2024,,,B,45.7516,-124.5871,CRC 0.12,18:01:05 14-Aug-2024,Status,16,58,12,,,,,,,,,,,,,,,,,,,,,,,,,,,,,
L651,264743,UT,18:45:03 14-Aug-2024,,,B,45.7551,-124.6196,CRC 3.2,18:45:03 14-Aug-2024,Status,67,106,4,,,,,,,,,,,,,,,,,,,,,,,,,,,,,
L651,264743,UT,19:39:53 14-Aug-2024,,,A,45.7256,-124.6093,CRC 12.15,19:39:53 14-Aug-2024,Status,76,108,5,,,,,,,,,,,,,,,,,,,,,,,,,,,,,
L651,264743,UT,20:24:07 14-Aug-2024,,,B,45.7308,-124.6204,CRC 2.10,20:24:07 14-Aug-2024,Status,2,0,16,,,,,,,,,,,,,,,,,,,,,,,,,,,,,
L651,264743,UT,01:30:02 15-Aug-2024,,,B,45.7559,-124.6492,CRC 11.12,01:30:02 15-Aug-2024,Status,91,144,35,,,,,,,,,,,,,,,,,,,,,,,,,,,,,
L651,264743,UT,03:52:40 15-Aug-2024,,,B,45.7290,-124.4678,CRC 126.92,03:52:46 15-Aug-2024,Status,79,208,35,54,0,8,97,50,55,143,75,150,90,108,105,134,19,110,28,194,68,65,19,,,,,,,,,
L651,264743,UT,01:01:49 17-Aug-2024,,,,,,CRC 03.cc,00:41:40 17-Aug-2024,DSA,0,96,209,16,81,244,35,159,225,116,255,170,152,130,181,17,251,107,113,51,187,139,111,239,63,95,224,39,159,107,155,
L651,264743,UT,05:05:13 17-Aug-2024,,,,,,CRC 14.244,05:05:13 17-Aug-2024,Status,65,192,193,18,147,63,95,47,248,35,49,6,223,105,12,177,23,194,112,223,167,224,48,12,231,15,47,76,10,224,222,
L651,264743,UT,07:25:41 18-Aug-2024,,,B,45.8692,-124.6095,CRC 9d.72,07:00:01 18-Aug-2024,DSA,19,160,209,35,146,87,37,92,33,17,138,48,21,176,51,119,61,32,88,202,221,12,78,88,23,124,111,37,15,147,176,
L651,264743,UT,07:26:25 18-Aug-2024,,,B,45.8692,-124.6095,CRC 55.225,07:47:58 22-Aug-2024,Status,70,240,35,54,0,8,97,50,59,30,254,168,19,215,221,135,231,51,106,152,147,73,113,,,,,,,,,
L651,264743,UT,04:23:23 22-Aug-2024,,,B,45.7460,-124.4635,CRC 8.11,04:23:23 22-Aug-2024,Status,56,203,0,,,,,,,,,,,,,,,,,,,,,,,,,,,,,
L651,264743,UT,19:43:09 22-Aug-2024,,,B,45.5341,-124.1125,CRC 37.57,19:20:13 22-Aug-2024,DSA,6,224,209,105,178,75,49,240,59,29,91,94,2,167,181,97,57,99,68,22,126,191,231,184,134,140,237,122,28,30,134,
L651,264743,UT,14:13:55 25-Aug-2024,,,,,,CRC 43.eb,13:50:47 25-Aug-2024,DSA,8,96,209,151,2,161,68,244,41,23,123,84,2,69,50,224,48,179,64,62,152,63,233,43,2,136,163,101,149,22,112,
L651,264743,UT,14:13:55 25-Aug-2024,,,,,,CRC 43.1b,13:50:47 25-Aug-2024,DSA,8,96,209,151,2,161,68,244,41,23,123,84,2,69,50,224,48,179,64,62,152,63,233,43,2,136,163,229,149,62,48,
L651,264743,UT,14:33:57 27-Aug-2024,,,,,,CRC 0e.de,13:02:18 27-Aug-2024,DSA,1,192,209,182,182,126,76,60,39,21,89,76,20,232,63,241,86,59,26,6,27,180,228,178,14,120,182,41,140,134,112,
L651,264743,UT,18:00:44 27-Aug-2024,,,,,,CRC b6.13,16:51:28 27-Aug-2024,DSA,22,192,209,184,130,120,48,113,251,238,206,188,252,222,29,199,249,246,127,206,209,54,76,6,160,78,143,130,50,246,142,
L651,264743,UT,03:48:31 28-Aug-2024,,,,,,CRC a3.aa,02:37:13 28-Aug-2024,DSA,20,96,209,193,82,255,254,47,195,75,154,121,6,253,207,195,224,209,254,206,169,162,48,5,255,255,176,2,192,4,67,
L651,264743,UT,23:27:12 28-Aug-2024,,,B,45.5302,-124.3996,CRC 10.12,23:27:12 28-Aug-2024,Status,10,0,18,,,,,,,,,,,,,,,,,,,,,,,,,,,,,
L651,264743,UT,02:20:32 29-Aug-2024,,,B,45.5184,-124.3957,CRC 67.ba,01:49:48 29-Aug-2024,DSA,12,224,209,209,2,220,26,212,42,88,185,223,195,198,0,255,245,249,128,62,209,186,88,90,129,96,43,226,150,251,146,
L651,264743,UT,06:10:52 29-Aug-2024,,,B,45.5878,-124.2093,CRC 11.10,06:10:52 29-Aug-2024,Status,11,0,16,,,,,,,,,,,,,,,,,,,,,,,,,,,,,
L651,264743,UT,16:08:42 30-Aug-2024,,,B,45.4094,-124.0097,CRC 3f.8b,14:51:51 30-Aug-2024,DSA,7,224,209,231,130,97,51,240,43,26,107,120,3,40,55,2,59,99,34,15,183,63,233,40,2,132,128,53,133,50,112,
L651,264743,UT,20:03:40 31-Aug-2024,,,,,,CRC 4c.9f,18:46:07 31-Aug-2024,DSA,9,128,209,249,131,185,47,148,43,154,155,150,11,231,189,35,100,160,57,132,114,50,200,77,129,32,194,121,102,194,48,
L651,264743,UT,05:29:20 01-Sep-2024,,,,,,CRC 24.ed,00:41:20 01-Sep-2024,DSA,4,128,210,16,150,184,13,24,43,138,26,214,0,224,160,64,126,250,11,252,114,245,228,6,74,252,94,11,215,144,1,
L651,264743,UT,20:07:22 01-Sep-2024,,,,,,CRC 4f.2b,18:50:48 01-Sep-2024,DSA,9,224,210,25,130,160,37,148,40,152,123,180,19,105,60,226,93,91,254,46,168,52,64,192,2,124,88,97,131,116,114,
L651,264743,UT,01:47:46 02-Sep-2024,,,,,,CRC 43.2c,,,8,96,210,32,242,82,39,224,42,23,88,168,8,18,191,229,80,177,90,38,171,3,31,84,131,22,57,198,192,26,57,
L651,264743,UT,19:18:35 02-Sep-2024,,,,,,CRC 8e.ed,17:58:58 02-Sep-2024,DSA,17,192,210,41,18,150,33,28,46,151,19,166,135,70,191,66,75,205,183,11,17,138,89,96,3,78,219,212,195,129,56,
L651,264743,UT,21:42:31 02-Sep-2024,,,,,,CRC 13.ca,21:20:00 02-Sep-2024,DSA,2,96,210,42,178,88,34,244,54,28,99,134,3,70,247,33,221,119,246,110,23,183,141,201,253,89,116,89,127,38,112,
L651,264743,UT,05:50:40 03-Sep-2024,,,,,,CRC 6c.93,03:53:10 03-Sep-2024,DSA,13,128,210,50,2,18,11,199,255,145,82,248,26,77,170,96,55,67,254,18,218,41,64,103,2,96,113,197,122,176,0,
L651,264743,UT,12:45:01 03-Sep-2024,,,,,,CRC 8a.d2,11:27:27 03-Sep-2024,DSA,17,64,210,53,194,241,53,140,44,142,122,66,3,129,191,96,107,90,10,54,1,231,217,134,253,125,204,226,253,65,0,
L651,264743,UT,12:18:50 04-Sep-2024,,,,,,CRC 12.5,,,108,65,5,,,,,,,,,,,,,,,,,,,,,,,,,,,,,
L651,264743,UT,01:18:54 05-Sep-2024,,,A,45.6019,-124.3065,Length 11?,,,62,69,3,142,226,181,6,142,178,178,147,,,,,,,,,,,,,,,,,,,,,
L651,264743,UT,01:44:03 05-Sep-2024,,,B,45.6023,-124.3063,CRC be.62,,,23,198,20,183,116,84,190,237,181,11,197,192,2,212,159,241,244,185,162,7,144,217,96,14,3,76,76,228,182,161,57,
L651,264743,UT,01:58:59 05-Sep-2024,,,B,45.6012,-124.3074,CRC 8.15,01:58:59 05-Sep-2024,Status,24,112,114,,,,,,,,,,,,,,,,,,,,,,,,,,,,,
L651,264743,UT,02:41:24 05-Sep-2024,,,B,45.6019,-124.3094,CRC 10.6,02:41:24 05-Sep-2024,Status,74,66,0,,,,,,,,,,,,,,,,,,,,,,,,,,,,,
L651,264743,UT,05:47:26 05-Sep-2024,,,B,45.6001,-124.4753,CRC 0.1,,,128,211,153,,,,,,,,,,,,,,,,,,,,,,,,,,,,,
L651,264743,UT,06:53:50 05-Sep-2024,,,B,45.6291,-124.5156,CRC 10.6,06:53:50 05-Sep-2024,Status,10,0,20,,,,,,,,,,,,,,,,,,,,,,,,,,,,,
L651,264743,UT,12:39:04 06-Sep-2024,,,B,45.6904,-124.5116,CRC ca.82,12:09:13 06-Sep-2024,DSA,25,64,210,102,34,135,94,176,44,14,114,32,5,133,47,239,99,194,48,15,25,162,97,12,10,100,117,77,116,0,0,
L651,264743,UT,13:28:57 06-Sep-2024,,,B,45.6631,-124.4915,CRC ca.4f,12:09:13 06-Sep-2024,DSA,25,64,210,102,34,135,94,176,44,14,114,32,5,133,47,239,99,194,17,15,25,34,64,70,1,20,63,197,48,7,224,
L651,264743,UT,13:01:58 07-Sep-2024,,,B,45.6824,-124.4901,CRC e8.94,12:25:54 07-Sep-2024,DSA,29,0,210,118,67,78,76,32,34,10,122,50,2,154,39,229,62,179,84,62,122,191,209,43,14,92,172,173,122,132,113,
L651,264743,UT,19:22:25 08-Sep-2024,,,B,45.7872,-124.4922,CRC e8.d1,18:50:17 08-Sep-2024,DSA,29,0,210,137,130,191,40,180,49,149,99,162,3,248,62,32,232,107,254,162,199,179,226,47,2,120,104,181,107,76,113,
L651,264743,UT,14:51:25 10-Sep-2024,,,,,,CRC 4f.26,14:18:05 10-Sep-2024,DSA,9,224,210,167,50,203,64,84,42,16,59,84,1,102,49,32,106,79,254,134,244,177,33,151,2,140,156,33,104,172,115,
L651,264743,UT,18:12:46 10-Sep-2024,,,,,,CRC,,Fast-GPS,135,128,210,168,210,152,84,72,39,23,107,80,2,120,49,224,105,131,255,30,229,176,160,17,2,132,180,101,115,166,112,
L651,264743,UT,04:41:00 11-Sep-2024,,,,,,CRC 54.f6,03:31:28 11-Sep-2024,DSA,10,128,210,177,194,0,46,16,34,20,186,76,11,50,55,237,66,2,104,22,221,63,171,135,125,127,115,14,201,51,255,
L651,264743,UT,12:39:39 11-Sep-2024,,,,,,CRC 173.62,12:38:40 11-Sep-2024,Status,85,176,35,54,0,8,97,50,53,178,106,11,221,141,115,153,62,244,108,192,51,32,212,,,,,,,,,
L651,264743,UT,15:08:56 11-Sep-2024,,,,,,CRC 226.73,15:09:03 11-Sep-2024,Status,92,80,37,34,16,0,33,50,53,188,144,193,208,53,136,254,1,228,15,196,190,36,96,,,,,,,,,
L651,264743,UT,18:45:53 11-Sep-2024,,,B,45.7698,-124.7703,CRC 0.11,18:45:53 11-Sep-2024,Status,16,113,125,,,,,,,,,,,,,,,,,,,,,,,,,,,,,
L651,264743,UT,19:44:22 11-Sep-2024,,,B,45.7484,-124.5286,CRC 0.12,19:44:22 11-Sep-2024,Status,16,54,8,,,,,,,,,,,,,,,,,,,,,,,,,,,,,
L651,264743,UT,13:56:57 12-Sep-2024,,,B,45.7136,-124.2265,CRC 99.7c,13:07:55 06-Sep-2024,DSA,19,32,210,102,162,213,144,192,49,222,203,239,223,131,200,10,238,189,181,31,97,26,128,204,1,66,96,106,175,69,57,
L651,264743,UT,05:35:27 15-Sep-2024,,,,,,CRC 74.05,04:20:22 15-Sep-2024,DSA,14,128,210,242,50,66,34,96,33,23,226,150,13,22,72,160,97,232,246,7,3,138,47,242,58,80,255,73,158,184,103,
L651,264743,UT,18:59:34 15-Sep-2024,,,,,,CRC c7.c0,19:06:59 15-Sep-2024,DSA,24,224,210,249,199,189,84,73,50,35,244,223,18,169,251,52,139,132,135,186,169,101,188,58,21,177,218,7,170,38,64,
L651,264743,UT,21:03:31 16-Sep-2024,,,,,,CRC d2.7a,20:21:51 16-Sep-2024,DSA,26,64,211,10,68,65,64,76,71,36,148,254,19,249,200,0,77,13,228,244,111,70,184,244,24,238,52,193,130,225,216,
L651,264743,UT,07:18:10 18-Sep-2024,,,B,43.3464,-125.7703,CRC 59.128,07:18:10 18-Sep-2024,Status,71,112,35,54,0,8,97,71,101,39,202,4,77,102,58,216,60,69,64,79,66,112,70,,,,,,,,,
L651,264743,UT,18:49:52 18-Sep-2024,,,A,43.2012,-125.7515,CRC 1.2,,,97,101,4,,,,,,,,,,,,,,,,,,,,,,,,,,,,,
L651,264743,UT,19:06:29 18-Sep-2024,,,B,43.2021,-125.7573,CRC 234.66,19:06:37 18-Sep-2024,Status,93,80,35,54,0,8,113,50,57,76,105,85,208,56,169,4,3,140,14,197,222,79,96,,,,,,,,,
L651,264743,UT,05:29:51 21-Sep-2024,,,B,42.2285,-125.8813,CRC ce.e2,05:10:51 21-Sep-2024,DSA,25,192,211,82,162,37,8,168,29,16,82,254,2,106,42,128,114,34,144,7,80,165,0,79,2,108,168,177,68,0,0,
L651,264743,UT,05:55:45 22-Sep-2024,,,B,42.0022,-125.5694,CRC da.0f,05:26:56 22-Sep-2024,DSA,27,64,211,98,195,16,57,24,43,147,242,90,3,9,62,9,196,155,74,37,17,71,161,255,64,97,3,124,250,150,193,
L651,264743,UT,21:24:22 22-Sep-2024,,,B,41.8033,-125.2192,CRC e7.0b,19:56:26 22-Sep-2024,DSA,28,224,211,106,19,46,125,56,51,172,150,254,3,73,3,68,216,28,69,149,57,28,101,167,24,165,117,106,221,138,187,
L651,264743,UT,03:50:22 24-Sep-2024,,,B,41.1472,-125.3929,CRC 75.5d,,,14,160,248,166,254,84,142,77,28,11,142,56,113,199,28,112,231,29,199,63,162,247,223,83,178,126,47,166,236,108,102,
L651,264743,UT,05:57:46 25-Sep-2024,,,3,40.8403,-125.0489,CRC 146.103,05:57:54 25-Sep-2024,Status,82,80,35,54,0,8,97,50,60,151,157,149,16,58,107,0,1,238,14,66,27,141,98,,,,,,,,,
L651,264743,UT,06:05:07 25-Sep-2024,,,3,40.8403,-125.0489,CRC 4.0,06:05:07 25-Sep-2024,Status,20,54,12,,,,,,,,,,,,,,,,,,,,,,,,,,,,,
L651,264743,UT,14:24:57 25-Sep-2024,,,B,40.7482,-124.9475,CRC 0.12,14:24:57 25-Sep-2024,Status,16,54,40,,,,,,,,,,,,,,,,,,,,,,,,,,,,,
L651,264743,UT,07:22:05 27-Sep-2024,,,,,,CRC 50.c6,07:00:09 27-Sep-2024,DSA,10,0,211,179,146,79,30,96,61,21,178,158,11,104,63,226,193,67,52,6,83,63,226,194,2,116,250,181,80,158,116,
L651,264743,UT,18:47:48 27-Sep-2024,,,,,,CRC 61.45,,,12,40,209,185,36,59,64,212,54,29,116,226,3,221,207,238,74,148,78,45,187,204,14,214,6,144,144,165,97,66,116,
L651,264743,UT,19:46:44 27-Sep-2024,,,,,,CRC 61.62,18:01:57 27-Sep-2024,DSA,12,32,211,185,36,59,64,212,54,29,116,226,3,221,207,238,74,212,78,45,187,108,12,10,93,112,184,168,43,68,188,
L651,264743,UT,04:51:21 30-Sep-2024,,,,,,CRC 1f.65,03:58:14 30-Sep-2024,DSA,3,224,211,226,0,226,25,240,31,8,224,28,1,244,148,96,38,57,18,3,70,2,160,127,6,33,192,97,100,8,0,
L651,264743,UT,02:44:17 01-Oct-2024,,,,,,CRC 15.80,01:14:13 01-Oct-2024,DSA,2,160,212,16,179,179,63,252,53,168,164,254,4,140,203,167,212,188,102,61,169,65,129,69,6,128,173,63,81,224,120,
L651,264743,UT,05:21:40 02-Oct-2024,,,,,,CRC 179.186,05:21:40 02-Oct-2024,Status,86,112,35,54,0,8,97,50,48,21,73,19,18,73,101,22,73,99,23,195,107,60,219,,,,,,,,,
L651,264743,UT,15:24:15 02-Oct-2024,,,B,38.1530,-123.7725,CRC 2.12,15:24:15 02-Oct-2024,Status,18,38,88,,,,,,,,,,,,,,,,,,,,,,,,,,,,,
L651,264743,UT,17:45:53 02-Oct-2024,,,B,38.1719,-123.8402,CRC a0.72,16:02:01 02-Oct-2024,DSA,20,0,212,40,36,55,65,200,75,185,158,75,32,10,206,9,115,180,78,64,198,96,128,192,183,56,138,104,128,24,131,
L651,264743,UT,18:07:07 02-Oct-2024,,,B,38.1114,-123.7679,CRC 8.14,18:07:07 02-Oct-2024,Status,72,55,6,,,,,,,,,,,,,,,,,,,,,,,,,,,,,
L651,264743,UT,02:22:46 03-Oct-2024,,,B,37.9275,-123.8338,CRC,01:06:27 12-Nov-2023,Fast-GPS,221,176,35,54,0,12,97,51,38,2,64,62,186,55,110,93,18,251,244,204,134,27,147,,,,,,,,,
L651,264743,UT,05:07:57 03-Oct-2024,,,B,37.9207,-123.6501,CRC 4.7,05:07:57 03-Oct-2024,Status,68,4,4,,,,,,,,,,,,,,,,,,,,,,,,,,,,,
L651,264743,UT,05:29:53 03-Oct-2024,,,B,37.9187,-123.6505,CRC 2.15,05:29:53 03-Oct-2024,Status,50,63,3,,,,,,,,,,,,,,,,,,,,,,,,,,,,,
L651,264743,UT,17:00:36 03-Oct-2024,,,B,37.7616,-123.6440,CRC 8d.aa,16:21:25 03-Oct-2024,DSA,17,160,212,56,68,91,38,196,49,159,20,254,4,25,77,10,204,225,78,166,63,188,193,6,106,252,183,184,66,168,179,
L651,264743,UT,03:26:38 04-Oct-2024,,,B,37.6670,-123.6382,CRC 24.08,,,4,141,215,71,186,129,70,178,19,211,88,224,171,249,200,47,152,11,30,49,167,53,79,196,61,75,30,247,99,40,248,
L651,264743,UT,13:27:31 04-Oct-2024,,,B,37.8380,-123.4625,CRC 89.8b,12:57:32 04-Oct-2024,DSA,17,32,212,70,146,236,28,208,37,15,42,124,2,249,46,96,85,146,176,15,32,175,224,51,2,33,107,229,92,0,0,
L651,264743,UT,16:39:05 04-Oct-2024,,,B,37.8243,-123.3692,CRC b6.bc,16:23:20 04-Oct-2024,DSA,22,192,212,72,49,144,63,112,27,141,34,32,1,53,32,192,112,74,254,7,81,33,32,10,2,96,235,169,80,0,64,
L651,264743,UT,03:08:07 05-Oct-2024,,,B,37.5265,-122.9470,CRC b6.f3,02:38:33 05-Oct-2024,DSA,22,192,212,81,82,175,33,212,8,170,163,254,20,12,188,36,204,20,68,6,194,188,64,184,2,72,230,17,106,150,130,
L651,264743,UT,07:35:29 05-Oct-2024,,,B,37.4312,-122.8553,CRC 59.52,05:59:22 05-Oct-2024,DSA,11,32,212,83,36,214,52,56,56,24,20,176,3,24,134,212,98,170,103,3,140,220,34,161,248,160,40,122,89,129,160,
L651,264743,UT,14:09:38 05-Oct-2024,,,B,37.2874,-122.7190,CRC d2.6b,13:37:57 05-Oct-2024,DSA,26,64,212,86,210,211,30,80,45,19,43,172,3,132,79,226,202,52,128,14,183,62,96,84,2,128,221,1,105,84,128,
L651,264743,UT,04:23:18 09-Oct-2024,,,A,36.7252,-122.1445,CRC 1.13,04:23:18 09-Oct-2024,Status,33,204,27,,,,,,,,,,,,,,,,,,,,,,,,,,,,,
L651,264743,UT,15:42:36 09-Oct-2024,,,3,37.0377,-122.2638,CRC 14.12,15:42:36 09-Oct-2024,Status,14,105,40,,,,,,,,,,,,,,,,,,,,,,,,,,,,,
