Prog,PTT,Len,Satellite,Class,Pass,PassDate,PassTime,Latitude,Longitude,Comment,Frequency,Power,IQ,Dups,MsgDate,MsgTime,Latitude2,Longitude2,Duration,Error radius,Error Semi-major axis,Error Semi-minor axis,Error Ellipse orientation,Offset,Offset orientation,SENSOR #01,SENSOR #02,SENSOR #03,SENSOR #04,SENSOR #05,SENSOR #06,SENSOR #07,SENSOR #08,SENSOR #09,SENSOR #10,SENSOR #11,SENSOR #12,SENSOR #13,SENSOR #14,SENSOR #15,SENSOR #16,SENSOR #17,SENSOR #18,SENSOR #19,SENSOR #20,SENSOR #21,SENSOR #22,SENSOR #23,SENSOR #24,SENSOR #25,SENSOR #26,SENSOR #27,SENSOR #28,SENSOR #29,SENSOR #30,SENSOR #31,SENSOR #32
3395,160381,23,NP, ,3,18-May-2017,14:43:34,,,,401650000,-129,,0,18-May-2017,14:43:34,,,,,,,,,,27,1,149,128,0,52,130,212,202,0,129,8,48,8,33,147,33,151,204,102,51,72,0,,,,,,,,,
3395,160381,23,NN, ,4,23-May-2017,06:15:59,,,,401650000,-133,,0,23-May-2017,06:15:59,,,,,,,,,,30,161,149,152,0,52,130,212,214,0,128,144,34,7,1,219,174,8,237,165,187,14,65,,,,,,,,,
3395,160381,31,SR, ,5,25-May-2017,05:04:40,,,,401650000,-131,,0,25-May-2017,05:04:40,,,,,,,,,,6,1,74,228,150,174,192,38,192,105,144,50,86,16,137,4,32,56,91,84,239,212,106,215,14,140,19,169,239,97,162,
3395,160381,23,NN, ,6,31-May-2017,06:29:07,,,,401650000,-130,,0,31-May-2017,06:29:07,,,,,,,,,,19,193,149,198,5,48,74,141,182,252,179,17,139,19,155,82,104,166,169,60,237,210,73,,,,,,,,,
3395,160381,23,NP, ,7,02-Jun-2017,02:44:16,,,,401650000,-132,,0,02-Jun-2017,02:44:16,,,,,,,,,,30,129,150,8,16,55,66,212,226,0,208,9,152,28,75,24,156,157,198,35,28,128,196,,,,,,,,,
3395,160381,23,SR,B,8,02-Jun-2017,04:19:32,21.4668,-157.7446,,401650000,-122,6,0,02-Jun-2017,04:19:06,21.4668,-157.7446,52,,,,,,,11,33,149,160,0,48,66,212,222,0,128,112,31,6,136,190,115,151,76,230,170,15,255,,,,,,,,,
3395,160381,23,SR,B,8,02-Jun-2017,04:19:32,21.4668,-157.7446,,401650000,-122,6,0,02-Jun-2017,04:19:58,21.4668,-157.7446,52,,,,,,,19,225,149,192,2,114,130,212,214,0,128,64,17,4,34,35,17,152,77,166,243,232,0,,,,,,,,,
3395,160381,23,NN,A,9,02-Jun-2017,04:21:53,21.4564,-157.7376,,401677331,-128,6,0,02-Jun-2017,04:19:06,21.4564,-157.7376,452,347,1600,75,140,,,11,33,149,160,0,48,66,212,222,0,128,112,31,6,136,190,115,151,76,228,163,248,0,,,,,,,,,
3395,160381,23,NN,A,9,02-Jun-2017,04:21:53,21.4564,-157.7376,,401677331,-128,6,0,02-Jun-2017,04:19:58,21.4564,-157.7376,452,347,1600,75,140,,,19,225,149,192,2,114,130,212,214,0,128,64,17,4,34,35,17,152,77,166,243,232,8,,,,,,,,,
3395,160381,31,NN,A,9,02-Jun-2017,04:21:53,21.4564,-157.7376,,401677331,-128,6,0,02-Jun-2017,04:26:38,21.4564,-157.7376,452,347,1600,75,140,,,202,228,161,192,223,179,181,87,184,237,22,18,6,89,255,168,140,206,151,168,18,245,242,118,71,20,191,235,100,196,117,
3395,160381,23,NK,2,10,02-Jun-2017,04:49:22,21.4615,-157.7589,,401677360,-121,56,0,02-Jun-2017,04:46:42,21.4615,-157.7589,278,427,888,205,94,,,3,97,149,200,16,116,130,212,230,0,192,56,13,4,2,47,16,154,77,166,243,232,0,,,,,,,,,
3395,160381,31,NK,2,10,02-Jun-2017,04:49:22,21.4615,-157.7589,,401677360,-121,56,0,02-Jun-2017,04:49:06,21.4615,-157.7589,278,427,888,205,94,,,16,41,74,232,187,254,132,39,97,121,172,49,232,25,87,94,204,202,135,45,181,50,169,59,190,229,108,144,143,17,231,
3395,160381,23,NK,2,10,02-Jun-2017,04:49:22,21.4615,-157.7589,,401677360,-121,56,0,02-Jun-2017,04:50:23,21.4615,-157.7589,278,427,888,205,94,,,30,129,149,208,0,50,2,212,226,0,128,48,12,4,226,19,16,153,205,231,52,56,0,,,,,,,,,
3395,160381,31,NK,2,10,02-Jun-2017,04:49:22,21.4615,-157.7589,,401677360,-121,56,0,02-Jun-2017,04:51:20,21.4615,-157.7589,278,427,888,205,94,,,30,33,74,236,180,46,192,40,128,26,32,10,114,8,154,130,101,160,169,80,46,27,83,127,179,28,30,197,89,198,58,
3395,160381,31,NP,B,11,03-Jun-2017,00:47:41,21.4589,-157.7574,,401677359,-130,,0,03-Jun-2017,00:47:41,21.4589,-157.7574,,11921,32642,4353,64,,,202,181,143,108,14,146,250,46,14,192,31,54,100,172,146,101,0,16,97,74,125,240,8,7,16,183,157,33,195,191,159,
3395,160381,31,NK,B,12,03-Jun-2017,06:05:01,21.4571,-157.7592,,401677358,-133,8,0,03-Jun-2017,06:05:01,21.4571,-157.7592,,10878,18818,6287,70,,,17,64,74,220,192,177,228,39,101,107,50,107,168,109,89,17,84,245,232,160,22,101,241,170,252,218,77,113,120,101,228,
3395,160381,23,NP,B,13,04-Jun-2017,00:29:57,21.4577,-157.7520,,401677363,-140,,0,04-Jun-2017,00:29:58,21.4577,-157.7520,,13541,16068,11410,74,,,2,1,150,24,24,53,66,212,218,0,96,80,14,93,131,61,4,32,230,191,26,254,244,,,,,,,,,
3395,160381,31,NN,B,14,04-Jun-2017,04:01:23,21.4554,-157.7412,,401677361,-133,8,0,04-Jun-2017,04:01:23,21.4554,-157.7412,,4766,9822,2312,28,,,24,225,73,150,94,77,91,22,96,2,208,104,208,61,134,201,44,204,244,250,108,182,158,7,109,197,195,190,1,222,164,
3395,160381,31,NK,B,15,04-Jun-2017,04:01:23,21.4627,-157.7395,,401677360,-129,,0,04-Jun-2017,04:01:23,21.4627,-157.7395,,3686,6961,1951,45,,,24,225,75,16,110,45,115,151,104,41,115,176,233,183,48,25,127,150,225,253,39,231,186,202,180,226,251,180,183,62,145,
3395,160381,31,SR,2,16,04-Jun-2017,04:57:50,21.4615,-157.7727,,401677359,-124,58,0,04-Jun-2017,04:52:32,21.4615,-157.7727,683,306,1198,78,101,,,30,193,74,252,208,26,192,41,32,26,72,126,118,5,146,137,120,77,242,191,239,115,182,95,236,25,217,18,12,127,16,
3395,160381,31,SR,2,16,04-Jun-2017,04:57:50,21.4615,-157.7727,,401677359,-124,58,0,04-Jun-2017,04:56:08,21.4615,-157.7727,683,306,1198,78,101,,,7,67,88,78,245,162,128,38,192,89,145,54,76,2,136,212,228,84,104,200,97,254,33,104,136,214,147,100,121,26,228,
3395,160381,23,SR,2,16,04-Jun-2017,04:57:50,21.4615,-157.7727,,401677359,-124,58,0,04-Jun-2017,04:57:39,21.4615,-157.7727,683,306,1198,78,101,,,81,193,117,81,254,154,79,245,95,198,252,253,190,189,118,152,158,68,85,150,29,201,240,,,,,,,,,
3395,160381,31,SR,2,16,04-Jun-2017,04:57:50,21.4615,-157.7727,,401677359,-124,58,0,04-Jun-2017,04:58:59,21.4615,-157.7727,683,306,1198,78,101,,,15,225,74,224,137,162,192,38,128,105,160,74,35,19,149,69,163,33,135,248,133,170,34,102,136,214,147,36,89,24,230,
3395,160381,31,SR,2,16,04-Jun-2017,04:57:50,21.4615,-157.7727,,401677359,-124,58,0,04-Jun-2017,05:03:55,21.4615,-157.7727,683,306,1198,78,101,,,17,161,75,4,52,22,192,39,96,41,197,13,253,20,209,196,179,230,64,112,8,163,11,12,32,241,206,72,197,134,247,
3395,160381,31,MA,B,17,04-Jun-2017,07:55:03,21.4596,-157.8022,,401677359,-130,8,0,04-Jun-2017,07:55:04,21.4596,-157.8022,,4291,4602,4001,89,,,17,65,74,220,192,250,192,39,64,57,168,46,102,17,137,4,162,33,57,84,97,254,33,106,136,214,147,36,89,24,230,
3395,160381,31,NK,A,18,06-Jun-2017,04:53:53,21.4631,-157.7495,,401677358,-129,,0,06-Jun-2017,04:43:42,21.4631,-157.7495,640,711,3847,131,136,,,202,181,143,108,14,18,219,31,203,73,250,73,143,7,8,107,138,248,55,132,116,117,213,44,98,86,162,178,138,192,0,
3395,160381,31,NK,A,18,06-Jun-2017,04:53:53,21.4631,-157.7495,,401677358,-129,,0,06-Jun-2017,04:53:25,21.4631,-157.7495,640,711,3847,131,136,,,31,193,75,6,203,30,200,38,226,42,154,14,108,4,153,134,237,144,131,115,81,134,232,6,184,14,250,140,82,186,108,
3395,160381,23,NK,A,18,06-Jun-2017,04:53:53,21.4631,-157.7495,,401677358,-129,,0,06-Jun-2017,04:54:22,21.4631,-157.7495,640,711,3847,131,136,,,30,129,150,8,16,55,66,212,226,0,192,40,7,1,161,123,30,155,206,40,18,56,42,,,,,,,,,
3395,160381,31,NN,0,19,06-Jun-2017,05:11:15,21.4587,-157.7878,,401677357,-127,56,0,06-Jun-2017,05:11:15,21.4587,-157.7878,527,1929,31877,116,77,,,17,65,74,220,192,250,192,39,64,57,168,46,102,17,138,38,242,177,89,18,99,248,33,90,91,236,141,25,135,212,25,
3395,160381,27,NN,0,19,06-Jun-2017,05:11:15,21.4587,-157.7878,,401677357,-127,56,0,06-Jun-2017,05:12:06,21.4587,-157.7878,527,1929,31877,116,77,,,138,201,213,156,29,149,235,74,7,8,183,72,227,56,217,183,154,36,139,24,165,214,220,178,160,0,0,,,,,
3395,160381,31,NN,0,19,06-Jun-2017,05:11:15,21.4587,-157.7878,,401677357,-127,56,0,06-Jun-2017,05:13:22,21.4587,-157.7878,527,1929,31877,116,77,,,202,217,23,92,115,76,221,226,224,0,237,72,72,148,155,225,11,158,232,101,12,97,224,172,98,153,218,250,203,0,0,
3395,160381,23,NN,0,19,06-Jun-2017,05:11:15,21.4587,-157.7878,,401677357,-127,56,0,06-Jun-2017,05:15:36,21.4587,-157.7878,527,1929,31877,116,77,,,3,97,149,200,16,116,130,212,230,0,192,56,13,4,2,107,91,201,135,104,249,69,155,,,,,,,,,
3395,160381,27,NN,0,19,06-Jun-2017,05:11:15,21.4587,-157.7878,,401677357,-127,56,0,06-Jun-2017,05:16:30,21.4587,-157.7878,527,1929,31877,116,77,,,69,48,118,243,232,76,197,85,99,21,2,21,212,1,195,13,207,161,100,212,37,94,1,136,2,34,48,,,,,
3395,160381,31,NN,0,19,06-Jun-2017,05:11:15,21.4587,-157.7878,,401677357,-127,56,0,06-Jun-2017,05:20:02,21.4587,-157.7878,527,1929,31877,116,77,,,16,33,74,232,168,62,192,39,96,121,184,42,104,11,142,67,163,145,31,21,53,82,41,248,33,105,32,40,50,223,193,
3395,160381,31,SR,B,20,06-Jun-2017,05:31:19,21.4562,-157.7916,,401677356,-131,6,0,06-Jun-2017,05:30:11,21.4562,-157.7916,137,2207,8710,559,113,,,30,33,74,228,54,110,192,40,150,253,160,51,246,8,222,146,101,49,164,206,242,48,128,19,117,91,196,166,89,32,184,
3395,160381,23,SR,B,20,06-Jun-2017,05:31:19,21.4562,-157.7916,,401677356,-131,6,0,06-Jun-2017,05:32:28,21.4562,-157.7916,137,2207,8710,559,113,,,31,129,149,216,4,59,159,212,226,0,192,39,75,188,37,163,55,111,130,120,243,32,24,,,,,,,,,
3395,160381,27,NN,A,21,08-Jun-2017,04:54:46,21.4637,-157.7667,,401677358,-127,,0,08-Jun-2017,04:51:03,21.4637,-157.7667,400,188,349,101,125,,,171,4,58,234,101,58,58,30,201,205,9,223,150,53,137,184,38,136,122,142,169,100,19,42,17,86,86,,,,,
3395,160381,31,NN,A,21,08-Jun-2017,04:54:46,21.4637,-157.7667,,401677358,-127,,0,08-Jun-2017,04:55:35,21.4637,-157.7667,400,188,349,101,125,,,31,193,75,6,203,26,192,38,224,41,184,14,108,4,153,129,229,192,137,90,7,221,249,81,126,176,190,33,116,8,202,
3395,160381,23,NN,A,21,08-Jun-2017,04:54:46,21.4637,-157.7667,,401677358,-127,,0,08-Jun-2017,04:57:43,21.4637,-157.7667,400,188,349,101,125,,,30,129,150,8,16,83,123,231,45,1,122,242,38,240,219,91,74,38,89,78,149,222,209,,,,,,,,,
3395,160381,23,NP,B,22,09-Jun-2017,01:23:13,21.4543,-157.8510,,401677352,-131,,0,09-Jun-2017,01:23:13,21.4543,-157.8510,,4620,4987,4280,57,,,16,193,150,64,28,49,211,81,31,157,74,99,142,116,53,46,249,41,240,160,244,114,175,,,,,,,,,
3395,160381,31,NP,B,23,10-Jun-2017,15:17:12,21.4404,-157.6599,,401677345,-127,,0,10-Jun-2017,15:16:44,21.4404,-157.6599,58,4200,38537,457,97,,,31,193,75,6,203,26,192,38,224,41,184,14,108,4,153,129,229,192,137,88,50,82,14,149,1,8,199,71,54,89,171,
3395,160381,23,NP,B,23,10-Jun-2017,15:17:12,21.4404,-157.6599,,401677345,-127,,0,10-Jun-2017,15:17:42,21.4404,-157.6599,58,4200,38537,457,97,,,30,129,150,8,16,55,64,145,219,168,197,178,62,173,151,152,133,228,123,140,50,191,67,,,,,,,,,
3395,160381,31,NN,1,24,10-Jun-2017,17:05:48,21.4254,-157.6498,,401677364,-126,57,0,10-Jun-2017,17:03:52,21.4254,-157.6498,226,668,5418,82,103,,,8,65,75,42,32,70,192,38,224,105,152,54,78,16,140,69,161,33,167,176,129,152,36,93,13,17,36,243,73,136,200,
3395,160381,23,NN,1,24,10-Jun-2017,17:05:48,21.4254,-157.6498,,401677364,-126,57,0,10-Jun-2017,17:05:21,21.4254,-157.6498,226,668,5418,82,103,,,107,42,33,110,140,118,2,227,32,160,72,206,11,190,48,8,89,81,19,165,149,150,0,,,,,,,,,
3395,160381,31,NN,1,24,10-Jun-2017,17:05:48,21.4254,-157.6498,,401677364,-126,57,0,10-Jun-2017,17:06:22,21.4254,-157.6498,226,668,5418,82,103,,,235,8,117,58,151,164,197,57,78,128,20,58,196,43,27,39,233,42,121,104,203,82,78,81,101,165,149,17,123,94,96,
3395,160381,23,NN,1,24,10-Jun-2017,17:05:48,21.4254,-157.6498,,401677364,-126,57,0,10-Jun-2017,17:07:38,21.4254,-157.6498,226,668,5418,82,103,,,19,225,149,192,2,114,130,212,214,0,128,64,17,4,34,35,17,152,77,166,243,104,0,,,,,,,,,
3395,160381,31,NK,1,25,10-Jun-2017,17:11:33,21.4242,-157.6535,,401677364,-129,56,0,10-Jun-2017,17:10:12,21.4242,-157.6535,164,1479,5198,421,122,,,202,228,161,192,223,179,181,87,184,237,22,18,6,89,255,105,131,46,53,122,248,13,198,44,168,147,130,154,154,97,209,
3395,160381,27,NK,1,25,10-Jun-2017,17:11:33,21.4242,-157.6535,,401677364,-129,56,0,10-Jun-2017,17:11:06,21.4242,-157.6535,164,1479,5198,421,122,,,138,201,213,156,29,149,235,74,7,8,183,72,227,56,217,174,154,36,139,42,37,86,220,178,160,0,0,,,,,
3395,160381,31,NK,1,25,10-Jun-2017,17:11:33,21.4242,-157.6535,,401677364,-129,56,0,10-Jun-2017,17:12:02,21.4242,-157.6535,164,1479,5198,421,122,,,202,217,23,92,115,76,221,226,224,0,237,72,72,148,155,255,11,158,232,101,12,97,224,172,168,151,58,250,203,0,0,
3395,160381,23,NK,1,25,10-Jun-2017,17:11:33,21.4242,-157.6535,,401677364,-129,56,0,10-Jun-2017,17:12:56,21.4242,-157.6535,164,1479,5198,421,122,,,3,97,149,200,16,116,130,212,230,0,192,56,13,4,2,47,16,154,77,166,243,232,0,,,,,,,,,
3395,160381,31,NK, ,26,13-Jun-2017,03:32:43,,,,401650000,-127,,0,13-Jun-2017,03:32:43,,,,,,,,,,30,129,75,49,176,78,192,40,32,25,196,50,82,19,134,5,160,193,151,216,133,128,43,82,139,210,99,243,161,136,200,
3395,160381,31,SR, ,27,13-Jun-2017,03:32:43,,,,401650000,-138,,0,13-Jun-2017,03:32:43,,,,,,,,,,30,129,75,49,176,78,192,40,32,25,196,50,82,19,134,5,160,193,151,216,133,128,43,82,139,210,99,243,161,136,200,
3395,160381,27,NK, ,28,14-Jun-2017,04:54:30,,,,401650000,-129,,0,14-Jun-2017,04:54:30,,,,,,,,,,82,176,118,243,232,76,197,85,103,19,97,214,20,2,189,17,255,102,100,212,181,102,1,172,2,42,48,,,,,
3395,160381,23,NN, ,29,15-Jun-2017,16:02:31,,,,401650000,-140,,0,15-Jun-2017,16:02:31,,,,,,,,,,7,129,150,86,28,41,194,212,114,0,192,208,46,9,140,62,100,148,76,103,19,200,0,,,,,,,,,
3395,160381,31,NK,2,30,15-Jun-2017,16:48:17,21.4884,-157.7691,,401677355,-126,50,0,15-Jun-2017,16:47:23,21.4884,-157.7691,431,370,2108,65,102,,,235,56,135,30,81,75,73,108,38,223,191,186,206,169,83,204,210,248,174,218,131,239,181,18,15,101,159,11,187,85,96,
3395,160381,27,NK,2,30,15-Jun-2017,16:48:17,21.4884,-157.7691,,401677355,-126,50,0,15-Jun-2017,16:49:13,21.4884,-157.7691,431,370,2108,65,102,,,139,41,213,26,40,151,97,182,161,17,98,197,81,78,117,63,186,202,234,83,36,89,149,109,25,15,107,,,,,
3395,160381,31,NK,2,30,15-Jun-2017,16:48:17,21.4884,-157.7691,,401677355,-126,50,0,15-Jun-2017,16:50:49,21.4884,-157.7691,431,370,2108,65,102,,,234,224,141,160,219,18,5,127,87,132,232,99,50,239,45,31,48,202,224,61,135,174,125,54,135,204,102,44,9,94,216,
3395,160381,23,NK,2,30,15-Jun-2017,16:48:17,21.4884,-157.7691,,401677355,-126,50,0,15-Jun-2017,16:51:37,21.4884,-157.7691,431,370,2108,65,102,,,31,1,149,248,2,175,66,212,226,0,128,56,15,4,165,102,197,39,215,181,176,172,154,,,,,,,,,
3395,160381,23,NK,2,30,15-Jun-2017,16:48:17,21.4884,-157.7691,,401677355,-126,50,0,15-Jun-2017,16:53:26,21.4884,-157.7691,431,370,2108,65,102,,,0,161,150,40,36,52,130,212,210,0,192,64,15,3,97,51,43,154,77,0,224,23,14,,,,,,,,,
3395,160381,31,NK,2,30,15-Jun-2017,16:48:17,21.4884,-157.7691,,401677355,-126,50,0,15-Jun-2017,16:54:34,21.4884,-157.7691,431,370,2108,65,102,,,17,161,75,4,52,22,192,39,96,41,192,14,108,4,145,193,227,160,137,108,42,90,11,177,3,35,136,204,165,44,92,
3395,160381,31,SR,3,31,15-Jun-2017,16:54:34,21.4811,-157.7668,,401677363,-135,56,0,15-Jun-2017,16:54:34,21.4811,-157.7668,439,188,359,98,99,,,17,161,75,4,52,22,192,39,96,41,192,14,108,4,145,193,227,160,137,108,42,90,15,157,207,173,160,143,70,213,193,
3395,160381,23,SR,3,31,15-Jun-2017,16:54:34,21.4811,-157.7668,,401677363,-135,56,0,15-Jun-2017,16:55:24,21.4811,-157.7668,439,188,359,98,99,,,11,193,150,56,12,48,130,212,214,0,192,48,10,2,194,115,8,154,79,40,20,216,0,,,,,,,,,
3395,160381,31,SR,3,31,15-Jun-2017,16:54:34,21.4811,-157.7668,,401677363,-135,56,0,15-Jun-2017,16:58:25,21.4811,-157.7668,439,188,359,98,99,,,19,161,75,32,116,34,192,39,32,41,200,54,120,178,184,187,219,161,24,144,100,144,31,93,69,17,239,199,111,137,199,
3395,160381,27,SR,3,31,15-Jun-2017,16:54:34,21.4811,-157.7668,,401677363,-135,56,0,15-Jun-2017,16:59:37,21.4811,-157.7668,439,188,359,98,99,,,171,4,58,234,101,58,58,30,201,205,9,223,150,53,137,216,38,136,122,142,169,103,195,179,81,86,86,,,,,
3395,160381,31,SR,3,31,15-Jun-2017,16:54:34,21.4811,-157.7668,,401677363,-135,56,0,15-Jun-2017,17:01:53,21.4811,-157.7668,439,188,359,98,99,,,202,181,143,108,14,18,219,31,203,73,251,198,42,159,246,241,50,187,31,18,154,139,40,2,49,193,89,57,65,213,80,
3395,160381,31,SR,B,32,16-Jun-2017,16:23:27,21.5371,-157.7682,,401677365,-128,,0,16-Jun-2017,16:23:27,21.5371,-157.7682,411,3762,383494,36,89,,,9,33,75,66,4,58,192,39,0,73,160,66,54,17,136,102,241,30,120,250,110,187,20,195,89,142,116,4,223,75,171,
3395,160381,31,SR,B,32,16-Jun-2017,16:23:27,21.5371,-157.7682,,401677365,-128,,0,16-Jun-2017,16:30:18,21.5371,-157.7682,411,3762,383494,36,89,,,235,60,136,52,134,0,141,151,225,4,57,73,16,62,218,138,236,62,58,176,221,93,114,188,67,133,56,30,23,223,71,
3395,160381,31,NK,B,33,16-Jun-2017,16:30:17,21.5366,-157.8125,,401677362,-128,6,0,16-Jun-2017,16:23:27,21.5366,-157.8125,411,354,1539,81,41,,,9,33,75,66,4,58,192,39,0,73,160,66,54,17,136,69,85,137,251,2,246,231,18,176,31,198,245,69,197,67,84,
3395,160381,31,NK,B,33,16-Jun-2017,16:30:17,21.5366,-157.8125,,401677362,-128,6,0,16-Jun-2017,16:30:18,21.5366,-157.8125,411,354,1539,81,41,,,235,60,136,52,134,0,141,151,225,4,57,73,16,62,218,138,236,62,58,176,221,93,114,82,165,74,181,106,149,106,149,
3395,160381,23,NN,B,34,16-Jun-2017,17:33:29,21.5587,-157.8311,,401677357,-125,8,0,16-Jun-2017,17:32:22,21.5587,-157.8311,134,730,4860,109,44,,,2,1,150,24,184,55,98,180,83,65,194,176,227,146,233,100,47,53,188,28,122,238,155,,,,,,,,,
3395,160381,23,NN,B,34,16-Jun-2017,17:33:29,21.5587,-157.8311,,401677357,-125,8,0,16-Jun-2017,17:34:36,21.5587,-157.8311,134,730,4860,109,44,,,7,129,150,80,28,41,195,211,234,124,188,254,151,100,62,196,117,56,100,245,40,56,88,,,,,,,,,
3395,160381,31,NK,B,35,16-Jun-2017,18:02:07,21.5722,-157.8471,,401677355,-126,6,0,16-Jun-2017,18:02:07,21.5722,-157.8471,,1784,4836,657,44,,,24,225,75,16,108,46,192,38,192,41,176,14,94,4,150,129,101,240,153,104,50,82,14,145,131,227,97,8,184,70,44,
3395,160381,23,NN,B,36,16-Jun-2017,19:14:53,21.5963,-157.8728,,401677359,-135,8,0,16-Jun-2017,19:14:53,21.5963,-157.8728,,2422,3138,1869,44,,,0,161,150,40,36,52,130,212,210,0,192,64,15,3,97,146,226,206,85,103,101,240,167,,,,,,,,,
3395,160381,23,MA,B,37,16-Jun-2017,19:38:47,21.6105,-157.8813,,401677360,-122,6,0,16-Jun-2017,19:37:39,21.6105,-157.8813,137,1298,24351,69,118,,,11,193,150,56,12,48,130,212,198,2,216,153,40,24,157,143,246,25,240,145,152,149,240,,,,,,,,,
3395,160381,31,MA,B,37,16-Jun-2017,19:38:47,21.6105,-157.8813,,401677360,-122,6,0,16-Jun-2017,19:39:56,21.6105,-157.8813,137,1298,24351,69,118,,,19,161,75,32,116,34,192,39,32,41,200,18,58,51,168,66,61,122,103,70,52,209,5,255,119,73,104,136,216,198,58,
3395,160381,31,MB,1,38,16-Jun-2017,20:34:52,21.6295,-157.8825,,401677359,-130,48,0,16-Jun-2017,20:32:50,21.6295,-157.8825,262,1362,3213,577,134,,,202,228,161,192,223,179,181,87,184,237,22,18,6,91,255,116,131,46,55,122,248,13,198,45,10,64,218,146,202,0,33,
3395,160381,23,MB,1,38,16-Jun-2017,20:34:52,21.6295,-157.8825,,401677359,-130,48,0,16-Jun-2017,20:33:36,21.6295,-157.8825,262,1362,3213,577,134,,,27,97,150,120,4,107,130,212,226,1,0,104,24,29,140,94,253,185,203,42,82,99,166,,,,,,,,,
3395,160381,31,MB,1,38,16-Jun-2017,20:34:52,21.6295,-157.8825,,401677359,-130,48,0,16-Jun-2017,20:35:53,21.6295,-157.8825,262,1362,3213,577,134,,,2,225,75,60,128,14,128,103,96,185,208,42,66,20,133,134,158,130,117,72,197,34,23,69,143,143,68,193,75,216,194,
3395,160381,31,MB,1,38,16-Jun-2017,20:34:52,21.6295,-157.8825,,401677359,-130,48,0,16-Jun-2017,20:37:12,21.6295,-157.8825,262,1362,3213,577,134,,,9,33,75,66,4,58,192,39,0,73,160,66,54,7,238,126,167,177,179,171,160,156,133,73,237,177,244,21,203,230,65,
3395,160381,23,MA,0,39,16-Jun-2017,21:21:48,21.6637,-157.9231,,401677365,-122,58,0,16-Jun-2017,21:20:16,21.6637,-157.9231,212,1946,7566,500,134,,,6,161,150,72,4,47,194,212,222,0,192,64,15,7,71,50,129,151,73,107,22,191,161,,,,,,,,,
3395,160381,31,MA,0,39,16-Jun-2017,21:21:48,21.6637,-157.9231,,401677365,-122,58,0,16-Jun-2017,21:21:03,21.6637,-157.9231,212,1946,7566,500,134,,,18,96,190,39,140,11,26,3,135,195,2,173,228,246,238,218,188,162,225,32,108,188,17,239,187,50,185,27,77,182,95,
3395,160381,23,MA,0,39,16-Jun-2017,21:21:48,21.6637,-157.9231,,401677365,-122,58,0,16-Jun-2017,21:22:10,21.6637,-157.9231,212,1946,7566,500,134,,,16,234,25,9,13,95,241,229,152,52,160,187,8,115,216,101,56,198,174,129,229,99,112,,,,,,,,,
3395,160381,31,MA,0,39,16-Jun-2017,21:21:48,21.6637,-157.9231,,401677365,-122,58,0,16-Jun-2017,21:23:48,21.6637,-157.9231,212,1946,7566,500,134,,,20,1,75,52,108,38,192,40,128,26,48,10,116,5,151,2,229,241,91,237,214,62,159,44,198,150,61,66,37,164,188,
3395,160381,2,15X0004,,40,17-Jun-2017,00:54:36,21.5083,-158.1440,,,,,0,17-Jun-2017,00:54:36,,,809,,,,,,,16,225,,,,,,,,,,,,,,,,,,,,,,,,,,,,,,
3395,160381,31,15X0004,,40,17-Jun-2017,00:54:36,21.5083,-158.1440,,,,,0,17-Jun-2017,01:02:30,,,809,,,,,,,20,1,75,52,108,38,192,40,128,26,48,10,116,5,151,2,229,241,24,152,101,246,33,96,11,146,163,243,161,136,200,
3395,160381,9,15X0004,,40,17-Jun-2017,00:54:36,21.5083,-158.1440,,,,,0,17-Jun-2017,01:08:05,,,809,,,,,,,171,49,184,174,75,179,195,93,181,,,,,,,,,,,,,,,,,,,,,,,
3395,160381,23,NP,B,41,17-Jun-2017,01:28:24,21.7182,-157.9461,,401677390,-140,8,0,17-Jun-2017,01:28:25,21.7182,-157.9461,,5837,11294,3017,72,,,30,33,150,104,12,45,66,212,230,0,64,80,20,4,1,71,63,94,61,176,12,133,202,,,,,,,,,
3395,160381,27,MA,B,42,17-Jun-2017,20:57:44,22.2382,-158.5359,,401677385,-120,,0,17-Jun-2017,20:57:45,22.2382,-158.5359,,15328,38233,6145,98,,,139,41,213,26,40,151,97,182,161,19,212,75,198,94,44,241,59,226,11,70,156,170,192,162,192,0,0,,,,,
3395,160381,31,MA, ,43,19-Jun-2017,20:22:07,,,,401650000,-121,,0,19-Jun-2017,20:22:07,,,,,,,,,,15,65,75,44,100,30,192,38,224,25,184,10,98,5,154,2,164,128,233,36,86,24,36,93,13,17,36,243,73,136,200,
3395,160381,23,MB, ,44,19-Jun-2017,21:13:04,,,,401650000,-130,,0,19-Jun-2017,21:13:04,,,,,,,,,,6,161,150,72,4,47,194,212,222,0,192,64,15,7,71,50,129,151,77,232,20,136,0,,,,,,,,,
3395,160381,27,NK, ,45,20-Jun-2017,05:37:04,,,,401650000,-135,,0,20-Jun-2017,05:37:04,,,,,,,,,,65,112,118,243,232,76,197,85,106,22,74,20,216,4,127,15,153,150,52,120,230,134,173,23,180,85,241,,,,,
3395,160381,31,NK,B,46,20-Jun-2017,18:10:42,22.8638,-159.7122,,401677327,-135,,0,20-Jun-2017,18:10:18,22.8638,-159.7122,48,30556,267944,3484,85,,,27,33,75,82,20,186,193,46,243,150,40,47,96,166,198,34,199,211,74,121,130,180,124,193,214,98,206,20,98,54,204,
3395,160381,31,NK,B,46,20-Jun-2017,18:10:42,22.8638,-159.7122,,401677327,-135,,0,20-Jun-2017,18:11:06,22.8638,-159.7122,48,30556,267944,3484,85,,,21,193,83,154,227,227,24,38,83,32,33,19,57,112,140,188,159,85,178,111,113,184,204,108,32,128,133,117,239,45,229,
3395,160381,31,MA,B,47,21-Jun-2017,07:10:29,23.1899,-160.1763,,401677349,-122,,0,21-Jun-2017,07:10:30,23.1899,-160.1763,,22548,87989,5778,60,,,20,65,75,58,140,22,128,35,213,129,174,148,168,106,215,171,154,95,7,192,237,38,171,103,249,28,225,192,39,206,80,
3395,160381,31,NP,B,48,22-Jun-2017,12:58:54,23.2073,-160.6461,,401677222,-138,,0,22-Jun-2017,12:57:20,23.2073,-160.6461,190,12485,293537,531,103,,,42,107,74,0,7,101,27,214,161,98,110,221,14,108,14,30,72,204,184,62,103,74,119,30,17,115,82,97,184,215,7,
3395,160381,27,NP,B,48,22-Jun-2017,12:58:54,23.2073,-160.6461,,401677222,-138,,0,22-Jun-2017,13:00:30,23.2073,-160.6461,190,12485,293537,531,103,,,82,215,217,199,216,4,81,151,2,150,76,82,104,224,100,44,159,140,240,173,155,183,199,20,53,55,240,,,,,
3395,160381,31,NN,B,49,22-Jun-2017,18:08:31,23.2364,-160.8384,,401677349,-126,6,0,22-Jun-2017,18:08:31,23.2364,-160.8384,,8001,16472,3886,104,,,30,193,75,90,55,254,192,39,160,57,208,18,112,6,147,2,98,161,39,136,85,190,39,82,15,207,68,163,105,168,190,
3395,160381,31,NN,B,50,22-Jun-2017,19:40:08,23.4917,-161.3684,,401677401,-137,6,0,22-Jun-2017,19:40:09,23.4917,-161.3684,,39847,121537,13064,126,,,29,129,219,74,117,34,195,32,94,243,37,79,43,176,49,187,15,191,53,131,183,78,219,182,231,57,253,92,102,119,62,
3395,160381,23,SR, ,51,27-Jun-2017,17:23:20,,,,401650000,-131,,0,27-Jun-2017,17:23:20,,,,,,,,,,4,97,150,184,36,45,2,212,246,1,0,104,31,8,76,98,97,147,206,231,148,24,0,,,,,,,,,
3395,160381,23,MA,B,52,27-Jun-2017,20:56:53,23.1914,-161.6090,,401677331,-122,,0,27-Jun-2017,20:55:58,23.1914,-161.6090,111,48936,,,,,,25,97,150,208,4,9,133,187,66,241,25,26,235,127,99,236,15,214,105,93,229,132,54,,,,,,,,,
3395,160381,31,MA,B,52,27-Jun-2017,20:56:53,23.1914,-161.6090,,401677331,-122,,0,27-Jun-2017,20:57:49,23.1914,-161.6090,111,48936,,,,,,1,225,75,110,141,254,192,39,96,42,16,18,110,5,149,130,164,128,184,172,93,254,32,112,12,144,157,14,190,128,68,
3395,160381,31,NK,B,53,28-Jun-2017,18:05:23,23.0881,-161.7546,Lat > 4 deviations from mean,401677347,-128,,0,28-Jun-2017,18:05:24,23.0881,-161.7546,,32432,127385,8257,107,,,203,114,54,238,156,38,76,92,155,126,148,130,131,172,142,22,98,34,209,199,59,134,82,173,201,9,218,226,138,192,0,
3395,160381,23,NN,1,54,28-Jun-2017,18:28:56,23.3471,-162.5473,,401677360,-124,46,0,28-Jun-2017,18:28:56,23.3471,-162.5473,495,1474,3374,643,84,,,25,97,150,208,0,43,130,212,242,1,196,187,201,69,133,244,57,55,171,95,253,188,9,,,,,,,,,
3395,160381,31,NN,1,54,28-Jun-2017,18:28:56,23.3471,-162.5473,,401677360,-124,46,0,28-Jun-2017,18:31:51,23.3471,-162.5473,495,1474,3374,643,84,,,1,225,75,110,141,254,192,39,96,42,16,18,110,5,149,130,164,128,184,168,93,254,32,96,141,144,196,115,129,160,190,
3395,160381,31,NN,1,54,28-Jun-2017,18:28:56,23.3471,-162.5473,,401677360,-124,46,0,28-Jun-2017,18:35:14,23.3471,-162.5473,495,1474,3374,643,84,,,10,97,75,89,151,231,85,163,255,219,65,9,112,82,192,45,7,68,2,247,6,103,178,238,72,212,32,176,22,183,239,
3395,160381,27,NN,1,54,28-Jun-2017,18:28:56,23.3471,-162.5473,,401677360,-124,46,0,28-Jun-2017,18:37:11,23.3471,-162.5473,495,1474,3374,643,84,,,171,89,154,102,51,171,206,7,26,20,69,162,211,109,212,222,83,253,161,93,158,220,11,65,153,150,119,,,,,
3395,160381,27,MA,0,55,28-Jun-2017,20:29:50,23.3711,-162.4837,,401677361,-121,58,0,28-Jun-2017,20:25:14,23.3711,-162.4837,657,1676,6232,450,96,,,171,90,59,162,41,47,198,40,220,192,169,185,203,172,212,224,165,152,220,218,161,110,81,140,85,152,86,,,,,
3395,160381,31,MA,0,55,28-Jun-2017,20:29:50,23.3711,-162.4837,,401677361,-121,58,0,28-Jun-2017,20:26:04,23.3711,-162.4837,657,1676,6232,450,96,,,29,129,75,74,117,10,192,39,64,25,180,22,108,13,140,133,224,65,214,216,149,98,40,83,17,206,5,35,49,152,194,
3395,160381,31,MA,0,55,28-Jun-2017,20:29:50,23.3711,-162.4837,,401677361,-121,58,0,28-Jun-2017,20:26:53,23.3711,-162.4837,657,1676,6232,450,96,,,203,74,128,10,101,102,56,206,36,205,88,17,9,95,229,51,162,156,24,101,239,173,125,45,202,52,235,34,203,0,0,
3395,160381,31,MA,0,55,28-Jun-2017,20:29:50,23.3711,-162.4837,,401677361,-121,58,0,28-Jun-2017,20:27:45,23.3711,-162.4837,657,1676,6232,450,96,,,31,129,75,74,200,146,192,38,224,121,152,42,62,23,129,7,91,98,6,120,149,98,46,76,146,13,150,33,48,164,101,
3395,160381,23,MA,0,55,28-Jun-2017,20:29:50,23.3711,-162.4837,,401677361,-121,58,0,28-Jun-2017,20:28:31,23.3711,-162.4837,657,1676,6232,450,96,,,9,31,53,158,39,203,74,105,201,127,227,162,28,120,200,78,122,109,106,247,53,195,236,,,,,,,,,
3395,160381,23,MA,0,55,28-Jun-2017,20:29:50,23.3711,-162.4837,,401677361,-121,58,0,28-Jun-2017,20:36:11,23.3711,-162.4837,657,1676,6232,450,96,,,23,193,150,176,32,48,194,212,246,1,0,64,16,4,205,73,87,119,25,99,46,79,56,,,,,,,,,
3395,160381,27,MB,B,56,28-Jun-2017,21:21:46,23.3687,-162.4939,,401677381,-133,6,0,28-Jun-2017,21:21:47,23.3687,-162.4939,,2397,3383,1698,98,,,171,49,184,174,75,179,195,93,176,240,181,227,223,22,235,4,224,60,215,144,185,108,85,84,151,222,197,,,,,
3395,160381,23,MA,B,57,28-Jun-2017,22:12:39,23.4394,-162.6553,,401677368,-128,8,0,28-Jun-2017,22:12:39,23.4394,-162.6553,,5020,13371,1884,108,,,4,97,150,184,36,45,2,212,246,0,12,16,122,160,90,16,198,24,54,157,255,0,255,,,,,,,,,
3395,160381,31,NP,B,58,29-Jun-2017,00:51:49,23.4674,-162.8321,,401677315,-132,8,0,29-Jun-2017,00:51:49,23.4674,-162.8321,,4155,8754,1971,83,,,10,65,75,112,135,254,192,40,34,33,68,160,242,245,137,74,243,126,243,252,56,114,94,152,122,217,167,27,227,102,49,
3395,160381,31,MA,A,59,29-Jun-2017,20:11:25,23.3562,-163.2433,,401677362,-118,,0,29-Jun-2017,20:07:28,23.3562,-163.2433,404,1047,2193,500,146,,,16,193,75,118,116,22,192,40,0,73,224,26,93,11,142,132,159,33,87,136,117,126,41,78,139,147,37,115,120,236,242,
3395,160381,27,MA,A,59,29-Jun-2017,20:11:25,23.3562,-163.2433,,401677362,-118,,0,29-Jun-2017,20:12:36,23.3562,-163.2433,404,1047,2193,500,146,,,167,165,129,254,60,66,95,114,138,7,214,180,115,255,8,216,5,24,28,113,33,192,180,124,56,226,69,,,,,
3395,160381,31,MA,A,59,29-Jun-2017,20:11:25,23.3562,-163.2433,,401677362,-118,,0,29-Jun-2017,20:14:12,23.3562,-163.2433,404,1047,2193,500,146,,,10,97,75,89,151,254,192,39,160,56,67,161,246,100,117,191,230,161,255,110,148,0,164,248,207,155,191,198,197,120,97,
3395,160381,23,MB,B,60,29-Jun-2017,21:08:57,23.3769,-163.3140,,401677372,-127,8,0,29-Jun-2017,21:08:57,23.3769,-163.3140,,7122,7747,6547,89,,,23,193,150,176,32,48,194,212,246,1,0,64,16,6,196,14,247,159,192,167,198,61,0,,,,,,,,,
3395,160381,31,MA,B,61,29-Jun-2017,21:53:16,23.3681,-163.2901,,401677374,-121,8,0,29-Jun-2017,21:53:17,23.3681,-163.2901,,16581,62393,4406,105,,,17,65,75,85,176,22,192,39,224,73,240,22,112,7,154,130,227,241,8,96,133,123,31,137,3,143,96,134,96,175,69,
3395,160381,23,NP,B,62,30-Jun-2017,00:44:29,23.3665,-163.2910,,401677370,-138,8,0,30-Jun-2017,00:44:29,23.3665,-163.2910,,10742,17974,6419,90,,,4,97,150,184,36,45,2,212,246,1,0,104,31,8,76,98,97,147,206,231,148,24,0,,,,,,,,,
3395,160381,23,NP,B,63,30-Jun-2017,02:22:11,23.4040,-163.5298,,401677325,-125,8,0,30-Jun-2017,02:22:12,23.4040,-163.5298,,3994,12508,1275,115,,,23,193,150,176,32,48,194,212,246,1,0,64,16,4,205,74,95,155,78,231,148,24,0,,,,,,,,,
3395,160381,31,MA,B,64,30-Jun-2017,09:00:11,23.4343,-163.8212,,401677292,-129,8,0,30-Jun-2017,09:00:11,23.4343,-163.8212,,3991,6010,2650,115,,,1,129,75,86,19,254,192,39,96,89,176,30,94,9,140,131,162,1,23,216,89,199,33,219,142,75,21,134,24,160,140,
3395,160381,31,NK,B,65,30-Jun-2017,17:14:33,23.3031,-163.6605,,401677372,-129,8,0,30-Jun-2017,17:14:34,23.3031,-163.6605,,11863,67634,2080,77,,,31,193,75,122,32,54,192,40,0,58,8,18,107,2,182,81,4,122,202,21,171,236,79,99,248,46,104,235,44,26,250,
3395,160381,27,NN,B,66,01-Jul-2017,17:55:11,23.4907,-165.1916,,401677394,-128,,0,01-Jul-2017,17:53:22,23.4907,-165.1916,218,14206,749697,269,78,,,139,134,22,174,46,220,135,85,7,225,32,134,128,208,76,18,197,211,203,134,58,114,168,178,208,0,0,,,,,
3395,160381,27,NN,B,66,01-Jul-2017,17:55:11,23.4907,-165.1916,,401677394,-128,,0,01-Jul-2017,17:57:00,23.4907,-165.1916,218,14206,749697,269,78,,,69,220,148,213,199,79,171,44,195,140,159,58,29,35,228,99,97,232,202,21,148,102,215,49,82,140,185,,,,,
3395,160381,27,NN,B,67,01-Jul-2017,19:44:50,23.5063,-165.2957,,401677385,-137,8,0,01-Jul-2017,19:44:51,23.5063,-165.2957,,14091,114458,1734,78,,,139,114,134,12,21,162,23,215,218,99,114,187,135,164,100,201,215,250,101,254,6,107,70,51,159,242,82,,,,,
3395,160381,23,NK, ,68,15-Jul-2017,17:43:01,,,,401650000,-128,,0,15-Jul-2017,17:43:01,,,,,,,,,,1,161,151,101,14,204,229,198,84,66,80,130,158,33,132,222,105,252,9,58,44,211,89,,,,,,,,,
3395,160381,23,SR, ,69,18-Jul-2017,16:29:56,,,,401650000,-127,,0,18-Jul-2017,16:29:56,,,,,,,,,,18,33,151,136,0,48,162,71,50,1,192,176,40,8,141,182,94,152,80,232,180,136,0,,,,,,,,,
3395,160381,23,SR, ,70,21-Jul-2017,03:51:51,,,,401650000,-133,,0,21-Jul-2017,03:51:51,,,,,,,,,,1,161,133,112,66,144,61,253,10,121,186,122,121,3,13,14,130,18,148,64,127,247,149,,,,,,,,,
3395,160381,23,NK, ,71,21-Jul-2017,04:23:54,,,,401650000,-128,,0,21-Jul-2017,04:23:54,,,,,,,,,,11,144,254,161,136,198,111,124,8,47,54,37,209,80,61,182,109,143,12,234,83,150,193,,,,,,,,,
3395,160381,27,NN, ,72,21-Jul-2017,17:27:31,,,,401650000,-128,,0,21-Jul-2017,17:27:31,,,,,,,,,,89,144,118,243,232,108,205,85,104,237,218,84,210,117,113,198,143,28,40,52,91,201,159,189,16,38,76,,,,,
3395,160381,19,NN, ,73,21-Jul-2017,19:06:05,,,,401650000,-129,,0,21-Jul-2017,19:06:05,,,,,,,,,,14,225,75,202,11,253,64,104,128,10,0,6,137,7,161,155,139,192,0,,,,,,,,,,,,,
3395,160381,19,NP,1,74,24-Jul-2017,02:45:53,23.9272,-166.3682,,401677361,-126,40,0,24-Jul-2017,02:44:05,23.9272,-166.3682,244,612,1096,341,119,,,0,193,75,222,22,113,169,20,229,176,123,82,68,73,114,32,246,107,156,,,,,,,,,,,,,
3395,160381,23,NP,1,74,24-Jul-2017,02:45:53,23.9272,-166.3682,,401677361,-126,40,0,24-Jul-2017,02:44:56,23.9272,-166.3682,244,612,1096,341,119,,,1,193,151,184,0,46,194,213,18,1,64,96,27,10,173,34,99,144,80,168,148,136,0,,,,,,,,,
3395,160381,19,NP,1,74,24-Jul-2017,02:45:53,23.9272,-166.3682,,401677361,-126,40,0,24-Jul-2017,02:45:42,23.9272,-166.3682,244,612,1096,341,119,,,28,193,75,224,79,253,64,104,192,10,0,6,141,3,160,154,76,96,0,,,,,,,,,,,,,
3395,160381,27,NP,1,74,24-Jul-2017,02:45:53,23.9272,-166.3682,,401677361,-126,40,0,24-Jul-2017,02:46:33,23.9272,-166.3682,244,612,1096,341,119,,,171,224,79,232,66,152,133,101,200,149,33,123,74,166,230,241,213,14,193,65,37,124,10,225,214,214,74,,,,,
3395,160381,23,NP,1,74,24-Jul-2017,02:45:53,23.9272,-166.3682,,401677361,-126,40,0,24-Jul-2017,02:48:09,23.9272,-166.3682,244,612,1096,341,119,,,2,97,151,144,8,45,194,213,34,1,64,224,47,11,109,14,95,145,208,168,148,152,0,,,,,,,,,
3395,160381,23,MB, ,75,10-Aug-2017,19:52:03,,,,401650000,-132,,0,10-Aug-2017,19:52:03,,,,,,,,,,24,97,152,56,0,47,231,4,88,26,162,99,145,65,54,243,208,222,0,91,194,12,56,,,,,,,,,
3395,160381,31,NN, ,76,11-Aug-2017,18:30:23,,,,401650000,-128,,0,11-Aug-2017,18:30:23,,,,,,,,,,203,94,201,34,110,117,1,137,4,191,90,80,60,37,190,192,163,219,254,217,164,105,248,177,182,146,139,72,54,66,217,
3395,160381,23,MA,A,77,11-Aug-2017,20:23:46,23.8911,-165.9642,,401677360,-119,,0,11-Aug-2017,20:22:27,23.8911,-165.9642,189,2423,26317,223,111,,,18,193,151,208,0,38,2,213,52,174,130,26,75,48,240,155,98,2,237,199,178,9,152,,,,,,,,,
3395,160381,19,MA,A,77,11-Aug-2017,20:23:46,23.8911,-165.9642,,401677360,-119,,0,11-Aug-2017,20:23:18,23.8911,-165.9642,189,2423,26317,223,111,,,1,65,75,238,183,253,64,104,96,10,0,6,135,5,161,27,75,224,0,,,,,,,,,,,,,
3395,160381,23,MA,A,77,11-Aug-2017,20:23:46,23.8911,-165.9642,,401677360,-119,,0,11-Aug-2017,20:25:36,23.8911,-165.9642,189,2423,26317,223,111,,,29,1,151,224,0,39,66,213,34,1,128,152,38,6,204,142,99,158,80,232,148,120,0,,,,,,,,,
3395,160381,23,MA, ,78,22-Sep-2017,20:56:53,,,,401650000,-130,,0,22-Sep-2017,20:56:53,,,,,,,,,,15,129,153,160,0,32,3,54,57,6,29,251,86,95,172,200,48,152,200,120,80,36,68,,,,,,,,,
3395,160381,23,SR, ,79,30-Sep-2017,18:05:29,,,,401650000,-135,,0,30-Sep-2017,18:01:30,,,239,,,,,,,2,225,153,216,0,32,2,213,102,1,193,200,77,173,115,74,7,54,89,231,216,26,205,,,,,,,,,
3395,160381,23,SR, ,79,30-Sep-2017,18:05:29,,,,401650000,-135,,0,30-Sep-2017,18:05:29,,,239,,,,,,,26,97,153,224,0,32,2,213,102,1,193,141,200,91,80,69,103,177,132,198,167,94,187,,,,,,,,,
3395,160381,23,NN, ,80,01-Oct-2017,18:42:37,,,,401650000,-128,,0,01-Oct-2017,18:42:37,,,,,,,,,,23,97,153,148,4,140,246,168,106,217,197,109,140,168,175,33,77,224,188,33,104,46,77,,,,,,,,,
3395,160381,27,SR,3,81,02-Oct-2017,17:00:00,23.9316,-166.2076,,401677352,-126,50,0,02-Oct-2017,16:57:28,23.9316,-166.2076,505,183,757,44,89,,,139,230,66,190,232,42,39,193,8,104,77,65,10,110,139,189,52,94,205,10,28,112,242,194,144,0,0,,,,,
3395,160381,31,SR,3,81,02-Oct-2017,17:00:00,23.9316,-166.2076,,401677352,-126,50,0,02-Oct-2017,16:59:39,23.9316,-166.2076,505,183,757,44,89,,,236,4,77,154,118,114,66,39,173,219,68,177,228,99,107,213,152,117,218,155,56,68,169,17,155,203,60,254,73,132,228,
3395,160381,31,SR,3,81,02-Oct-2017,17:00:00,23.9316,-166.2076,,401677352,-126,50,0,02-Oct-2017,17:02:53,23.9316,-166.2076,505,183,757,44,89,,,236,30,41,69,209,175,141,187,22,62,119,192,45,156,74,65,190,98,114,110,132,11,166,13,164,35,136,201,62,96,16,
3395,160381,27,SR,3,81,02-Oct-2017,17:00:00,23.9316,-166.2076,,401677352,-126,50,0,02-Oct-2017,17:05:53,23.9316,-166.2076,505,183,757,44,89,,,95,144,118,243,232,76,197,85,97,68,85,90,88,10,91,11,255,94,100,212,181,122,3,1,44,94,8,,,,,
3395,160381,31,NN,B,82,02-Oct-2017,18:27:09,23.9295,-166.2095,,401677369,-125,8,0,02-Oct-2017,18:27:09,23.9295,-166.2095,,1260,1419,1118,101,,,235,230,13,232,41,102,136,215,61,205,98,198,73,155,132,77,157,115,20,115,85,186,253,189,127,182,133,38,165,106,88,
3395,160381,19,MA,3,83,05-Oct-2017,21:22:32,24.0787,-166.2491,,401677359,-118,50,0,05-Oct-2017,21:16:08,24.0787,-166.2491,656,150,204,110,125,,,8,193,77,54,175,253,64,104,160,10,0,6,139,3,140,60,44,144,174,,,,,,,,,,,,,
3395,160381,23,MA,3,83,05-Oct-2017,21:22:32,24.0787,-166.2491,,401677359,-118,50,0,05-Oct-2017,21:17:47,24.0787,-166.2491,656,150,204,110,125,,,28,161,153,200,0,32,122,15,128,230,30,0,36,166,201,30,56,173,178,175,136,242,191,,,,,,,,,
3395,160381,23,MA,3,83,05-Oct-2017,21:22:32,24.0787,-166.2491,,401677359,-118,50,0,05-Oct-2017,21:18:55,24.0787,-166.2491,656,150,204,110,125,,,23,65,153,208,166,58,132,15,68,171,45,241,27,174,215,54,209,192,249,141,177,111,37,,,,,,,,,
3395,160381,23,MA,3,83,05-Oct-2017,21:22:32,24.0787,-166.2491,,401677359,-118,50,0,05-Oct-2017,21:20:36,24.0787,-166.2491,656,150,204,110,125,,,26,97,189,157,131,232,201,174,148,194,26,134,1,204,202,32,44,49,144,44,38,182,242,,,,,,,,,
3395,160381,19,MA,3,83,05-Oct-2017,21:22:32,24.0787,-166.2491,,401677359,-118,50,0,05-Oct-2017,21:21:38,24.0787,-166.2491,656,150,204,110,125,,,6,97,7,6,44,23,11,82,62,160,29,29,137,26,149,191,170,104,196,,,,,,,,,,,,,
3395,160381,23,MA,3,83,05-Oct-2017,21:22:32,24.0787,-166.2491,,401677359,-118,50,0,05-Oct-2017,21:23:24,24.0787,-166.2491,656,150,204,110,125,,,29,1,153,234,115,127,166,36,239,112,105,62,4,77,39,249,242,240,21,165,72,99,100,,,,,,,,,
3395,160381,19,MA,3,83,05-Oct-2017,21:22:32,24.0787,-166.2491,,401677359,-118,50,0,05-Oct-2017,21:24:53,24.0787,-166.2491,656,150,204,110,125,,,8,193,76,250,67,253,64,111,253,6,27,87,129,20,52,156,185,136,242,,,,,,,,,,,,,
3395,160381,23,MA,3,83,05-Oct-2017,21:22:32,24.0787,-166.2491,,401677359,-118,50,0,05-Oct-2017,21:25:47,24.0787,-166.2491,656,150,204,110,125,,,108,246,49,148,228,25,33,157,65,179,138,165,118,119,140,182,80,154,199,19,138,222,10,,,,,,,,,
3395,160381,27,MA,3,83,05-Oct-2017,21:22:32,24.0787,-166.2491,,401677359,-118,50,0,05-Oct-2017,21:27:04,24.0787,-166.2491,656,150,204,110,125,,,140,250,66,118,211,115,146,22,175,236,155,130,209,22,41,192,167,196,45,22,173,62,204,178,112,0,0,,,,,
3395,160381,31,NN,1,84,06-Oct-2017,19:19:37,23.8797,-166.0882,,401677352,-128,50,0,06-Oct-2017,19:17:01,23.8797,-166.0882,272,557,909,340,156,,,236,100,45,14,6,146,133,80,70,180,126,93,218,2,19,114,36,165,113,108,79,73,100,197,189,147,122,152,219,176,180,
3395,160381,27,NN,1,84,06-Oct-2017,19:19:37,23.8797,-166.0882,,401677352,-128,50,0,06-Oct-2017,19:19:17,23.8797,-166.0882,272,557,909,340,156,,,140,184,71,84,184,221,109,189,216,36,227,158,38,177,150,48,31,205,109,26,105,88,192,178,115,67,76,,,,,
3395,160381,19,NN,1,84,06-Oct-2017,19:19:37,23.8797,-166.0882,,401677352,-128,50,0,06-Oct-2017,19:20:39,23.8797,-166.0882,272,557,909,340,156,,,3,129,76,218,203,253,64,105,128,10,0,6,153,5,163,155,203,192,0,,,,,,,,,,,,,
3395,160381,19,NN,1,84,06-Oct-2017,19:19:37,23.8797,-166.0882,,401677352,-128,50,0,06-Oct-2017,19:21:33,23.8797,-166.0882,272,557,909,340,156,,,20,225,77,6,107,253,64,105,64,10,0,6,149,7,172,126,193,213,184,,,,,,,,,,,,,
3395,160381,19,MA,B,85,06-Oct-2017,19:20:39,23.8796,-166.0882,,401677348,-134,6,0,06-Oct-2017,19:20:39,23.8796,-166.0882,,584,692,492,150,,,71,129,76,250,203,255,64,105,130,26,0,6,153,7,163,153,203,192,0,,,,,,,,,,,,,
3395,160381,23,MA,B,86,09-Oct-2017,19:56:41,24.1752,-165.8858,,401677362,-129,,0,09-Oct-2017,19:56:06,24.1752,-165.8858,71,11265,190764,665,99,,,5,33,154,56,0,32,2,246,116,211,248,134,138,250,31,78,176,164,206,19,217,53,92,,,,,,,,,
3395,160381,23,MA,B,86,09-Oct-2017,19:56:41,24.1752,-165.8858,,401677362,-129,,0,09-Oct-2017,19:57:17,24.1752,-165.8858,71,11265,190764,665,99,,,13,65,154,64,0,32,2,213,102,1,195,216,35,141,254,239,62,94,108,63,32,122,142,,,,,,,,,
3395,160381,23,NN,B,87,09-Oct-2017,20:22:24,24.1740,-165.8777,,401677358,-137,6,0,09-Oct-2017,20:22:25,24.1740,-165.8777,,11242,45859,2755,101,,,107,122,164,114,120,105,160,91,75,118,81,72,180,44,162,208,203,40,60,73,200,35,87,,,,,,,,,
3395,160381,19,MB,A,88,09-Oct-2017,20:54:00,24.1712,-165.8715,,401677359,-129,8,0,09-Oct-2017,20:50:57,24.1712,-165.8715,360,1660,23504,117,100,,,26,1,77,10,75,253,64,104,224,10,1,6,15,22,79,81,15,184,243,,,,,,,,,,,,,
3395,160381,23,MB,A,88,09-Oct-2017,20:54:00,24.1712,-165.8715,,401677359,-129,8,0,09-Oct-2017,20:54:07,24.1712,-165.8715,360,1660,23504,117,100,,,30,97,154,16,28,32,2,213,102,1,192,32,112,77,13,166,65,136,76,104,132,152,4,,,,,,,,,
3395,160381,19,MB,A,88,09-Oct-2017,20:54:00,24.1712,-165.8715,,401677359,-129,8,0,09-Oct-2017,20:56:57,24.1712,-165.8715,360,1660,23504,117,100,,,14,97,77,26,79,253,64,104,128,10,0,6,137,8,160,159,75,80,0,,,,,,,,,,,,,
3395,160381,19,NN, ,89,13-Oct-2017,19:33:43,,,,401650000,-133,,0,13-Oct-2017,19:33:43,,,,,,,,,,20,225,77,6,107,253,64,105,64,10,0,6,149,7,162,72,247,178,172,,,,,,,,,,,,,
3395,160381,31,NN,2,90,19-Oct-2017,18:27:57,23.9751,-165.9885,,401650000,-133,50,0,19-Oct-2017,18:23:30,23.9751,-165.9885,497,376,1156,121,112,,,236,82,91,142,249,140,64,59,192,114,55,26,173,184,145,229,23,119,133,12,127,32,90,178,69,134,167,37,188,108,208,
3395,160381,31,NN,2,90,19-Oct-2017,18:27:57,23.9751,-165.9885,,401650000,-133,50,0,19-Oct-2017,18:25:17,23.9751,-165.9885,497,376,1156,121,112,,,204,122,129,94,102,84,42,57,216,250,36,156,204,85,147,139,41,126,29,58,44,132,51,53,186,34,178,97,21,96,194,
3395,160381,27,NN,2,90,19-Oct-2017,18:27:57,23.9751,-165.9885,,401650000,-133,50,0,19-Oct-2017,18:28:53,23.9751,-165.9885,497,376,1156,121,112,,,141,10,25,92,6,3,254,161,25,146,88,236,213,254,207,222,186,220,203,115,47,206,107,169,4,141,166,,,,,
3395,160381,27,NN,2,90,19-Oct-2017,18:27:57,23.9751,-165.9885,,401650000,-133,50,0,19-Oct-2017,18:30:22,23.9751,-165.9885,497,376,1156,121,112,,,140,218,156,52,250,105,237,189,165,171,201,136,138,49,239,50,66,229,40,180,63,101,52,67,216,178,136,,,,,
3395,160381,27,NN,2,90,19-Oct-2017,18:27:57,23.9751,-165.9885,,401650000,-133,50,0,19-Oct-2017,18:31:47,23.9751,-165.9885,497,376,1156,121,112,,,172,218,202,160,6,119,198,19,46,86,239,81,98,53,11,188,131,168,75,128,33,252,49,211,172,182,166,,,,,
3395,160381,19,MA,B,91,19-Oct-2017,19:51:22,23.9727,-165.9828,,401677362,-123,8,0,19-Oct-2017,19:51:22,23.9727,-165.9828,,4292,5431,3391,88,,,8,193,77,22,167,253,64,104,160,10,0,6,139,10,161,159,75,80,0,,,,,,,,,,,,,
3395,160381,27,NP,B,92,20-Oct-2017,01:01:35,23.9377,-165.9507,,401677342,-135,8,0,20-Oct-2017,01:01:35,23.9377,-165.9507,,7372,11676,4654,72,,,140,26,90,218,202,98,219,254,15,77,8,84,55,123,69,222,93,46,242,231,116,214,137,204,127,152,76,,,,,
3395,160381,23,NP, ,93,21-Oct-2017,02:30:57,,,,401650000,-133,,0,21-Oct-2017,02:30:57,,,,,,,,,,18,97,154,160,12,96,2,213,102,1,193,72,64,11,45,218,96,148,79,231,244,56,0,,,,,,,,,
3395,160381,27,NP, ,94,21-Oct-2017,14:59:41,,,,401650000,-131,,0,21-Oct-2017,14:59:41,,,,,,,,,,171,224,79,232,66,152,133,101,200,149,33,123,74,166,230,92,213,14,193,65,37,172,177,10,3,138,4,,,,,
3395,160381,27,NN,3,95,21-Oct-2017,19:43:37,23.9048,-166.1758,,401650000,-137,50,0,21-Oct-2017,19:39:01,23.9048,-166.1758,660,241,297,194,98,,,73,78,59,76,138,88,233,86,244,20,236,191,168,208,171,219,22,24,244,36,153,181,128,173,129,36,140,,,,,
3395,160381,27,NN,3,95,21-Oct-2017,19:43:37,23.9048,-166.1758,,401650000,-137,50,0,21-Oct-2017,19:43:38,23.9048,-166.1758,660,241,297,194,98,,,141,6,54,218,100,205,106,38,141,150,26,199,41,141,200,197,211,127,237,86,117,136,216,54,188,136,1,,,,,
3395,160381,23,NN,3,95,21-Oct-2017,19:43:37,23.9048,-166.1758,,401650000,-137,50,0,21-Oct-2017,19:46:26,23.9048,-166.1758,660,241,297,194,98,,,12,129,154,128,24,32,2,213,102,1,129,56,61,10,78,50,95,150,207,232,180,120,0,,,,,,,,,
3395,160381,23,NN,3,95,21-Oct-2017,19:43:37,23.9048,-166.1758,,401650000,-137,50,0,21-Oct-2017,19:50:01,23.9048,-166.1758,660,241,297,194,98,,,24,65,154,144,0,32,2,213,102,3,193,168,65,15,13,66,106,155,121,15,59,231,211,,,,,,,,,
3395,160381,27,MB,B,96,28-Oct-2017,21:01:02,23.9770,-166.5876,,401677301,-130,,0,28-Oct-2017,20:57:31,23.9770,-166.5876,424,9324,128138,678,166,,,140,42,124,210,255,100,90,254,74,237,25,128,54,212,163,26,160,249,141,114,156,112,239,194,160,0,0,,,,,
3395,160381,27,MB,B,96,28-Oct-2017,21:01:02,23.9770,-166.5876,,401677301,-130,,0,28-Oct-2017,21:04:35,23.9770,-166.5876,424,9324,128138,678,166,,,70,112,118,243,232,76,197,85,110,84,64,26,22,14,67,13,255,91,100,210,229,126,2,198,4,178,32,,,,,
3395,160381,23,MA,2,97,28-Oct-2017,21:44:27,24.3923,-166.7486,,401677357,-122,60,0,28-Oct-2017,21:43:11,30.0113,166.5607,359,314,441,223,172,,,109,22,166,172,0,223,196,62,104,134,138,253,75,16,76,36,200,11,3,142,8,244,247,,,,,,,,,
3395,160381,23,MA,2,97,28-Oct-2017,21:44:27,24.3923,-166.7486,,401677357,-122,60,0,28-Oct-2017,21:44:04,30.0113,166.5607,359,314,441,223,172,,,109,52,55,156,72,73,4,107,37,157,145,104,204,63,183,92,107,149,173,213,182,29,17,,,,,,,,,
3395,160381,23,MA,2,97,28-Oct-2017,21:44:27,24.3923,-166.7486,,401677357,-122,60,0,28-Oct-2017,21:46:09,30.0113,166.5607,359,314,441,223,172,,,108,246,49,148,118,59,233,41,73,252,119,173,91,84,54,125,107,149,182,38,69,147,0,,,,,,,,,
3395,160381,27,MA,2,97,28-Oct-2017,21:44:27,24.3923,-166.7486,,401677357,-122,60,0,28-Oct-2017,21:49:10,30.0113,166.5607,359,314,441,223,172,,,137,7,23,5,244,244,14,108,36,127,36,246,35,178,13,0,140,33,54,218,189,16,170,251,1,172,203,,,,,
3395,160381,27,SR,B,98,02-Nov-2017,17:35:49,24.0317,-166.3745,,401677309,-124,,0,02-Nov-2017,17:34:53,24.0317,-166.3745,114,8559,122093,600,33,,,141,96,25,72,137,224,225,239,141,185,208,79,144,212,168,18,69,229,33,221,15,155,123,145,160,198,29,,,,,
3395,160381,19,SR,B,98,02-Nov-2017,17:35:49,24.0317,-166.3745,,401677309,-124,,0,02-Nov-2017,17:36:47,24.0317,-166.3745,114,8559,122093,600,33,,,31,202,126,73,49,238,20,208,97,189,48,19,225,175,189,255,5,51,169,,,,,,,,,,,,,
3395,160381,27,NK,B,99,02-Nov-2017,18:32:08,23.9800,-166.3969,,401677366,-132,5,0,02-Nov-2017,18:32:09,23.9800,-166.3969,97,6794,10340,4464,49,,,236,89,201,5,175,31,86,220,68,113,42,242,253,93,203,189,242,30,164,44,64,61,130,4,112,194,43,,,,,
3395,160381,19,NK,B,99,02-Nov-2017,18:32:08,23.9800,-166.3969,,401677366,-132,5,0,02-Nov-2017,18:33:46,23.9800,-166.3969,97,6794,10340,4464,49,,,13,1,77,85,203,253,64,104,32,10,0,6,131,8,159,156,75,224,0,,,,,,,,,,,,,
3395,160381,23,MA,3,100,02-Nov-2017,21:40:36,23.9694,-166.4037,,401677358,-121,58,0,02-Nov-2017,21:37:02,23.9694,-166.4037,580,167,234,119,154,,,10,193,154,168,40,96,2,137,254,231,69,114,168,113,70,99,101,56,205,147,126,87,179,,,,,,,,,
3395,160381,23,MA,3,100,02-Nov-2017,21:40:36,23.9694,-166.4037,,401677358,-121,58,0,02-Nov-2017,21:38:25,23.9694,-166.4037,580,167,234,119,154,,,13,193,154,176,0,32,2,213,102,1,193,232,85,141,107,31,208,112,205,118,15,232,33,,,,,,,,,
3395,160381,19,MA,3,100,02-Nov-2017,21:40:36,23.9694,-166.4037,,401677358,-121,58,0,02-Nov-2017,21:40:36,23.9694,-166.4037,580,167,234,119,154,,,23,33,77,92,134,124,179,113,245,127,228,231,95,169,180,9,162,79,101,,,,,,,,,,,,,
3395,160381,23,MA,3,100,02-Nov-2017,21:40:36,23.9694,-166.4037,,401677358,-121,58,0,02-Nov-2017,21:46:42,23.9694,-166.4037,580,167,234,119,154,,,23,33,146,224,6,104,2,245,102,1,192,188,67,11,61,150,96,28,78,103,51,168,0,,,,,,,,,
3395,160381,31,SR,B,101,05-Nov-2017,17:44:05,23.9964,-166.5235,,401677347,-130,,0,05-Nov-2017,17:43:39,23.9964,-166.5235,53,3296,39340,276,82,,,237,146,36,82,251,94,190,203,188,145,204,178,125,202,82,139,85,95,80,113,195,121,191,211,37,70,203,26,196,104,88,
3395,160381,19,SR,B,101,05-Nov-2017,17:44:05,23.9964,-166.5235,,401677347,-130,,0,05-Nov-2017,17:44:32,23.9964,-166.5235,53,3296,39340,276,82,,,26,1,77,150,51,253,64,103,128,10,0,6,121,9,156,157,11,128,0,,,,,,,,,,,,,
3395,160381,23,NK,1,102,05-Nov-2017,18:54:38,23.9947,-166.6204,,401677361,-128,58,0,05-Nov-2017,18:51:24,23.9947,-166.6204,358,574,1017,323,15,,,1,1,155,8,0,32,2,213,102,1,193,232,74,11,172,186,97,82,73,191,51,216,0,,,,,,,,,
3395,160381,19,NK,1,102,05-Nov-2017,18:54:38,23.9947,-166.6204,,401677361,-128,58,0,05-Nov-2017,18:53:38,23.9947,-166.6204,358,574,1017,323,15,,,7,225,77,214,219,152,153,220,82,193,192,209,32,90,220,45,36,29,176,,,,,,,,,,,,,
3395,160381,31,NK,1,102,05-Nov-2017,18:54:38,23.9947,-166.6204,,401677361,-128,58,0,05-Nov-2017,18:56:10,23.9947,-166.6204,358,574,1017,323,15,,,205,150,89,240,85,164,52,93,247,223,245,192,81,129,198,110,130,243,164,26,149,34,72,156,48,101,99,90,22,50,122,
3395,160381,19,NK,1,102,05-Nov-2017,18:54:38,23.9947,-166.6204,,401677361,-128,58,0,05-Nov-2017,18:57:22,23.9947,-166.6204,358,574,1017,323,15,,,15,97,8,232,59,212,198,133,253,195,244,30,139,146,75,151,147,167,158,,,,,,,,,,,,,
3395,160381,27,NN,1,103,05-Nov-2017,20:15:37,23.9963,-166.6453,,401677358,-130,58,0,05-Nov-2017,20:08:00,23.9963,-166.6453,458,1085,1502,783,23,,,141,94,51,144,201,170,120,91,128,84,12,169,58,104,131,108,221,154,205,150,131,176,180,194,128,0,0,,,,,
3395,160381,19,NN,1,103,05-Nov-2017,20:15:37,23.9963,-166.6453,,401677358,-130,58,0,05-Nov-2017,20:11:52,23.9963,-166.6453,458,1085,1502,783,23,,,4,225,77,96,47,253,64,103,192,10,0,6,125,8,158,156,75,224,0,,,,,,,,,,,,,
3395,160381,19,NN,1,103,05-Nov-2017,20:15:37,23.9963,-166.6453,,401677358,-130,58,0,05-Nov-2017,20:12:47,23.9963,-166.6453,458,1085,1502,783,23,,,22,65,77,98,231,253,64,103,64,10,0,6,117,12,155,158,75,128,0,,,,,,,,,,,,,
3395,160381,19,NN,1,103,05-Nov-2017,20:15:37,23.9963,-166.6453,,401677358,-130,58,0,05-Nov-2017,20:15:38,23.9963,-166.6453,458,1085,1502,783,23,,,13,193,77,182,135,253,64,103,128,10,0,6,121,80,69,254,130,75,250,,,,,,,,,,,,,
3395,160381,19,MA,B,104,06-Nov-2017,21:57:45,24.0596,-166.2385,,401677299,-125,,0,06-Nov-2017,21:57:18,24.0596,-166.2385,55,6492,34100,1235,69,,,22,161,77,154,75,253,64,125,46,88,78,4,74,46,31,13,171,142,112,,,,,,,,,,,,,
3395,160381,23,MA,B,104,06-Nov-2017,21:57:45,24.0596,-166.2385,,401677299,-125,,0,06-Nov-2017,21:58:13,24.0596,-166.2385,55,6492,34100,1235,69,,,109,154,75,222,83,9,116,110,43,33,137,77,246,175,10,125,255,156,7,223,255,252,0,,,,,,,,,
3395,160381,23,MB,B,105,07-Nov-2017,20:57:48,23.9326,-166.5655,,401677340,-132,,0,07-Nov-2017,20:57:49,23.9326,-166.5655,,15646,19196,12752,71,,,29,193,154,204,253,195,241,44,93,169,127,61,212,68,227,237,173,127,136,3,95,225,64,,,,,,,,,
3395,160381,19,MA, ,106,11-Nov-2017,21:55:59,,,,401650000,-122,,0,11-Nov-2017,21:55:59,,,,,,,,,,0,225,77,172,43,253,193,77,238,104,169,148,63,32,197,229,178,133,110,,,,,,,,,,,,,
3395,160381,31,MA, ,107,12-Nov-2017,19:54:54,,,,401650000,-124,,0,12-Nov-2017,19:54:54,,,,,,,,,,237,150,135,82,178,120,144,204,39,132,152,165,163,52,213,47,80,219,8,171,191,78,252,37,33,180,147,233,158,143,14,
3395,160381,27,MB,B,108,12-Nov-2017,20:52:25,24.1039,-166.1874,,401677364,-132,,0,12-Nov-2017,20:50:33,24.1039,-166.1874,225,11121,,,,,,173,213,205,94,237,123,116,110,79,252,209,246,94,177,219,67,61,99,161,36,43,56,135,247,237,153,86,,,,,
3395,160381,19,MB,B,108,12-Nov-2017,20:52:25,24.1039,-166.1874,,401677364,-132,,0,12-Nov-2017,20:54:18,24.1039,-166.1874,225,11121,,,,,,1,97,77,152,15,253,64,103,160,10,0,6,123,5,157,157,43,168,251,,,,,,,,,,,,,
3395,160381,19,NP,B,109,13-Nov-2017,01:25:14,24.0388,-166.0521,,401677357,-130,8,0,13-Nov-2017,01:25:14,24.0388,-166.0521,,7781,46463,1303,94,,,1,97,77,152,15,253,202,243,35,164,34,204,100,99,128,243,246,150,109,,,,,,,,,,,,,
3395,160381,23,NN,B,110,13-Nov-2017,18:45:11,23.9329,-166.0356,,401677360,-140,,0,13-Nov-2017,18:45:12,23.9329,-166.0356,,10181,26805,3866,91,,,1,1,155,8,0,32,2,213,102,1,193,232,74,11,172,186,97,146,77,231,51,216,0,,,,,,,,,
3395,160381,23,NK,A,111,13-Nov-2017,18:54:33,23.8783,-166.2292,,401677351,-128,6,0,13-Nov-2017,18:53:44,23.8783,-166.2292,100,2509,11658,540,0,,,3,33,155,16,28,96,2,213,102,1,192,112,79,12,173,6,95,149,205,231,51,216,0,,,,,,,,,
3395,160381,23,NK,A,111,13-Nov-2017,18:54:33,23.8783,-166.2292,,401677351,-128,6,0,13-Nov-2017,18:54:34,23.8783,-166.2292,100,2509,11658,540,0,,,22,229,248,34,235,23,125,69,209,242,74,170,137,126,141,55,215,228,78,200,14,214,24,,,,,,,,,
3395,160381,19,NK,A,111,13-Nov-2017,18:54:33,23.8783,-166.2292,,401677351,-128,6,0,13-Nov-2017,18:55:24,23.8783,-166.2292,100,2509,11658,540,0,,,4,1,77,146,35,253,64,103,96,10,0,6,119,8,155,157,11,128,2,,,,,,,,,,,,,
3395,160381,27,MA, ,112,13-Nov-2017,19:32:51,,,,401650000,,,0,13-Nov-2017,19:32:51,,,305,,,,,,,173,150,152,48,5,95,0,253,120,152,116,92,189,182,53,197,235,184,125,0,197,177,199,171,0,206,242,,,,,
3395,160381,27,MA, ,112,13-Nov-2017,19:32:51,,,,401650000,,,0,13-Nov-2017,19:33:53,,,305,,,,,,,173,85,205,94,237,107,118,13,162,195,66,209,14,189,223,27,219,176,10,112,195,80,85,85,37,66,192,,,,,
3395,160381,19,MA, ,112,13-Nov-2017,19:32:51,,,,401650000,,,0,13-Nov-2017,19:37:56,,,305,,,,,,,22,161,77,154,75,253,64,103,96,10,0,6,119,8,155,157,11,128,0,,,,,,,,,,,,,
3395,160381,23,NP,B,113,14-Nov-2017,01:17:29,23.9002,-166.2672,,401677395,-132,8,0,14-Nov-2017,01:17:29,23.9002,-166.2672,,5493,7709,3914,53,,,24,129,155,104,39,175,177,165,108,113,70,69,198,71,78,123,20,4,164,244,61,158,151,,,,,,,,,
3395,160381,23,NN,B,114,14-Nov-2017,20:02:16,23.9272,-166.2870,,401677385,-137,,0,14-Nov-2017,20:02:17,23.9272,-166.2870,160,4199,73610,239,100,,,109,152,218,159,21,1,185,47,230,179,106,44,38,185,134,139,223,190,203,77,158,213,135,,,,,,,,,
3395,160381,27,NN,B,114,14-Nov-2017,20:02:16,23.9272,-166.2870,,401677385,-137,,0,14-Nov-2017,20:04:57,23.9272,-166.2870,160,4199,73610,239,100,,,67,16,118,243,232,76,197,85,103,80,69,86,86,18,43,9,185,59,100,211,37,130,2,252,5,42,64,,,,,
3395,160381,31,MA,B,115,14-Nov-2017,20:52:38,23.9228,-166.3278,,401677360,-118,8,0,14-Nov-2017,20:48:10,23.9448,-166.2776,268,3441,224667,52,107,,,237,156,3,102,136,195,1,138,72,15,138,9,169,228,97,67,66,151,43,75,120,253,67,228,119,9,35,193,191,82,231,
3395,160381,23,MA,B,115,14-Nov-2017,20:52:38,23.9228,-166.3278,,401677360,-118,8,0,14-Nov-2017,20:52:38,23.9448,-166.2776,268,3441,224667,52,107,,,3,33,155,16,28,96,2,213,102,1,192,112,79,12,173,6,95,149,205,231,51,216,8,,,,,,,,,
3395,160381,31,MB,B,116,14-Nov-2017,21:47:23,23.9551,-166.2940,,401677405,-133,7,0,14-Nov-2017,21:45:38,23.9683,-166.2937,106,3380,76994,148,93,,,200,52,127,17,249,118,61,131,234,218,225,54,45,231,102,254,142,179,167,118,121,190,18,155,29,225,155,201,50,210,111,
3395,160381,19,MB,B,116,14-Nov-2017,21:47:23,23.9551,-166.2940,,401677405,-133,7,0,14-Nov-2017,21:47:24,23.9683,-166.2937,106,3380,76994,148,93,,,29,128,76,158,143,252,96,103,0,11,10,6,117,43,154,230,234,185,126,,,,,,,,,,,,,
3395,160381,23,NN,B,117,17-Nov-2017,19:37:55,24.2057,-166.5247,,401650000,-132,,0,17-Nov-2017,19:37:29,24.2057,-166.5247,53,13254,103481,1697,77,,,109,186,81,166,68,21,201,59,0,87,60,77,131,238,88,152,110,51,147,69,246,147,0,,,,,,,,,
3395,160381,19,NN,B,117,17-Nov-2017,19:37:55,24.2057,-166.5247,,401650000,-132,,0,17-Nov-2017,19:38:22,24.2057,-166.5247,53,13254,103481,1697,77,,,29,97,77,150,147,253,64,103,128,10,0,6,121,9,157,157,11,128,0,,,,,,,,,,,,,
3395,160381,19,SR,1,118,18-Nov-2017,17:32:13,23.9265,-166.2672,,401677365,-127,40,0,18-Nov-2017,17:29:43,23.9265,-166.2672,691,602,883,409,140,,,25,161,77,184,54,93,64,103,192,10,0,6,125,11,157,29,203,128,0,,,,,,,,,,,,,
3395,160381,19,SR,1,118,18-Nov-2017,17:32:13,23.9265,-166.2672,,401677365,-127,40,0,18-Nov-2017,17:31:50,23.9265,-166.2672,691,602,883,409,140,,,26,161,77,174,183,253,64,103,0,10,0,6,113,9,154,29,203,128,0,,,,,,,,,,,,,
3395,160381,23,SR,1,118,18-Nov-2017,17:32:13,23.9265,-166.2672,,401677365,-127,40,0,18-Nov-2017,17:32:36,23.9265,-166.2672,691,602,883,409,140,,,25,1,155,128,4,32,2,213,102,1,192,248,63,11,77,142,78,167,10,235,7,28,99,,,,,,,,,
3395,160381,19,SR,1,118,18-Nov-2017,17:32:13,23.9265,-166.2672,,401677365,-127,40,0,18-Nov-2017,17:37:21,23.9265,-166.2672,691,602,883,409,140,,,31,225,77,178,116,137,64,103,96,10,0,6,119,5,155,157,203,128,0,,,,,,,,,,,,,
3395,160381,31,SR,1,118,18-Nov-2017,17:32:13,23.9265,-166.2672,,401677365,-127,40,0,18-Nov-2017,17:39:12,23.9265,-166.2672,691,602,883,409,140,,,203,179,5,80,225,184,210,52,227,137,67,54,45,65,96,53,33,82,210,25,229,12,251,162,86,123,74,99,96,15,160,
3395,160381,3,SR,1,118,18-Nov-2017,17:32:13,23.9265,-166.2672,,401677365,-127,40,0,18-Nov-2017,17:40:24,23.9265,-166.2672,691,602,883,409,140,,,29,133,76,,,,,,,,,,,,,,,,,,,,,,,,,,,,,
3395,160381,31,SR,1,118,18-Nov-2017,17:32:13,23.9265,-166.2672,,401677365,-127,40,0,18-Nov-2017,17:41:14,23.9265,-166.2672,691,602,883,409,140,,,205,158,151,246,31,174,114,175,37,90,66,209,134,183,86,28,175,15,22,48,0,246,200,34,161,172,48,152,94,136,158,
3395,160381,19,NN,2,119,18-Nov-2017,17:41:16,23.9234,-166.2623,,401677362,-126,56,0,18-Nov-2017,17:37:21,23.9234,-166.2623,428,305,461,201,43,,,31,225,77,178,116,137,64,103,96,10,0,6,119,5,155,157,203,128,0,,,,,,,,,,,,,
3395,160381,31,NN,2,119,18-Nov-2017,17:41:16,23.9234,-166.2623,,401677362,-126,56,0,18-Nov-2017,17:39:12,23.9234,-166.2623,428,305,461,201,43,,,205,183,106,225,194,197,30,170,83,45,156,150,37,48,135,135,197,201,182,167,80,76,113,173,202,51,70,172,178,128,0,
3395,160381,19,NN,2,119,18-Nov-2017,17:41:16,23.9234,-166.2623,,401677362,-126,56,0,18-Nov-2017,17:40:24,23.9234,-166.2623,428,305,461,201,43,,,29,129,77,158,143,253,64,103,0,10,0,6,113,11,154,29,11,128,0,,,,,,,,,,,,,
3395,160381,31,NN,2,119,18-Nov-2017,17:41:16,23.9234,-166.2623,,401677362,-126,56,0,18-Nov-2017,17:41:14,23.9234,-166.2623,428,305,461,201,43,,,205,158,151,246,95,174,112,241,211,166,135,25,102,13,123,67,143,234,93,41,119,156,202,38,226,250,66,116,203,97,63,
3395,160381,19,NN,2,119,18-Nov-2017,17:41:16,23.9234,-166.2623,,401677362,-126,56,0,18-Nov-2017,17:42:42,23.9234,-166.2623,428,305,461,201,43,,,6,193,77,184,98,121,64,103,224,10,0,6,127,10,158,29,203,128,0,,,,,,,,,,,,,
3395,160381,19,NN,2,119,18-Nov-2017,17:41:16,23.9234,-166.2623,,401677362,-126,56,0,18-Nov-2017,17:43:33,23.9234,-166.2623,428,305,461,201,43,,,0,204,64,133,17,207,153,192,49,13,174,238,255,120,167,26,165,128,232,,,,,,,,,,,,,
3395,160381,23,NN,2,119,18-Nov-2017,17:41:16,23.9234,-166.2623,,401677362,-126,56,0,18-Nov-2017,17:44:29,23.9234,-166.2623,428,305,461,201,43,,,109,186,81,166,68,21,201,59,0,87,60,77,131,238,80,71,110,81,175,69,242,19,0,,,,,,,,,
3395,160381,19,MA,B,120,04-Dec-2017,22:19:18,24.1123,-166.3503,,401677360,-132,,0,04-Dec-2017,22:16:30,24.1123,-166.3503,338,6464,122195,341,14,,,3,65,78,10,183,252,64,101,128,10,0,6,89,14,147,155,12,32,0,,,,,,,,,,,,,
3395,160381,27,MA,B,120,04-Dec-2017,22:19:18,24.1123,-166.3503,,401677360,-132,,0,04-Dec-2017,22:22:08,24.1123,-166.3503,338,6464,122195,341,14,,,174,6,241,18,137,97,51,25,204,57,168,201,197,247,42,8,187,181,203,198,41,194,89,87,159,89,28,,,,,
3395,160381,19,NN, ,121,09-Dec-2017,07:47:14,,,,401650000,-135,,0,09-Dec-2017,07:47:14,,,,,,,,,,1,161,78,36,239,253,64,101,96,10,0,6,86,136,166,17,100,177,74,,,,,,,,,,,,,
3395,160381,19,MA,B,122,09-Dec-2017,08:08:16,24.0196,-166.3658,,401677350,-119,,0,09-Dec-2017,08:07:53,24.0196,-166.3658,47,6909,453721,105,74,,,29,129,77,238,235,182,111,152,97,160,143,217,152,36,53,129,155,51,211,,,,,,,,,,,,,
3395,160381,23,MA,B,122,09-Dec-2017,08:08:16,24.0196,-166.3658,,401677350,-119,,0,09-Dec-2017,08:08:40,24.0196,-166.3658,47,6909,453721,105,74,,,10,129,155,216,28,32,2,213,102,2,1,184,79,14,140,182,97,145,75,37,179,8,0,,,,,,,,,
3395,160381,19,NP, ,123,03-Jan-2018,01:42:02,,,,401650000,-132,,0,03-Jan-2018,01:42:02,,,,,,,,,,10,1,64,140,43,253,64,100,160,10,0,6,75,10,144,165,74,224,0,,,,,,,,,,,,,
3395,160381,23,NP, ,124,10-Jan-2018,01:58:28,,,,401650000,-131,,0,10-Jan-2018,01:58:28,,,59,,,,,,,27,65,161,24,32,32,2,213,102,2,1,160,71,12,237,159,104,14,104,49,193,248,15,,,,,,,,,
3395,160381,23,NP, ,124,10-Jan-2018,01:58:28,,,,401650000,-131,,0,10-Jan-2018,01:59:27,,,59,,,,,,,2,65,161,32,0,105,182,18,191,146,156,131,243,136,99,16,107,19,234,146,83,199,150,,,,,,,,,
3395,160381,27,MA,2,125,17-Jan-2018,20:27:19,23.9778,-166.5897,,401677358,-118,50,0,17-Jan-2018,20:24:57,23.9778,-166.5897,296,469,1047,209,111,,,174,6,241,18,137,97,59,225,76,119,179,26,231,148,121,206,4,0,89,206,136,58,48,127,204,45,46,,,,,
3395,160381,31,MA,2,125,17-Jan-2018,20:27:19,23.9778,-166.5897,,401677358,-118,50,0,17-Jan-2018,20:26:17,23.9778,-166.5897,296,469,1047,209,111,,,205,230,186,249,139,60,235,31,231,126,167,80,156,14,200,93,35,31,158,164,66,79,101,156,42,60,6,199,122,9,180,
3395,160381,23,MA,2,125,17-Jan-2018,20:27:19,23.9778,-166.5897,,401677358,-118,50,0,17-Jan-2018,20:28:10,23.9778,-166.5897,296,469,1047,209,111,,,9,33,161,80,80,10,68,12,38,197,210,20,199,33,72,182,65,208,80,174,124,19,175,,,,,,,,,
3395,160381,27,MA,2,125,17-Jan-2018,20:27:19,23.9778,-166.5897,,401677358,-118,50,0,17-Jan-2018,20:29:53,23.9778,-166.5897,296,469,1047,209,111,,,173,194,187,186,184,142,177,255,200,142,246,206,7,6,135,24,138,240,197,208,7,231,103,234,230,155,61,,,,,
,,,,,,,,,,,,,,,,,,,,,,,,,,,,,,,,,,,,,,,,,,,,,,,,,,,,,,,,,
,,,,,,,,,,,,,,,,,,,,,,,,,,,,,,,,,,,,,,,,,,,,,,,,,,,,,,,,,
PTT,Diags,Passes,Msgs,,,,,,,,,,,,,,,,,,,,,,,,,,,,,,,,,,,,,,,,,,,,,,,,,,,,,,
160381,0,123,260,,,,,,,,,,,,,,,,,,,,,,,,,,,,,,,,,,,,,,,,,,,,,,,,,,,,,,
