DeployID,Ptt,Instr,LocationQuality,Latitude,Longitude,DiveNumber,MobilityAvg,MobilitySD,DiveStart,Segment,SegmentStart,Duration,InitialDepth,FinalDepth,SwimEffort,ActivityCount,Pitch,LightShallow,LightDeep,TempShallow,TempDeep,SurfaceInterval
J612,264751,UT,,,,,,,18:33:58 20-May-2024,,,1068,,,,,,60,25,12.10,8.40,106
J612,264751,UT,,,,,,,18:33:58 20-May-2024,0,18:33:58 20-May-2024,143,0,192,1491,0,69,,,,,
J612,264751,UT,,,,,,,18:33:58 20-May-2024,1,18:36:21 20-May-2024,98,192,272,497,0,,,,,,
J612,264751,UT,,,,,,,18:33:58 20-May-2024,2,18:37:59 20-May-2024,315,272,312,3671,0,,,,,,
J612,264751,UT,,,,,,,18:33:58 20-May-2024,3,18:43:14 20-May-2024,211,312,248,4856,0,,,,,,
J612,264751,UT,,,,,,,18:33:58 20-May-2024,4,18:46:45 20-May-2024,195,248,0,4473,1,-35,,,,,
J612,264751,UT,,,,,,,15:27:07 21-May-2024,,,860,,,,,,27,201,11.40,8.50,87
J612,264751,UT,,,,,,,15:27:07 21-May-2024,0,15:27:07 21-May-2024,217,0,288,2311,0,69,,,,,
J612,264751,UT,,,,,,,15:27:07 21-May-2024,1,15:30:44 21-May-2024,121,288,392,1805,4,,,,,,
J612,264751,UT,,,,,,,15:27:07 21-May-2024,2,15:32:45 21-May-2024,91,392,408,2528,21,,,,,,
J612,264751,UT,,,,,,,15:27:07 21-May-2024,3,15:34:16 21-May-2024,217,408,192,4586,2,,,,,,
J612,264751,UT,,,,,,,15:27:07 21-May-2024,4,15:37:53 21-May-2024,127,192,0,2383,0,-43,,,,,
J612,264751,UT,,,,,,,02:25:23 22-May-2024,,,945,,,,,,34,82,11.60,8.50,68
J612,264751,UT,,,,,,,02:25:23 22-May-2024,0,02:25:23 22-May-2024,151,0,216,1419,0,71,,,,,
J612,264751,UT,,,,,,,02:25:23 22-May-2024,1,02:27:54 22-May-2024,281,216,376,2258,2,,,,,,
J612,264751,UT,,,,,,,02:25:23 22-May-2024,2,02:32:35 22-May-2024,82,376,352,1129,1,,,,,,
J612,264751,UT,,,,,,,02:25:23 22-May-2024,3,02:33:57 22-May-2024,219,352,180,4097,1,,,,,,
J612,264751,UT,,,,,,,02:25:23 22-May-2024,4,02:37:36 22-May-2024,144,180,0,2710,0,-32,,,,,
J612,264751,UT,,,,,,,03:29:40 23-May-2024,,,690,,,,,,158,201,11.70,8.70,70
J612,264751,UT,,,,,,,03:29:40 23-May-2024,0,03:29:40 23-May-2024,140,0,212,1210,0,74,,,,,
J612,264751,UT,,,,,,,03:29:40 23-May-2024,1,03:32:00 23-May-2024,63,212,264,892,2,,,,,,
J612,264751,UT,,,,,,,03:29:40 23-May-2024,2,03:33:03 23-May-2024,78,264,376,1688,9,,,,,,
J612,264751,UT,,,,,,,03:29:40 23-May-2024,3,03:34:21 23-May-2024,179,376,212,4044,12,,,,,,
J612,264751,UT,,,,,,,03:29:40 23-May-2024,4,03:37:20 23-May-2024,160,212,0,2961,0,-32,,,,,
J612,264751,UT,,,,,,,06:40:53 23-May-2024,,,612,,,,,,93,83,11.70,8.70,65
J612,264751,UT,,,,,,,06:40:53 23-May-2024,0,06:40:53 23-May-2024,167,0,256,2027,2,66,,,,,
J612,264751,UT,,,,,,,06:40:53 23-May-2024,1,06:43:40 23-May-2024,38,256,280,434,0,,,,,,
J612,264751,UT,,,,,,,06:40:53 23-May-2024,2,06:44:18 23-May-2024,158,280,156,2626,2,,,,,,
J612,264751,UT,,,,,,,06:40:53 23-May-2024,3,06:46:56 23-May-2024,52,156,156,765,1,,,,,,
J612,264751,UT,,,,,,,06:40:53 23-May-2024,4,06:47:48 23-May-2024,132,156,0,2316,2,-26,,,,,
J612,264751,UT,,,,,,,16:49:27 23-May-2024,,,834,,,,,,58,238,11.80,8.70,81
J612,264751,UT,,,,,,,16:49:27 23-May-2024,0,16:49:27 23-May-2024,165,0,188,1073,0,63,,,,,
J612,264751,UT,,,,,,,16:49:27 23-May-2024,1,16:52:12 23-May-2024,170,188,241,1288,0,,,,,,
J612,264751,UT,,,,,,,16:49:27 23-May-2024,2,16:55:02 23-May-2024,271,241,184,5451,0,,,,,,
J612,264751,UT,,,,,,,16:49:27 23-May-2024,3,16:59:33 23-May-2024,41,184,144,1073,0,,,,,,
J612,264751,UT,,,,,,,16:49:27 23-May-2024,4,17:00:14 23-May-2024,106,144,0,2318,0,-32,,,,,
J612,264751,UT,B,39.6126,-125.1348,,,,12:11:00 25-May-2024,,,614,,,,,,243,122,12.70,8.70,74
J612,264751,UT,B,39.6126,-125.1348,,,,12:11:00 25-May-2024,0,12:11:00 25-May-2024,105,0,144,977,4,71,,,,,
J612,264751,UT,B,39.6126,-125.1348,,,,12:11:00 25-May-2024,1,12:12:45 25-May-2024,140,144,116,2342,6,,,,,,
J612,264751,UT,B,39.6126,-125.1348,,,,12:11:00 25-May-2024,2,12:15:05 25-May-2024,122,116,156,1475,4,,,,,,
J612,264751,UT,B,39.6126,-125.1348,,,,12:11:00 25-May-2024,3,12:17:07 25-May-2024,106,156,100,1549,0,,,,,,
J612,264751,UT,B,39.6126,-125.1348,,,,12:11:00 25-May-2024,4,12:18:53 25-May-2024,67,100,0,1198,1,-48,,,,,
J612,264751,UT,B,40.0963,-125.0999,,,,18:17:20 26-May-2024,,,856,,,,,,100,81,11.30,8.00,96
J612,264751,UT,B,40.0963,-125.0999,,,,18:17:20 26-May-2024,0,18:17:20 26-May-2024,208,0,328,1506,0,79,,,,,
J612,264751,UT,B,40.0963,-125.0999,,,,18:17:20 26-May-2024,1,18:20:48 26-May-2024,47,328,360,541,0,,,,,,
J612,264751,UT,B,40.0963,-125.0999,,,,18:17:20 26-May-2024,2,18:21:35 26-May-2024,54,360,288,965,1,,,,,,
J612,264751,UT,B,40.0963,-125.0999,,,,18:17:20 26-May-2024,3,18:22:29 26-May-2024,214,288,320,4440,17,,,,,,
J612,264751,UT,B,40.0963,-125.0999,,,,18:17:20 26-May-2024,4,18:26:03 26-May-2024,237,320,0,4903,1,-40,,,,,
J612,264751,UT,B,40.2536,-125.1143,,,,00:58:23 27-May-2024,,,801,,,,,,67,83,11.50,7.70,104
J612,264751,UT,B,40.2536,-125.1143,,,,00:58:23 27-May-2024,0,00:58:23 27-May-2024,229,0,296,1629,2,69,,,,,
J612,264751,UT,B,40.2536,-125.1143,,,,00:58:23 27-May-2024,1,01:02:12 27-May-2024,147,296,328,2557,15,,,,,,
J612,264751,UT,B,40.2536,-125.1143,,,,00:58:23 27-May-2024,2,01:04:39 27-May-2024,71,328,296,1063,2,,,,,,
J612,264751,UT,B,40.2536,-125.1143,,,,00:58:23 27-May-2024,3,01:05:50 27-May-2024,98,296,200,1901,0,,,,,,
J612,264751,UT,B,40.2536,-125.1143,,,,00:58:23 27-May-2024,4,01:07:28 27-May-2024,152,200,0,2873,0,-32,,,,,
J612,264751,UT,B,40.6119,-125.1562,,,,05:26:58 28-May-2024,,,873,,,,,,218,96,11.00,7.70,91
J612,264751,UT,B,40.6119,-125.1562,,,,05:26:58 28-May-2024,0,05:26:58 28-May-2024,128,0,176,1084,0,66,,,,,
J612,264751,UT,B,40.6119,-125.1562,,,,05:26:58 28-May-2024,1,05:29:06 28-May-2024,245,176,296,4050,24,,,,,,
J612,264751,UT,B,40.6119,-125.1562,,,,05:26:58 28-May-2024,2,05:33:11 28-May-2024,140,296,188,2583,9,,,,,,
J612,264751,UT,B,40.6119,-125.1562,,,,05:26:58 28-May-2024,3,05:35:31 28-May-2024,104,188,220,1850,12,,,,,,
J612,264751,UT,B,40.6119,-125.1562,,,,05:26:58 28-May-2024,4,05:37:15 28-May-2024,165,220,0,3189,1,-37,,,,,
J612,264751,UT,B,41.0001,-125.4267,,,,18:58:42 28-May-2024,,,762,,,,,,112,110,12.10,7.20,84
J612,264751,UT,B,41.0001,-125.4267,,,,18:58:42 28-May-2024,0,18:58:42 28-May-2024,180,0,236,1332,0,70,,,,,
J612,264751,UT,B,41.0001,-125.4267,,,,18:58:42 28-May-2024,1,19:01:42 28-May-2024,80,236,376,723,4,,,,,,
J612,264751,UT,B,41.0001,-125.4267,,,,18:58:42 28-May-2024,2,19:03:02 28-May-2024,90,376,400,1674,7,,,,,,
J612,264751,UT,B,41.0001,-125.4267,,,,18:58:42 28-May-2024,3,19:04:32 28-May-2024,90,400,320,1751,4,,,,,,
J612,264751,UT,B,41.0001,-125.4267,,,,18:58:42 28-May-2024,4,19:06:02 28-May-2024,238,320,0,4833,0,-34,,,,,
J612,264751,UT,B,40.8573,-125.7639,,,,12:50:27 30-May-2024,,,772,,,,,,232,164,12.70,8.20,79
J612,264751,UT,B,40.8573,-125.7639,,,,12:50:27 30-May-2024,0,12:50:27 30-May-2024,211,0,344,1757,2,78,,,,,
J612,264751,UT,B,40.8573,-125.7639,,,,12:50:27 30-May-2024,1,12:53:58 30-May-2024,54,344,376,1464,14,,,,,,
J612,264751,UT,B,40.8573,-125.7639,,,,12:50:27 30-May-2024,2,12:54:52 30-May-2024,98,376,296,1692,6,,,,,,
J612,264751,UT,B,40.8573,-125.7639,,,,12:50:27 30-May-2024,3,12:56:30 30-May-2024,86,296,336,1171,5,,,,,,
J612,264751,UT,B,40.8573,-125.7639,,,,12:50:27 30-May-2024,4,12:57:56 30-May-2024,244,336,0,4131,4,-53,,,,,
J612,264751,UT,,,,,,,01:05:21 06-Jun-2024,,,989,,,,,,97,35,14.20,8.00,110
J612,264751,UT,,,,,,,01:05:21 06-Jun-2024,0,01:05:21 06-Jun-2024,350,0,544,2732,1,74,,,,,
J612,264751,UT,,,,,,,01:05:21 06-Jun-2024,1,01:11:11 06-Jun-2024,90,544,576,1832,9,,,,,,
J612,264751,UT,,,,,,,01:05:21 06-Jun-2024,2,01:12:41 06-Jun-2024,116,576,498,2065,3,,,,,,
J612,264751,UT,,,,,,,01:05:21 06-Jun-2024,3,01:14:37 06-Jun-2024,138,498,296,2865,2,,,,,,
J612,264751,UT,,,,,,,01:05:21 06-Jun-2024,4,01:16:55 06-Jun-2024,185,296,0,4231,0,-57,,,,,
J612,264751,UT,,,,,,,01:26:29 07-Jun-2024,,,915,,,,,,80,21,14.40,8.00,104
J612,264751,UT,,,,,,,01:26:29 07-Jun-2024,0,01:26:29 07-Jun-2024,209,0,368,1549,0,79,,,,,
J612,264751,UT,,,,,,,01:26:29 07-Jun-2024,1,01:29:58 07-Jun-2024,63,368,416,838,1,,,,,,
J612,264751,UT,,,,,,,01:26:29 07-Jun-2024,2,01:31:01 07-Jun-2024,134,416,608,2178,7,,,,,,
J612,264751,UT,,,,,,,01:26:29 07-Jun-2024,3,01:33:15 07-Jun-2024,158,608,408,2722,6,,,,,,
J612,264751,UT,,,,,,,01:26:29 07-Jun-2024,4,01:35:53 07-Jun-2024,247,408,0,5318,1,-57,,,,,
J612,264751,UT,,,,,,,04:59:52 07-Jun-2024,,,696,,,,,,168,78,14.30,8.00,88
J612,264751,UT,,,,,,,04:59:52 07-Jun-2024,0,04:59:52 07-Jun-2024,62,0,96,726,0,77,,,,,
J612,264751,UT,,,,,,,04:59:52 07-Jun-2024,1,05:00:54 07-Jun-2024,85,96,176,1089,4,,,,,,
J612,264751,UT,,,,,,,04:59:52 07-Jun-2024,2,05:02:19 07-Jun-2024,124,176,456,1775,2,,,,,,
J612,264751,UT,,,,,,,04:59:52 07-Jun-2024,3,05:04:23 07-Jun-2024,62,456,408,1291,9,,,,,,
J612,264751,UT,,,,,,,04:59:52 07-Jun-2024,4,05:05:25 07-Jun-2024,275,408,0,5124,3,-37,,,,,
J612,264751,UT,B,44.3702,-126.3784,,,,13:06:43 08-Jun-2024,,,904,,,,,,7,227,14.50,7.90,107
J612,264751,UT,B,44.3702,-126.3784,,,,13:06:43 08-Jun-2024,0,13:06:43 08-Jun-2024,286,0,440,2098,0,76,,,,,
J612,264751,UT,B,44.3702,-126.3784,,,,13:06:43 08-Jun-2024,1,13:11:29 08-Jun-2024,81,440,360,1209,0,,,,,,
J612,264751,UT,B,44.3702,-126.3784,,,,13:06:43 08-Jun-2024,2,13:12:50 08-Jun-2024,63,360,416,711,1,,,,,,
J612,264751,UT,B,44.3702,-126.3784,,,,13:06:43 08-Jun-2024,3,13:13:53 08-Jun-2024,124,416,368,1636,2,,,,,,
J612,264751,UT,B,44.3702,-126.3784,,,,13:06:43 08-Jun-2024,4,13:15:57 08-Jun-2024,243,368,0,4515,0,-51,,,,,
J612,264751,UT,B,49.3650,-127.6410,,,,03:55:13 22-Jun-2024,,,1005,,,,,,163,94,12.00,7.10,118
J612,264751,UT,B,49.3650,-127.6410,,,,03:55:13 22-Jun-2024,0,03:55:13 22-Jun-2024,263,0,440,2468,6,69,,,,,
J612,264751,UT,B,49.3650,-127.6410,,,,03:55:13 22-Jun-2024,1,03:59:36 22-Jun-2024,49,440,424,1169,5,,,,,,
J612,264751,UT,B,49.3650,-127.6410,,,,03:55:13 22-Jun-2024,2,04:00:25 22-Jun-2024,132,424,498,2035,6,,,,,,
J612,264751,UT,B,49.3650,-127.6410,,,,03:55:13 22-Jun-2024,3,04:02:37 22-Jun-2024,117,498,480,2512,17,,,,,,
J612,264751,UT,B,49.3650,-127.6410,,,,03:55:13 22-Jun-2024,4,04:04:34 22-Jun-2024,326,480,0,5500,4,-53,,,,,
J612,264751,UT,B,49.4780,-127.7299,,,,04:26:49 23-Jun-2024,,,842,,,,,,119,70,12.30,6.30,51
J612,264751,UT,B,49.4780,-127.7299,,,,04:26:49 23-Jun-2024,0,04:26:49 23-Jun-2024,167,0,272,1535,1,78,,,,,
J612,264751,UT,B,49.4780,-127.7299,,,,04:26:49 23-Jun-2024,1,04:29:36 23-Jun-2024,93,272,376,2081,11,,,,,,
J612,264751,UT,B,49.4780,-127.7299,,,,04:26:49 23-Jun-2024,2,04:31:09 23-Jun-2024,154,376,480,2592,17,,,,,,
J612,264751,UT,B,49.4780,-127.7299,,,,04:26:49 23-Jun-2024,3,04:33:43 23-Jun-2024,130,480,376,3036,12,,,,,,
J612,264751,UT,B,49.4780,-127.7299,,,,04:26:49 23-Jun-2024,4,04:35:53 23-Jun-2024,247,376,0,4332,3,-51,,,,,
J612,264751,UT,,,,,,,13:53:31 25-Jun-2024,,,1123,,,,,,21,102,12.90,7.00,134
J612,264751,UT,,,,,,,13:53:31 25-Jun-2024,0,13:53:31 25-Jun-2024,255,0,376,1113,1,76,,,,,
J612,264751,UT,,,,,,,13:53:31 25-Jun-2024,1,13:57:46 25-Jun-2024,31,376,392,603,2,,,,,,
J612,264751,UT,,,,,,,13:53:31 25-Jun-2024,2,13:58:17 25-Jun-2024,77,392,328,1020,1,,,,,,
J612,264751,UT,,,,,,,13:53:31 25-Jun-2024,3,13:59:34 25-Jun-2024,286,328,288,4545,12,,,,,,
J612,264751,UT,,,,,,,13:53:31 25-Jun-2024,4,14:04:20 25-Jun-2024,340,288,0,5890,0,-21,,,,,
J612,264751,UT,,,,,,,17:31:19 25-Jun-2024,,,1355,,,,,,53,192,13.00,7.10,234
J612,264751,UT,,,,,,,17:31:19 25-Jun-2024,0,17:31:19 25-Jun-2024,79,0,90,437,0,65,,,,,
J612,264751,UT,,,,,,,17:31:19 25-Jun-2024,1,17:32:38 25-Jun-2024,61,90,128,267,0,,,,,,
J612,264751,UT,,,,,,,17:31:19 25-Jun-2024,2,17:33:39 25-Jun-2024,710,128,368,1190,0,,,,,,
J612,264751,UT,,,,,,,17:31:19 25-Jun-2024,3,17:45:29 25-Jun-2024,113,368,241,2088,0,,,,,,
J612,264751,UT,,,,,,,17:31:19 25-Jun-2024,4,17:47:22 25-Jun-2024,158,241,0,3084,0,-56,,,,,
J612,264751,UT,B,50.3285,-128.3351,,,,01:22:37 26-Jun-2024,,,1163,,,,,,116,197,13.00,6.90,120
J612,264751,UT,B,50.3285,-128.3351,,,,01:22:37 26-Jun-2024,0,01:22:37 26-Jun-2024,293,0,384,1689,1,72,,,,,
J612,264751,UT,B,50.3285,-128.3351,,,,01:22:37 26-Jun-2024,1,01:27:30 26-Jun-2024,74,384,512,432,0,,,,,,
J612,264751,UT,B,50.3285,-128.3351,,,,01:22:37 26-Jun-2024,2,01:28:44 26-Jun-2024,122,512,608,1336,1,,,,,,
J612,264751,UT,B,50.3285,-128.3351,,,,01:22:37 26-Jun-2024,3,01:30:46 26-Jun-2024,244,608,424,4714,16,,,,,,
J612,264751,UT,B,50.3285,-128.3351,,,,01:22:37 26-Jun-2024,4,01:34:50 26-Jun-2024,310,424,0,4989,1,-39,,,,,
J612,264751,UT,,,,,,,15:53:59 27-Jun-2024,,,1055,,,,,,23,37,12.60,5.90,94
J612,264751,UT,,,,,,,15:53:59 27-Jun-2024,0,15:53:59 27-Jun-2024,270,0,304,4426,12,55,,,,,
J612,264751,UT,,,,,,,15:53:59 27-Jun-2024,1,15:58:29 27-Jun-2024,233,304,312,3869,25,,,,,,
J612,264751,UT,,,,,,,15:53:59 27-Jun-2024,2,16:02:22 27-Jun-2024,203,312,220,2753,8,,,,,,
J612,264751,UT,,,,,,,15:53:59 27-Jun-2024,3,16:05:45 27-Jun-2024,75,220,212,941,0,,,,,,
J612,264751,UT,,,,,,,15:53:59 27-Jun-2024,4,16:07:00 27-Jun-2024,180,212,0,3311,5,-21,,,,,
J612,264751,UT,B,50.8601,-129.4941,,,,02:31:36 28-Jun-2024,,,1258,,,,,,252,101,12.70,6.50,154
J612,264751,UT,B,50.8601,-129.4941,,,,02:31:36 28-Jun-2024,0,02:31:36 28-Jun-2024,233,0,336,1756,0,76,,,,,
J612,264751,UT,B,50.8601,-129.4941,,,,02:31:36 28-Jun-2024,1,02:35:29 28-Jun-2024,147,336,512,1873,8,,,,,,
J612,264751,UT,B,50.8601,-129.4941,,,,02:31:36 28-Jun-2024,2,02:37:56 28-Jun-2024,86,512,544,2107,14,,,,,,
J612,264751,UT,B,50.8601,-129.4941,,,,02:31:36 28-Jun-2024,3,02:39:22 28-Jun-2024,233,544,480,3687,3,,,,,,
J612,264751,UT,B,50.8601,-129.4941,,,,02:31:36 28-Jun-2024,4,02:43:15 28-Jun-2024,405,480,0,7432,17,-35,,,,,
J612,264751,UT,B,50.7977,-129.7250,,,,06:07:55 28-Jun-2024,,,845,,,,,,254,67,12.60,6.20,120
J612,264751,UT,B,50.7977,-129.7250,,,,06:07:55 28-Jun-2024,0,06:07:55 28-Jun-2024,278,0,236,3538,19,49,,,,,
J612,264751,UT,B,50.7977,-129.7250,,,,06:07:55 28-Jun-2024,1,06:12:33 28-Jun-2024,96,236,360,892,3,,,,,,
J612,264751,UT,B,50.7977,-129.7250,,,,06:07:55 28-Jun-2024,2,06:14:09 28-Jun-2024,90,360,256,1560,1,,,,,,
J612,264751,UT,B,50.7977,-129.7250,,,,06:07:55 28-Jun-2024,3,06:15:39 28-Jun-2024,51,256,264,1254,9,,,,,,
J612,264751,UT,B,50.7977,-129.7250,,,,06:07:55 28-Jun-2024,4,06:16:30 28-Jun-2024,210,264,0,3287,2,-29,,,,,
J612,264751,UT,B,50.8922,-129.9156,,,,13:01:58 28-Jun-2024,,,1198,,,,,,205,76,12.80,6.60,116
J612,264751,UT,B,50.8922,-129.9156,,,,13:01:58 28-Jun-2024,0,13:01:58 28-Jun-2024,321,0,480,2505,8,74,,,,,
J612,264751,UT,B,50.8922,-129.9156,,,,13:01:58 28-Jun-2024,1,13:07:19 28-Jun-2024,144,480,560,2728,15,,,,,,
J612,264751,UT,B,50.8922,-129.9156,,,,13:01:58 28-Jun-2024,2,13:09:43 28-Jun-2024,93,560,488,1476,1,,,,,,
J612,264751,UT,B,50.8922,-129.9156,,,,13:01:58 28-Jun-2024,3,13:11:16 28-Jun-2024,194,488,488,4115,28,,,,,,
J612,264751,UT,B,50.8922,-129.9156,,,,13:01:58 28-Jun-2024,4,13:14:30 28-Jun-2024,330,488,0,5680,1,-54,,,,,
J612,264751,UT,B,51.0247,-130.3351,,,,03:45:35 29-Jun-2024,,,1079,,,,,,198,56,12.60,6.60,94
J612,264751,UT,B,51.0247,-130.3351,,,,03:45:35 29-Jun-2024,0,03:45:35 29-Jun-2024,354,0,512,3454,6,70,,,,,
J612,264751,UT,B,51.0247,-130.3351,,,,03:45:35 29-Jun-2024,1,03:51:29 29-Jun-2024,108,512,576,2476,9,,,,,,
J612,264751,UT,B,51.0247,-130.3351,,,,03:45:35 29-Jun-2024,2,03:53:17 29-Jun-2024,177,576,498,3362,14,,,,,,
J612,264751,UT,B,51.0247,-130.3351,,,,03:45:35 29-Jun-2024,3,03:56:14 29-Jun-2024,161,498,320,2995,6,,,,,,
J612,264751,UT,B,51.0247,-130.3351,,,,03:45:35 29-Jun-2024,4,03:58:55 29-Jun-2024,185,320,0,3881,0,-49,,,,,
J612,264751,UT,,,,,,,14:48:42 30-Jun-2024,,,883,,,,,,29,166,12.70,6.90,85
J612,264751,UT,,,,,,,14:48:42 30-Jun-2024,0,14:48:42 30-Jun-2024,162,0,168,959,0,62,,,,,
J612,264751,UT,,,,,,,14:48:42 30-Jun-2024,1,14:51:24 30-Jun-2024,119,168,204,845,0,,,,,,
J612,264751,UT,,,,,,,14:48:42 30-Jun-2024,2,14:53:23 30-Jun-2024,218,204,216,2901,0,,,,,,
J612,264751,UT,,,,,,,14:48:42 30-Jun-2024,3,14:57:01 30-Jun-2024,168,216,164,2467,0,,,,,,
J612,264751,UT,,,,,,,14:48:42 30-Jun-2024,4,14:59:49 30-Jun-2024,131,164,0,2399,1,-27,,,,,
J612,264751,UT,,,,,,,18:29:38 01-Jul-2024,,,1333,,,,,,59,246,12.40,6.40,111
J612,264751,UT,,,,,,,18:29:38 01-Jul-2024,0,18:29:38 01-Jul-2024,258,0,376,1621,1,76,,,,,
J612,264751,UT,,,,,,,18:29:38 01-Jul-2024,1,18:33:56 01-Jul-2024,133,376,608,686,1,,,,,,
J612,264751,UT,,,,,,,18:29:38 01-Jul-2024,2,18:36:09 01-Jul-2024,210,608,608,3492,6,,,,,,
J612,264751,UT,,,,,,,18:29:38 01-Jul-2024,3,18:39:39 01-Jul-2024,153,608,672,2806,7,,,,,,
J612,264751,UT,,,,,,,18:29:38 01-Jul-2024,4,18:42:12 01-Jul-2024,468,672,0,7920,6,-49,,,,,
J612,264751,UT,,,,,,,17:15:25 03-Jul-2024,,,1555,,,,,,51,8,12.00,6.80,80
J612,264751,UT,,,,,,,17:15:25 03-Jul-2024,0,17:15:25 03-Jul-2024,92,0,132,730,0,76,,,,,
J612,264751,UT,,,,,,,17:15:25 03-Jul-2024,1,17:16:57 03-Jul-2024,69,132,184,431,0,,,,,,
J612,264751,UT,,,,,,,17:15:25 03-Jul-2024,2,17:18:06 03-Jul-2024,957,184,498,1493,0,,,,,,
J612,264751,UT,,,,,,,17:15:25 03-Jul-2024,3,17:34:03 03-Jul-2024,196,498,241,4215,0,,,,,,
J612,264751,UT,,,,,,,17:15:25 03-Jul-2024,4,17:37:19 03-Jul-2024,161,241,0,3219,0,-49,,,,,
J612,264751,UT,B,53.2962,-133.5019,,,,03:17:07 06-Jul-2024,,,1568,,,,,,20,198,12.70,6.60,195
J612,264751,UT,B,53.2962,-133.5019,,,,03:17:07 06-Jul-2024,0,03:17:07 06-Jul-2024,343,0,576,2953,1,77,,,,,
J612,264751,UT,B,53.2962,-133.5019,,,,03:17:07 06-Jul-2024,1,03:22:50 06-Jul-2024,150,576,576,2510,8,,,,,,
J612,264751,UT,B,53.2962,-133.5019,,,,03:17:07 06-Jul-2024,2,03:25:20 06-Jul-2024,97,576,656,2953,14,,,,,,
J612,264751,UT,B,53.2962,-133.5019,,,,03:17:07 06-Jul-2024,3,03:26:57 06-Jul-2024,429,656,368,9374,40,,,,,,
J612,264751,UT,B,53.2962,-133.5019,,,,03:17:07 06-Jul-2024,4,03:34:06 06-Jul-2024,354,368,0,4650,3,-75,,,,,
J612,264751,UT,B,53.6967,-133.6368,,,,00:31:22 07-Jul-2024,,,1214,,,,,,14,242,12.80,6.60,96
J612,264751,UT,B,53.6967,-133.6368,,,,00:31:22 07-Jul-2024,0,00:31:22 07-Jul-2024,358,0,498,2516,2,75,,,,,
J612,264751,UT,B,53.6967,-133.6368,,,,00:31:22 07-Jul-2024,1,00:37:20 07-Jul-2024,114,498,576,2142,13,,,,,,
J612,264751,UT,B,53.6967,-133.6368,,,,00:31:22 07-Jul-2024,2,00:39:14 07-Jul-2024,244,576,498,3978,1,,,,,,
J612,264751,UT,B,53.6967,-133.6368,,,,00:31:22 07-Jul-2024,3,00:43:18 07-Jul-2024,254,498,232,4318,4,,,,,,
J612,264751,UT,B,53.6967,-133.6368,,,,00:31:22 07-Jul-2024,4,00:47:32 07-Jul-2024,148,232,0,2652,0,-43,,,,,
J612,264751,UT,B,53.7895,-133.6841,,,,04:19:23 07-Jul-2024,,,1330,,,,,,212,157,12.80,6.50,93
J612,264751,UT,B,53.7895,-133.6841,,,,04:19:23 07-Jul-2024,0,04:19:23 07-Jul-2024,329,0,544,1909,0,77,,,,,
J612,264751,UT,B,53.7895,-133.6841,,,,04:19:23 07-Jul-2024,1,04:24:52 07-Jul-2024,483,544,464,6735,17,,,,,,
J612,264751,UT,B,53.7895,-133.6841,,,,04:19:23 07-Jul-2024,2,04:32:55 07-Jul-2024,280,464,216,4932,5,,,,,,
J612,264751,UT,B,53.7895,-133.6841,,,,04:19:23 07-Jul-2024,3,04:37:35 07-Jul-2024,58,216,144,1273,0,,,,,,
J612,264751,UT,B,53.7895,-133.6841,,,,04:19:23 07-Jul-2024,4,04:38:33 07-Jul-2024,87,144,0,1538,0,-44,,,,,
J612,264751,UT,,,,,,,05:46:40 09-Jul-2024,,,1018,,,,,,24,67,12.80,6.50,98
J612,264751,UT,,,,,,,05:46:40 09-Jul-2024,0,05:46:40 09-Jul-2024,194,0,304,1504,1,71,,,,,
J612,264751,UT,,,,,,,05:46:40 09-Jul-2024,1,05:49:54 09-Jul-2024,201,304,528,2793,12,,,,,,
J612,264751,UT,,,,,,,05:46:40 09-Jul-2024,2,05:53:15 09-Jul-2024,187,528,456,3898,12,,,,,,
J612,264751,UT,,,,,,,05:46:40 09-Jul-2024,3,05:56:22 09-Jul-2024,137,456,312,2486,8,,,,,,
J612,264751,UT,,,,,,,05:46:40 09-Jul-2024,4,05:58:39 09-Jul-2024,201,312,0,3683,1,-41,,,,,
J612,264751,UT,,,,,,,19:31:23 09-Jul-2024,,,1230,,,,,,42,249,12.20,7.00,113
J612,264751,UT,,,,,,,19:31:23 09-Jul-2024,0,19:31:23 09-Jul-2024,375,0,640,2459,0,78,,,,,
J612,264751,UT,,,,,,,19:31:23 09-Jul-2024,1,19:37:38 09-Jul-2024,157,640,672,2407,16,,,,,,
J612,264751,UT,,,,,,,19:31:23 09-Jul-2024,2,19:40:15 09-Jul-2024,88,672,656,3140,20,,,,,,
J612,264751,UT,,,,,,,19:31:23 09-Jul-2024,3,19:41:43 09-Jul-2024,122,656,528,2041,5,,,,,,
J612,264751,UT,,,,,,,19:31:23 09-Jul-2024,4,19:43:45 09-Jul-2024,375,528,0,6646,0,-43,,,,,
J612,264751,UT,,,,,,,06:56:55 10-Jul-2024,,,870,,,,,,60,66,12.50,7.00,85
J612,264751,UT,,,,,,,06:56:55 10-Jul-2024,0,06:56:55 10-Jul-2024,264,0,248,3727,16,49,,,,,
J612,264751,UT,,,,,,,06:56:55 10-Jul-2024,1,07:01:19 10-Jul-2024,67,248,208,1406,7,,,,,,
J612,264751,UT,,,,,,,06:56:55 10-Jul-2024,2,07:02:26 10-Jul-2024,80,208,296,1242,6,,,,,,
J612,264751,UT,,,,,,,06:56:55 10-Jul-2024,3,07:03:46 10-Jul-2024,227,296,188,4152,10,,,,,,
J612,264751,UT,,,,,,,06:56:55 10-Jul-2024,4,07:07:33 10-Jul-2024,147,188,0,2550,3,-32,,,,,
J612,264751,UT,,,,,,,01:30:52 11-Jul-2024,,,1252,,,,,,22,247,12.50,6.40,104
J612,264751,UT,,,,,,,01:30:52 11-Jul-2024,0,01:30:52 11-Jul-2024,341,0,576,2125,2,77,,,,,
J612,264751,UT,,,,,,,01:30:52 11-Jul-2024,1,01:36:33 11-Jul-2024,116,576,672,1380,4,,,,,,
J612,264751,UT,,,,,,,01:30:52 11-Jul-2024,2,01:38:29 11-Jul-2024,234,672,608,4363,13,,,,,,
J612,264751,UT,,,,,,,01:30:52 11-Jul-2024,3,01:42:23 11-Jul-2024,278,608,280,4736,6,,,,,,
J612,264751,UT,,,,,,,01:30:52 11-Jul-2024,4,01:47:01 11-Jul-2024,179,280,0,3692,0,-50,,,,,
J612,264751,UT,B,55.5831,-138.2760,,,,20:22:17 13-Jul-2024,,,1168,,,,,,28,202,12.10,6.20,105
J612,264751,UT,B,55.5831,-138.2760,,,,20:22:17 13-Jul-2024,0,20:22:17 13-Jul-2024,332,0,528,2056,1,80,,,,,
J612,264751,UT,B,55.5831,-138.2760,,,,20:22:17 13-Jul-2024,1,20:27:49 13-Jul-2024,183,528,688,3691,18,,,,,,
J612,264751,UT,B,55.5831,-138.2760,,,,20:22:17 13-Jul-2024,2,20:30:52 13-Jul-2024,191,688,498,3364,7,,,,,,
J612,264751,UT,B,55.5831,-138.2760,,,,20:22:17 13-Jul-2024,3,20:34:03 13-Jul-2024,50,498,480,981,3,,,,,,
J612,264751,UT,B,55.5831,-138.2760,,,,20:22:17 13-Jul-2024,4,20:34:53 13-Jul-2024,307,480,0,5933,4,-54,,,,,
J612,264751,UT,,,,,,,11:37:04 15-Jul-2024,,,2823,,,,,,185,72,12.10,5.10,2047
J612,264751,UT,,,,,,,11:37:04 15-Jul-2024,0,11:37:04 15-Jul-2024,158,0,241,1297,2,74,,,,,
J612,264751,UT,,,,,,,11:37:04 15-Jul-2024,1,11:39:42 15-Jul-2024,78,241,408,1031,2,,,,,,
J612,264751,UT,,,,,,,11:37:04 15-Jul-2024,2,11:41:00 15-Jul-2024,116,408,440,1862,3,,,,,,
J612,264751,UT,,,,,,,11:37:04 15-Jul-2024,3,11:42:56 15-Jul-2024,182,440,336,4057,14,,,,,,
J612,264751,UT,,,,,,,11:37:04 15-Jul-2024,4,11:45:58 15-Jul-2024,242,336,0,4223,4,-38,,,,,
J612,264751,UT,,,,,,,05:52:55 17-Jul-2024,,,1135,,,,,,122,218,12.60,5.70,110
J612,264751,UT,,,,,,,05:52:55 17-Jul-2024,0,05:52:55 17-Jul-2024,240,0,296,2582,14,67,,,,,
J612,264751,UT,,,,,,,05:52:55 17-Jul-2024,1,05:56:55 17-Jul-2024,136,296,544,1132,0,,,,,,
J612,264751,UT,,,,,,,05:52:55 17-Jul-2024,2,05:59:11 17-Jul-2024,72,544,480,1268,2,,,,,,
J612,264751,UT,,,,,,,05:52:55 17-Jul-2024,3,06:00:23 17-Jul-2024,257,480,472,4801,15,,,,,,
J612,264751,UT,,,,,,,05:52:55 17-Jul-2024,4,06:04:40 17-Jul-2024,320,472,0,5753,3,-47,,,,,
J612,264751,UT,,,,,,,16:49:55 18-Jul-2024,,,1325,,,,,,21,237,12.40,5.00,120
J612,264751,UT,,,,,,,16:49:55 18-Jul-2024,0,16:49:55 18-Jul-2024,424,0,560,2657,1,72,,,,,
J612,264751,UT,,,,,,,16:49:55 18-Jul-2024,1,16:56:59 18-Jul-2024,103,560,624,1409,3,,,,,,
J612,264751,UT,,,,,,,16:49:55 18-Jul-2024,2,16:58:42 18-Jul-2024,254,624,498,4750,13,,,,,,
J612,264751,UT,,,,,,,16:49:55 18-Jul-2024,3,17:02:56 18-Jul-2024,283,498,212,5113,3,,,,,,
J612,264751,UT,,,,,,,16:49:55 18-Jul-2024,4,17:07:39 18-Jul-2024,141,212,0,2577,2,-42,,,,,
J612,264751,UT,A,56.2970,-141.3166,,,,03:50:07 19-Jul-2024,,,1350,,,,,,232,183,12.80,5.70,157
J612,264751,UT,A,56.2970,-141.3166,,,,03:50:07 19-Jul-2024,0,03:50:07 19-Jul-2024,121,0,156,707,0,65,,,,,
J612,264751,UT,A,56.2970,-141.3166,,,,03:50:07 19-Jul-2024,1,03:52:08 19-Jul-2024,354,156,272,1749,0,,,,,,
J612,264751,UT,A,56.2970,-141.3166,,,,03:50:07 19-Jul-2024,2,03:58:02 19-Jul-2024,131,272,376,1414,7,,,,,,
J612,264751,UT,A,56.2970,-141.3166,,,,03:50:07 19-Jul-2024,3,04:00:13 19-Jul-2024,335,376,320,4726,7,,,,,,
J612,264751,UT,A,56.2970,-141.3166,,,,03:50:07 19-Jul-2024,4,04:05:48 19-Jul-2024,252,320,0,4503,0,-37,,,,,
J612,264751,UT,B,56.3950,-142.3300,,,,07:15:10 19-Jul-2024,,,1034,,,,,,127,79,12.80,5.10,144
J612,264751,UT,B,56.3950,-142.3300,,,,07:15:10 19-Jul-2024,0,07:15:10 19-Jul-2024,229,0,424,1880,4,76,,,,,
J612,264751,UT,B,56.3950,-142.3300,,,,07:15:10 19-Jul-2024,1,07:18:59 19-Jul-2024,133,424,498,2780,16,,,,,,
J612,264751,UT,B,56.3950,-142.3300,,,,07:15:10 19-Jul-2024,2,07:21:12 19-Jul-2024,222,498,456,5191,23,,,,,,
J612,264751,UT,B,56.3950,-142.3300,,,,07:15:10 19-Jul-2024,3,07:24:54 19-Jul-2024,90,456,352,2166,7,,,,,,
J612,264751,UT,B,56.3950,-142.3300,,,,07:15:10 19-Jul-2024,4,07:26:24 19-Jul-2024,216,352,0,4210,1,-53,,,,,
J612,264751,UT,,,,,,,05:03:36 24-Jul-2024,,,1072,,,,,,229,149,13.40,4.20,88
J612,264751,UT,,,,,,,05:03:36 24-Jul-2024,0,05:03:36 24-Jul-2024,308,0,544,2237,1,79,,,,,
J612,264751,UT,,,,,,,05:03:36 24-Jul-2024,1,05:08:44 24-Jul-2024,84,544,488,1699,8,,,,,,
J612,264751,UT,,,,,,,05:03:36 24-Jul-2024,2,05:10:08 24-Jul-2024,100,488,528,1906,8,,,,,,
J612,264751,UT,,,,,,,05:03:36 24-Jul-2024,3,05:11:48 24-Jul-2024,169,528,464,2652,7,,,,,,
J612,264751,UT,,,,,,,05:03:36 24-Jul-2024,4,05:14:37 24-Jul-2024,323,464,0,5262,3,-44,,,,,
J612,264751,UT,,,,,,,18:45:14 24-Jul-2024,,,1094,,,,,,42,227,13.10,4.30,88
J612,264751,UT,,,,,,,18:45:14 24-Jul-2024,0,18:45:14 24-Jul-2024,157,0,192,1495,2,60,,,,,
J612,264751,UT,,,,,,,18:45:14 24-Jul-2024,1,18:47:51 24-Jul-2024,315,192,224,4354,0,,,,,,
J612,264751,UT,,,,,,,18:45:14 24-Jul-2024,2,18:53:06 24-Jul-2024,385,224,200,5585,0,,,,,,
J612,264751,UT,,,,,,,18:45:14 24-Jul-2024,3,18:59:31 24-Jul-2024,39,200,168,704,0,,,,,,
J612,264751,UT,,,,,,,18:45:14 24-Jul-2024,4,19:00:10 24-Jul-2024,110,168,0,1891,0,-42,,,,,
J612,264751,UT,,,,,,,01:32:12 25-Jul-2024,,,1162,,,,,,14,223,13.00,5.10,94
J612,264751,UT,,,,,,,01:32:12 25-Jul-2024,0,01:32:12 25-Jul-2024,125,0,188,1061,1,73,,,,,
J612,264751,UT,,,,,,,01:32:12 25-Jul-2024,1,01:34:17 25-Jul-2024,159,188,140,2593,0,,,,,,
J612,264751,UT,,,,,,,01:32:12 25-Jul-2024,2,01:36:56 25-Jul-2024,108,140,256,1178,7,,,,,,
J612,264751,UT,,,,,,,01:32:12 25-Jul-2024,3,01:38:44 25-Jul-2024,551,256,196,7483,0,,,,,,
J612,264751,UT,,,,,,,01:32:12 25-Jul-2024,4,01:47:55 25-Jul-2024,125,196,0,2180,1,-44,,,,,
J612,264751,UT,B,58.0793,-146.9106,,,,05:00:06 25-Jul-2024,,,1319,,,,,,233,167,13.20,5.00,125
J612,264751,UT,B,58.0793,-146.9106,,,,05:00:06 25-Jul-2024,0,05:00:06 25-Jul-2024,317,0,528,2468,0,78,,,,,
J612,264751,UT,B,58.0793,-146.9106,,,,05:00:06 25-Jul-2024,1,05:05:23 25-Jul-2024,177,528,560,3344,14,,,,,,
J612,264751,UT,B,58.0793,-146.9106,,,,05:00:06 25-Jul-2024,2,05:08:20 25-Jul-2024,103,560,488,2388,14,,,,,,
J612,264751,UT,B,58.0793,-146.9106,,,,05:00:06 25-Jul-2024,3,05:10:03 25-Jul-2024,299,488,448,5055,19,,,,,,
J612,264751,UT,B,58.0793,-146.9106,,,,05:00:06 25-Jul-2024,4,05:15:02 25-Jul-2024,298,448,0,4936,2,-55,,,,,
J612,264751,UT,B,58.0014,-146.9881,,,,18:42:38 25-Jul-2024,,,1287,,,,,,28,182,12.40,5.20,125
J612,264751,UT,B,58.0014,-146.9881,,,,18:42:38 25-Jul-2024,0,18:42:38 25-Jul-2024,200,0,176,1675,0,44,,,,,
J612,264751,UT,B,58.0014,-146.9881,,,,18:42:38 25-Jul-2024,1,18:45:58 25-Jul-2024,272,176,560,1819,2,,,,,,
J612,264751,UT,B,58.0014,-146.9881,,,,18:42:38 25-Jul-2024,2,18:50:30 25-Jul-2024,136,560,576,2058,3,,,,,,
J612,264751,UT,B,58.0014,-146.9881,,,,18:42:38 25-Jul-2024,3,18:52:46 25-Jul-2024,209,576,432,4739,22,,,,,,
J612,264751,UT,B,58.0014,-146.9881,,,,18:42:38 25-Jul-2024,4,18:56:15 25-Jul-2024,345,432,0,6079,8,-34,,,,,
J612,264751,UT,B,58.3091,-148.1245,,,,19:21:08 26-Jul-2024,,,1204,,,,,,67,189,12.50,6.20,72
J612,264751,UT,B,58.3091,-148.1245,,,,19:21:08 26-Jul-2024,0,19:21:08 26-Jul-2024,318,0,528,2120,1,79,,,,,
J612,264751,UT,B,58.3091,-148.1245,,,,19:21:08 26-Jul-2024,1,19:26:26 26-Jul-2024,177,528,656,1590,0,,,,,,
J612,264751,UT,B,58.3091,-148.1245,,,,19:21:08 26-Jul-2024,2,19:29:23 26-Jul-2024,151,656,528,2014,1,,,,,,
J612,264751,UT,B,58.3091,-148.1245,,,,19:21:08 26-Jul-2024,3,19:31:54 26-Jul-2024,415,528,23,6730,0,,,,,,
J612,264751,UT,B,58.3091,-148.1245,,,,19:21:08 26-Jul-2024,4,19:38:49 26-Jul-2024,71,23,0,1060,0,8,,,,,
J612,264751,UT,B,58.3551,-148.3473,,,,03:09:41 27-Jul-2024,,,1312,,,,,,238,182,13.20,6.20,93
J612,264751,UT,B,58.3551,-148.3473,,,,03:09:41 27-Jul-2024,0,03:09:41 27-Jul-2024,505,0,768,4262,8,72,,,,,
J612,264751,UT,B,58.3551,-148.3473,,,,03:09:41 27-Jul-2024,1,03:18:06 27-Jul-2024,200,768,608,3759,9,,,,,,
J612,264751,UT,B,58.3551,-148.3473,,,,03:09:41 27-Jul-2024,2,03:21:26 27-Jul-2024,276,608,272,4195,2,,,,,,
J612,264751,UT,B,58.3551,-148.3473,,,,03:09:41 27-Jul-2024,3,03:26:02 27-Jul-2024,28,272,296,705,6,,,,,,
J612,264751,UT,B,58.3551,-148.3473,,,,03:09:41 27-Jul-2024,4,03:26:30 27-Jul-2024,210,296,0,3323,1,-44,,,,,
J612,264751,UT,B,58.4272,-148.5063,,,,06:44:57 27-Jul-2024,,,1122,,,,,,82,103,12.80,6.10,99
J612,264751,UT,B,58.4272,-148.5063,,,,06:44:57 27-Jul-2024,0,06:44:57 27-Jul-2024,344,0,512,3431,14,71,,,,,
J612,264751,UT,B,58.4272,-148.5063,,,,06:44:57 27-Jul-2024,1,06:50:41 27-Jul-2024,80,512,512,1826,11,,,,,,
J612,264751,UT,B,58.4272,-148.5063,,,,06:44:57 27-Jul-2024,2,06:52:01 27-Jul-2024,223,512,384,3998,16,,,,,,
J612,264751,UT,B,58.4272,-148.5063,,,,06:44:57 27-Jul-2024,3,06:55:44 27-Jul-2024,280,384,144,3651,3,,,,,,
J612,264751,UT,B,58.4272,-148.5063,,,,06:44:57 27-Jul-2024,4,07:00:24 27-Jul-2024,96,144,0,1385,0,-36,,,,,
J612,264751,UT,B,58.4931,-149.1727,,,,20:44:23 28-Jul-2024,,,1208,,,,,,47,157,12.40,5.70,151
J612,264751,UT,B,58.4931,-149.1727,,,,20:44:23 28-Jul-2024,0,20:44:23 28-Jul-2024,372,0,608,2051,0,83,,,,,
J612,264751,UT,B,58.4931,-149.1727,,,,20:44:23 28-Jul-2024,1,20:50:35 28-Jul-2024,107,608,720,703,3,,,,,,
J612,264751,UT,B,58.4931,-149.1727,,,,20:44:23 28-Jul-2024,2,20:52:22 28-Jul-2024,91,720,720,2578,16,,,,,,
J612,264751,UT,B,58.4931,-149.1727,,,,20:44:23 28-Jul-2024,3,20:53:53 28-Jul-2024,58,720,672,1055,11,,,,,,
J612,264751,UT,B,58.4931,-149.1727,,,,20:44:23 28-Jul-2024,4,20:54:51 28-Jul-2024,429,672,0,7440,6,-55,,,,,
J612,264751,UT,B,58.4099,-148.4919,,,,03:44:52 29-Jul-2024,,,1639,,,,,,220,236,11.50,5.30,131
J612,264751,UT,B,58.4099,-148.4919,,,,03:44:52 29-Jul-2024,0,03:44:52 29-Jul-2024,212,0,312,888,0,79,,,,,
J612,264751,UT,B,58.4099,-148.4919,,,,03:44:52 29-Jul-2024,1,03:48:24 29-Jul-2024,330,312,320,2906,6,,,,,,
J612,264751,UT,B,58.4099,-148.4919,,,,03:44:52 29-Jul-2024,2,03:53:54 29-Jul-2024,436,320,288,5127,10,,,,,,
J612,264751,UT,B,58.4099,-148.4919,,,,03:44:52 29-Jul-2024,3,04:01:10 29-Jul-2024,306,288,312,4804,21,,,,,,
J612,264751,UT,B,58.4099,-148.4919,,,,03:44:52 29-Jul-2024,4,04:06:16 29-Jul-2024,224,312,0,3714,0,-41,,,,,
J612,264751,UT,,,,,,,08:23:15 30-Jul-2024,,,1137,,,,,,169,60,12.70,5.60,132
J612,264751,UT,,,,,,,08:23:15 30-Jul-2024,0,08:23:15 30-Jul-2024,369,0,592,2468,8,79,,,,,
J612,264751,UT,,,,,,,08:23:15 30-Jul-2024,1,08:29:24 30-Jul-2024,173,592,608,3237,25,,,,,,
J612,264751,UT,,,,,,,08:23:15 30-Jul-2024,2,08:32:17 30-Jul-2024,39,608,608,364,2,,,,,,
J612,264751,UT,,,,,,,08:23:15 30-Jul-2024,3,08:32:56 30-Jul-2024,118,608,472,1821,8,,,,,,
J612,264751,UT,,,,,,,08:23:15 30-Jul-2024,4,08:34:54 30-Jul-2024,306,472,0,5139,2,-60,,,,,
J612,264751,UT,,,,,,,18:31:34 02-Aug-2024,,,1224,,,,,,52,226,14.10,4.90,118
J612,264751,UT,,,,,,,18:31:34 02-Aug-2024,0,18:31:34 02-Aug-2024,164,0,204,1244,0,66,,,,,
J612,264751,UT,,,,,,,18:31:34 02-Aug-2024,1,18:34:18 02-Aug-2024,389,204,164,5448,0,,,,,,
J612,264751,UT,,,,,,,18:31:34 02-Aug-2024,2,18:40:47 02-Aug-2024,302,164,212,3990,0,,,,,,
J612,264751,UT,,,,,,,18:31:34 02-Aug-2024,3,18:45:49 02-Aug-2024,139,212,192,2102,0,,,,,,
J612,264751,UT,,,,,,,18:31:34 02-Aug-2024,4,18:48:08 02-Aug-2024,112,192,0,2274,0,-41,,,,,
J612,264751,UT,,,,,,,10:34:58 04-Aug-2024,,,991,,,,,,112,64,12.50,,89
J612,264751,UT,,,,,,,10:34:58 04-Aug-2024,0,10:34:58 04-Aug-2024,240,0,116,3572,28,32,,,,,
J612,264751,UT,,,,,,,10:34:58 04-Aug-2024,1,10:38:58 04-Aug-2024,387,116,124,7201,41,,,,,,
J612,264751,UT,,,,,,,10:34:58 04-Aug-2024,2,10:45:25 04-Aug-2024,85,124,86,1304,3,,,,,,
J612,264751,UT,,,,,,,10:34:58 04-Aug-2024,3,10:46:50 04-Aug-2024,49,86,120,907,5,,,,,,
J612,264751,UT,,,,,,,10:34:58 04-Aug-2024,4,10:47:39 04-Aug-2024,141,120,0,2892,14,-19,,,,,
J612,264751,UT,,,,,,,21:13:19 04-Aug-2024,,,1085,,,,,,22,208,12.40,4.50,84
J612,264751,UT,,,,,,,21:13:19 04-Aug-2024,0,21:13:19 04-Aug-2024,149,0,204,1154,0,70,,,,,
J612,264751,UT,,,,,,,21:13:19 04-Aug-2024,1,21:15:48 04-Aug-2024,336,204,172,4726,1,,,,,,
J612,264751,UT,,,,,,,21:13:19 04-Aug-2024,2,21:21:24 04-Aug-2024,55,172,248,1005,6,,,,,,
J612,264751,UT,,,,,,,21:13:19 04-Aug-2024,3,21:22:19 04-Aug-2024,305,248,204,4242,0,,,,,,
J612,264751,UT,,,,,,,21:13:19 04-Aug-2024,4,21:27:24 04-Aug-2024,156,204,0,2754,2,-30,,,,,
J612,264751,UT,,,,,,,15:20:03 05-Aug-2024,,,1298,,,,,,190,149,12.10,4.50,101
J612,264751,UT,,,,,,,15:20:03 05-Aug-2024,0,15:20:03 05-Aug-2024,187,0,248,1404,0,64,,,,,
J612,264751,UT,,,,,,,15:20:03 05-Aug-2024,1,15:23:10 05-Aug-2024,355,248,416,8916,54,,,,,,
J612,264751,UT,,,,,,,15:20:03 05-Aug-2024,2,15:29:05 05-Aug-2024,281,416,480,6178,41,,,,,,
J612,264751,UT,,,,,,,15:20:03 05-Aug-2024,3,15:33:46 05-Aug-2024,112,480,392,2036,0,,,,,,
J612,264751,UT,,,,,,,15:20:03 05-Aug-2024,4,15:35:38 05-Aug-2024,262,392,0,4633,0,-40,,,,,
J612,264751,UT,,,,,,,05:08:25 06-Aug-2024,,,767,,,,,,189,92,12.30,4.40,72
J612,264751,UT,,,,,,,05:08:25 06-Aug-2024,0,05:08:25 06-Aug-2024,136,0,66,1923,0,37,,,,,
J612,264751,UT,,,,,,,05:08:25 06-Aug-2024,1,05:10:41 06-Aug-2024,125,66,196,683,0,,,,,,
J612,264751,UT,,,,,,,05:08:25 06-Aug-2024,2,05:12:46 06-Aug-2024,103,196,200,1215,0,,,,,,
J612,264751,UT,,,,,,,05:08:25 06-Aug-2024,3,05:14:29 06-Aug-2024,206,200,120,3214,0,,,,,,
J612,264751,UT,,,,,,,05:08:25 06-Aug-2024,4,05:17:55 06-Aug-2024,125,120,0,2404,1,-7,,,,,
J612,264751,UT,B,53.9275,-145.7888,,,,06:55:06 09-Aug-2024,,,1011,,,,,,98,64,12.50,4.20,117
J612,264751,UT,B,53.9275,-145.7888,,,,06:55:06 09-Aug-2024,0,06:55:06 09-Aug-2024,168,0,172,1820,12,59,,,,,
J612,264751,UT,B,53.9275,-145.7888,,,,06:55:06 09-Aug-2024,1,06:57:54 09-Aug-2024,90,172,360,1067,1,,,,,,
J612,264751,UT,B,53.9275,-145.7888,,,,06:55:06 09-Aug-2024,2,06:59:24 09-Aug-2024,217,360,456,3358,17,,,,,,
J612,264751,UT,B,53.9275,-145.7888,,,,06:55:06 09-Aug-2024,3,07:03:01 09-Aug-2024,202,456,352,3986,13,,,,,,
J612,264751,UT,B,53.9275,-145.7888,,,,06:55:06 09-Aug-2024,4,07:06:23 09-Aug-2024,217,352,0,3735,3,-60,,,,,
J612,264751,UT,B,53.0227,-146.8978,,,,13:54:12 10-Aug-2024,,,1097,,,,,,162,118,12.40,4.20,149
J612,264751,UT,B,53.0227,-146.8978,,,,13:54:12 10-Aug-2024,0,13:54:12 10-Aug-2024,318,0,498,2389,0,79,,,,,
J612,264751,UT,B,53.0227,-146.8978,,,,13:54:12 10-Aug-2024,1,13:59:30 10-Aug-2024,112,498,528,2308,12,,,,,,
J612,264751,UT,B,53.0227,-146.8978,,,,13:54:12 10-Aug-2024,2,14:01:22 10-Aug-2024,111,528,512,2186,11,,,,,,
J612,264751,UT,B,53.0227,-146.8978,,,,13:54:12 10-Aug-2024,3,14:03:13 10-Aug-2024,59,512,464,931,3,,,,,,
J612,264751,UT,B,53.0227,-146.8978,,,,13:54:12 10-Aug-2024,4,14:04:12 10-Aug-2024,348,464,0,5142,5,-43,,,,,
J612,264751,UT,,,,,,,16:43:48 13-Aug-2024,,,1210,,,,,,2,251,12.40,4.60,118
J612,264751,UT,,,,,,,16:43:48 13-Aug-2024,0,16:43:48 13-Aug-2024,299,0,400,2731,0,73,,,,,
J612,264751,UT,,,,,,,16:43:48 13-Aug-2024,1,16:48:47 13-Aug-2024,68,400,528,617,0,,,,,,
J612,264751,UT,,,,,,,16:43:48 13-Aug-2024,2,16:49:55 13-Aug-2024,128,528,640,1498,2,,,,,,
J612,264751,UT,,,,,,,16:43:48 13-Aug-2024,3,16:52:03 13-Aug-2024,273,640,480,4229,12,,,,,,
J612,264751,UT,,,,,,,16:43:48 13-Aug-2024,4,16:56:36 13-Aug-2024,324,480,0,5594,0,-32,,,,,
J612,264751,UT,B,51.4307,-142.6397,,,,02:39:37 17-Aug-2024,,,1462,,,,,,252,225,13.90,6.10,119
J612,264751,UT,B,51.4307,-142.6397,,,,02:39:37 17-Aug-2024,0,02:39:37 17-Aug-2024,451,0,624,3695,4,80,,,,,
J612,264751,UT,B,51.4307,-142.6397,,,,02:39:37 17-Aug-2024,1,02:47:08 17-Aug-2024,74,624,640,1344,8,,,,,,
J612,264751,UT,B,51.4307,-142.6397,,,,02:39:37 17-Aug-2024,2,02:48:22 17-Aug-2024,126,640,560,1728,1,,,,,,
J612,264751,UT,B,51.4307,-142.6397,,,,02:39:37 17-Aug-2024,3,02:50:28 17-Aug-2024,251,560,576,4463,15,,,,,,
J612,264751,UT,B,51.4307,-142.6397,,,,02:39:37 17-Aug-2024,4,02:54:39 17-Aug-2024,441,576,0,6095,4,-37,,,,,
J612,264751,UT,B,50.5287,-141.8336,,,,18:49:30 18-Aug-2024,,,1353,,,,,,65,24,13.90,5.50,123
J612,264751,UT,B,50.5287,-141.8336,,,,18:49:30 18-Aug-2024,0,18:49:30 18-Aug-2024,375,0,544,2927,0,74,,,,,
J612,264751,UT,B,50.5287,-141.8336,,,,18:49:30 18-Aug-2024,1,18:55:45 18-Aug-2024,67,544,592,1052,5,,,,,,
J612,264751,UT,B,50.5287,-141.8336,,,,18:49:30 18-Aug-2024,2,18:56:52 18-Aug-2024,125,592,608,2286,14,,,,,,
J612,264751,UT,B,50.5287,-141.8336,,,,18:49:30 18-Aug-2024,3,18:58:57 18-Aug-2024,259,608,576,4161,20,,,,,,
J612,264751,UT,B,50.5287,-141.8336,,,,18:49:30 18-Aug-2024,4,19:03:16 18-Aug-2024,404,576,0,5807,2,-51,,,,,
J612,264751,UT,,,,,,,21:18:08 20-Aug-2024,,,1428,,,,,,47,46,14.20,5.70,116
J612,264751,UT,,,,,,,21:18:08 20-Aug-2024,0,21:18:08 20-Aug-2024,441,0,608,3560,0,77,,,,,
J612,264751,UT,,,,,,,21:18:08 20-Aug-2024,1,21:25:29 20-Aug-2024,225,608,608,4232,20,,,,,,
J612,264751,UT,,,,,,,21:18:08 20-Aug-2024,2,21:29:14 20-Aug-2024,62,608,656,752,1,,,,,,
J612,264751,UT,,,,,,,21:18:08 20-Aug-2024,3,21:30:16 20-Aug-2024,195,656,528,2967,8,,,,,,
J612,264751,UT,,,,,,,21:18:08 20-Aug-2024,4,21:33:31 20-Aug-2024,389,528,0,5023,0,-42,,,,,
J612,264751,UT,,,,,,,15:17:08 22-Aug-2024,,,1394,,,,,,220,197,15.10,5.50,22
J612,264751,UT,,,,,,,15:17:08 22-Aug-2024,0,15:17:08 22-Aug-2024,429,0,608,3976,1,74,,,,,
J612,264751,UT,,,,,,,15:17:08 22-Aug-2024,1,15:24:17 22-Aug-2024,150,608,576,2712,17,,,,,,
J612,264751,UT,,,,,,,15:17:08 22-Aug-2024,2,15:26:47 22-Aug-2024,171,576,624,2712,11,,,,,,
J612,264751,UT,,,,,,,15:17:08 22-Aug-2024,3,15:29:38 22-Aug-2024,236,624,544,3864,9,,,,,,
J612,264751,UT,,,,,,,15:17:08 22-Aug-2024,4,15:33:34 22-Aug-2024,386,544,0,4719,2,-49,,,,,
J612,264751,UT,A,49.3479,-139.8988,,,,18:46:08 22-Aug-2024,,,1573,,,,,,36,12,15.30,5.50,141
J612,264751,UT,A,49.3479,-139.8988,,,,18:46:08 22-Aug-2024,0,18:46:08 22-Aug-2024,503,0,656,4295,2,77,,,,,
J612,264751,UT,A,49.3479,-139.8988,,,,18:46:08 22-Aug-2024,1,18:54:31 22-Aug-2024,269,656,640,3884,8,,,,,,
J612,264751,UT,A,49.3479,-139.8988,,,,18:46:08 22-Aug-2024,2,18:59:00 22-Aug-2024,56,640,576,594,0,,,,,,
J612,264751,UT,A,49.3479,-139.8988,,,,18:46:08 22-Aug-2024,3,18:59:56 22-Aug-2024,157,576,592,2193,6,,,,,,
J612,264751,UT,A,49.3479,-139.8988,,,,18:46:08 22-Aug-2024,4,19:02:33 22-Aug-2024,447,592,0,5803,3,-43,,,,,
J612,264751,UT,B,48.9445,-138.5891,,,,05:04:18 25-Aug-2024,,,1040,,,,,,112,65,15.50,5.60,98
J612,264751,UT,B,48.9445,-138.5891,,,,05:04:18 25-Aug-2024,0,05:04:18 25-Aug-2024,228,0,272,3201,6,62,,,,,
J612,264751,UT,B,48.9445,-138.5891,,,,05:04:18 25-Aug-2024,1,05:08:06 25-Aug-2024,162,272,124,1943,4,,,,,,
J612,264751,UT,B,48.9445,-138.5891,,,,05:04:18 25-Aug-2024,2,05:10:48 25-Aug-2024,81,124,212,1181,2,,,,,,
J612,264751,UT,B,48.9445,-138.5891,,,,05:04:18 25-Aug-2024,3,05:12:09 25-Aug-2024,280,212,188,4839,30,,,,,,
J612,264751,UT,B,48.9445,-138.5891,,,,05:04:18 25-Aug-2024,4,05:16:49 25-Aug-2024,191,188,0,2515,7,-24,,,,,
J612,264751,UT,B,48.8172,-138.2834,,,,15:38:50 25-Aug-2024,,,1509,,,,,,3,190,15.60,6.10,119
J612,264751,UT,B,48.8172,-138.2834,,,,15:38:50 25-Aug-2024,0,15:38:50 25-Aug-2024,413,0,592,3312,0,78,,,,,
J612,264751,UT,B,48.8172,-138.2834,,,,15:38:50 25-Aug-2024,1,15:45:43 25-Aug-2024,163,592,544,3220,8,,,,,,
J612,264751,UT,B,48.8172,-138.2834,,,,15:38:50 25-Aug-2024,2,15:48:26 25-Aug-2024,76,544,608,782,2,,,,,,
J612,264751,UT,B,48.8172,-138.2834,,,,15:38:50 25-Aug-2024,3,15:49:42 25-Aug-2024,347,608,544,5842,26,,,,,,
J612,264751,UT,B,48.8172,-138.2834,,,,15:38:50 25-Aug-2024,4,15:55:29 25-Aug-2024,391,544,0,4876,0,-50,,,,,
J612,264751,UT,,,,,,,14:18:41 28-Aug-2024,,,1998,,,,,,248,192,15.60,6.20,119
J612,264751,UT,,,,,,,14:18:41 28-Aug-2024,0,14:18:41 28-Aug-2024,161,0,168,980,0,73,,,,,
J612,264751,UT,,,,,,,14:18:41 28-Aug-2024,1,14:21:22 28-Aug-2024,720,168,304,639,0,,,,,,
J612,264751,UT,,,,,,,14:18:41 28-Aug-2024,2,14:33:22 28-Aug-2024,484,304,432,597,0,,,,,,
J612,264751,UT,,,,,,,14:18:41 28-Aug-2024,3,14:41:26 28-Aug-2024,397,432,132,5412,0,,,,,,
J612,264751,UT,,,,,,,14:18:41 28-Aug-2024,4,14:48:03 28-Aug-2024,117,132,0,1406,0,-44,,,,,
J612,264751,UT,,,,,,,05:15:31 29-Aug-2024,,,990,,,,,,89,67,15.90,6.20,121
J612,264751,UT,,,,,,,05:15:31 29-Aug-2024,0,05:15:31 29-Aug-2024,177,0,241,1697,0,68,,,,,
J612,264751,UT,,,,,,,05:15:31 29-Aug-2024,1,05:18:28 29-Aug-2024,54,241,264,1490,12,,,,,,
J612,264751,UT,,,,,,,05:15:31 29-Aug-2024,2,05:19:22 29-Aug-2024,115,264,472,1283,2,,,,,,
J612,264751,UT,,,,,,,05:15:31 29-Aug-2024,3,05:21:17 29-Aug-2024,89,472,544,1448,10,,,,,,
J612,264751,UT,,,,,,,05:15:31 29-Aug-2024,4,05:22:46 29-Aug-2024,434,544,0,5256,12,-35,,,,,
J612,264751,UT,,,,,,,03:09:30 04-Sep-2024,,,1358,,,,,,126,107,17.10,7.00,128
J612,264751,UT,,,,,,,03:09:30 04-Sep-2024,0,03:09:30 04-Sep-2024,404,0,544,3853,0,76,,,,,
J612,264751,UT,,,,,,,03:09:30 04-Sep-2024,1,03:16:14 04-Sep-2024,144,544,672,1479,2,,,,,,
J612,264751,UT,,,,,,,03:09:30 04-Sep-2024,2,03:18:38 04-Sep-2024,192,672,488,2743,7,,,,,,
J612,264751,UT,,,,,,,03:09:30 04-Sep-2024,3,03:21:50 04-Sep-2024,221,488,400,3914,13,,,,,,
J612,264751,UT,,,,,,,03:09:30 04-Sep-2024,4,03:25:31 04-Sep-2024,269,400,0,3267,7,-49,,,,,
J612,264751,UT,,,,,,,04:10:53 05-Sep-2024,,,1230,,,,,,34,66,17.10,6.70,83
J612,264751,UT,,,,,,,04:10:53 05-Sep-2024,0,04:10:53 05-Sep-2024,233,0,304,2159,2,74,,,,,
J612,264751,UT,,,,,,,04:10:53 05-Sep-2024,1,04:14:46 05-Sep-2024,224,304,456,3771,18,,,,,,
J612,264751,UT,,,,,,,04:10:53 05-Sep-2024,2,04:18:30 05-Sep-2024,188,456,528,2768,12,,,,,,
J612,264751,UT,,,,,,,04:10:53 05-Sep-2024,3,04:21:38 05-Sep-2024,278,528,336,3863,9,,,,,,
J612,264751,UT,,,,,,,04:10:53 05-Sep-2024,4,04:26:16 05-Sep-2024,224,336,0,2950,0,-37,,,,,
J612,264751,UT,B,46.5671,-133.5832,,,,12:47:27 06-Sep-2024,,,1453,,,,,,186,71,18.10,7.00,100
J612,264751,UT,B,46.5671,-133.5832,,,,12:47:27 06-Sep-2024,0,12:47:27 06-Sep-2024,233,0,288,2034,1,79,,,,,
J612,264751,UT,B,46.5671,-133.5832,,,,12:47:27 06-Sep-2024,1,12:51:20 06-Sep-2024,296,288,408,1492,1,,,,,,
J612,264751,UT,B,46.5671,-133.5832,,,,12:47:27 06-Sep-2024,2,12:56:16 06-Sep-2024,454,408,312,4305,0,,,,,,
J612,264751,UT,B,46.5671,-133.5832,,,,12:47:27 06-Sep-2024,3,13:03:50 06-Sep-2024,190,312,200,2237,0,,,,,,
J612,264751,UT,B,46.5671,-133.5832,,,,12:47:27 06-Sep-2024,4,13:07:00 06-Sep-2024,180,200,0,2170,1,-27,,,,,
J612,264751,UT,B,46.3077,-132.7889,,,,17:04:10 08-Sep-2024,,,1679,,,,,,252,3,18.40,7.20,129
J612,264751,UT,B,46.3077,-132.7889,,,,17:04:10 08-Sep-2024,0,17:04:10 08-Sep-2024,472,0,592,3545,1,78,,,,,
J612,264751,UT,B,46.3077,-132.7889,,,,17:04:10 08-Sep-2024,1,17:12:02 08-Sep-2024,218,592,592,2741,8,,,,,,
J612,264751,UT,B,46.3077,-132.7889,,,,17:04:10 08-Sep-2024,2,17:15:40 08-Sep-2024,97,592,656,1607,3,,,,,,
J612,264751,UT,B,46.3077,-132.7889,,,,17:04:10 08-Sep-2024,3,17:17:17 08-Sep-2024,545,656,304,6003,6,,,,,,
J612,264751,UT,B,46.3077,-132.7889,,,,17:04:10 08-Sep-2024,4,17:26:22 08-Sep-2024,218,304,0,2363,0,-40,,,,,
J612,264751,UT,B,46.2744,-132.3037,,,,04:21:19 09-Sep-2024,,,1234,,,,,,127,60,18.50,7.00,113
J612,264751,UT,B,46.2744,-132.3037,,,,04:21:19 09-Sep-2024,0,04:21:19 09-Sep-2024,307,0,384,3181,4,73,,,,,
J612,264751,UT,B,46.2744,-132.3037,,,,04:21:19 09-Sep-2024,1,04:26:26 09-Sep-2024,166,384,416,2773,20,,,,,,
J612,264751,UT,B,46.2744,-132.3037,,,,04:21:19 09-Sep-2024,2,04:29:12 09-Sep-2024,96,416,344,1142,1,,,,,,
J612,264751,UT,B,46.2744,-132.3037,,,,04:21:19 09-Sep-2024,3,04:30:48 09-Sep-2024,219,344,392,2963,5,,,,,,
J612,264751,UT,B,46.2744,-132.3037,,,,04:21:19 09-Sep-2024,4,04:34:27 09-Sep-2024,333,392,0,3453,2,-28,,,,,
J612,264751,UT,,,,,,,13:43:34 10-Sep-2024,,,1708,,,,,,150,114,18.40,7.00,122
J612,264751,UT,,,,,,,13:43:34 10-Sep-2024,0,13:43:34 10-Sep-2024,434,0,448,2925,3,73,,,,,
J612,264751,UT,,,,,,,13:43:34 10-Sep-2024,1,13:50:48 10-Sep-2024,272,448,624,3998,22,,,,,,
J612,264751,UT,,,,,,,13:43:34 10-Sep-2024,2,13:55:20 10-Sep-2024,459,624,480,6191,23,,,,,,
J612,264751,UT,,,,,,,13:43:34 10-Sep-2024,3,14:02:59 10-Sep-2024,248,480,248,2486,0,,,,,,
J612,264751,UT,,,,,,,13:43:34 10-Sep-2024,4,14:07:07 10-Sep-2024,173,248,0,1950,2,-44,,,,,
J612,264751,UT,,,,,,,02:14:48 11-Sep-2024,,,1634,,,,,,18,141,18.30,7.40,122
J612,264751,UT,,,,,,,02:14:48 11-Sep-2024,0,02:14:48 11-Sep-2024,437,0,576,4460,0,75,,,,,
J612,264751,UT,,,,,,,02:14:48 11-Sep-2024,1,02:22:05 11-Sep-2024,390,576,624,4790,14,,,,,,
J612,264751,UT,,,,,,,02:14:48 11-Sep-2024,2,02:28:35 11-Sep-2024,319,624,440,5245,22,,,,,,
J612,264751,UT,,,,,,,02:14:48 11-Sep-2024,3,02:33:54 11-Sep-2024,224,440,228,2189,0,,,,,,
J612,264751,UT,,,,,,,02:14:48 11-Sep-2024,4,02:37:38 11-Sep-2024,142,228,0,1445,0,-45,,,,,
J612,264751,UT,,,,,,,13:05:25 11-Sep-2024,,,1574,,,,,,195,79,18.10,7.50,99
J612,264751,UT,,,,,,,13:05:25 11-Sep-2024,0,13:05:25 11-Sep-2024,184,0,160,1780,0,59,,,,,
J612,264751,UT,,,,,,,13:05:25 11-Sep-2024,1,13:08:29 11-Sep-2024,415,160,272,4324,5,,,,,,
J612,264751,UT,,,,,,,13:05:25 11-Sep-2024,2,13:15:24 11-Sep-2024,588,272,216,6460,0,,,,,,
J612,264751,UT,,,,,,,13:05:25 11-Sep-2024,3,13:25:12 11-Sep-2024,173,216,120,2187,0,,,,,,
J612,264751,UT,,,,,,,13:05:25 11-Sep-2024,4,13:28:05 11-Sep-2024,115,120,0,1424,1,-14,,,,,
J612,264751,UT,,,,,,,00:43:13 12-Sep-2024,,,1723,,,,,,109,245,18.00,7.70,116
J612,264751,UT,,,,,,,00:43:13 12-Sep-2024,0,00:43:13 12-Sep-2024,490,0,592,4516,0,73,,,,,
J612,264751,UT,,,,,,,00:43:13 12-Sep-2024,1,00:51:23 12-Sep-2024,263,592,688,2962,5,,,,,,
J612,264751,UT,,,,,,,00:43:13 12-Sep-2024,2,00:55:46 12-Sep-2024,289,688,624,4516,17,,,,,,
J612,264751,UT,,,,,,,00:43:13 12-Sep-2024,3,01:00:35 12-Sep-2024,402,624,264,4588,6,,,,,,
J612,264751,UT,,,,,,,00:43:13 12-Sep-2024,4,01:07:17 12-Sep-2024,163,264,0,2023,0,-40,,,,,
J612,264751,UT,,,,,,,04:31:12 12-Sep-2024,,,1244,,,,,,171,66,18.00,7.60,116
J612,264751,UT,,,,,,,04:31:12 12-Sep-2024,0,04:31:12 12-Sep-2024,300,0,392,3413,3,75,,,,,
J612,264751,UT,,,,,,,04:31:12 12-Sep-2024,1,04:36:12 12-Sep-2024,238,392,512,3870,17,,,,,,
J612,264751,UT,,,,,,,04:31:12 12-Sep-2024,2,04:40:10 12-Sep-2024,132,512,368,1767,3,,,,,,
J612,264751,UT,,,,,,,04:31:12 12-Sep-2024,3,04:42:22 12-Sep-2024,194,368,344,2316,9,,,,,,
J612,264751,UT,,,,,,,04:31:12 12-Sep-2024,4,04:45:36 12-Sep-2024,264,344,0,3108,0,-34,,,,,
J612,264751,UT,B,45.5433,-129.5114,,,,14:56:52 13-Sep-2024,,,2113,,,,,,21,229,18.00,7.70,125
J612,264751,UT,B,45.5433,-129.5114,,,,14:56:52 13-Sep-2024,0,14:56:52 13-Sep-2024,186,0,264,1980,0,72,,,,,
J612,264751,UT,B,45.5433,-129.5114,,,,14:56:52 13-Sep-2024,1,14:59:58 13-Sep-2024,420,264,608,1705,4,,,,,,
J612,264751,UT,B,45.5433,-129.5114,,,,14:56:52 13-Sep-2024,2,15:06:58 13-Sep-2024,497,608,560,6986,29,,,,,,
J612,264751,UT,B,45.5433,-129.5114,,,,14:56:52 13-Sep-2024,3,15:15:15 13-Sep-2024,574,560,368,4346,0,,,,,,
J612,264751,UT,B,45.5433,-129.5114,,,,14:56:52 13-Sep-2024,4,15:24:49 13-Sep-2024,311,368,0,3245,0,-33,,,,,
J612,264751,UT,B,45.1466,-128.5855,,,,18:11:46 14-Sep-2024,,,1816,,,,,,245,30,18.00,7.60,122
J612,264751,UT,B,45.1466,-128.5855,,,,18:11:46 14-Sep-2024,0,18:11:46 14-Sep-2024,159,0,232,1898,0,75,,,,,
J612,264751,UT,B,45.1466,-128.5855,,,,18:11:46 14-Sep-2024,1,18:14:25 14-Sep-2024,476,232,640,2531,1,,,,,,
J612,264751,UT,B,45.1466,-128.5855,,,,18:11:46 14-Sep-2024,2,18:22:21 14-Sep-2024,463,640,576,8037,35,,,,,,
J612,264751,UT,B,45.1466,-128.5855,,,,18:11:46 14-Sep-2024,3,18:30:04 14-Sep-2024,371,576,288,4240,1,,,,,,
J612,264751,UT,B,45.1466,-128.5855,,,,18:11:46 14-Sep-2024,4,18:36:15 14-Sep-2024,225,288,0,2531,0,-33,,,,,
J612,264751,UT,B,44.7266,-127.7692,,,,03:01:31 16-Sep-2024,,,1205,,,,,,240,70,18.20,8.40,96
J612,264751,UT,B,44.7266,-127.7692,,,,03:01:31 16-Sep-2024,0,03:01:31 16-Sep-2024,251,0,344,3103,3,73,,,,,
J612,264751,UT,B,44.7266,-127.7692,,,,03:01:31 16-Sep-2024,1,03:05:42 16-Sep-2024,122,344,440,2342,10,,,,,,
J612,264751,UT,B,44.7266,-127.7692,,,,03:01:31 16-Sep-2024,2,03:07:44 16-Sep-2024,381,440,376,7436,29,,,,,,
J612,264751,UT,B,44.7266,-127.7692,,,,03:01:31 16-Sep-2024,3,03:14:05 16-Sep-2024,104,376,288,1230,1,,,,,,
J612,264751,UT,B,44.7266,-127.7692,,,,03:01:31 16-Sep-2024,4,03:15:49 16-Sep-2024,251,288,0,2928,0,-19,,,,,
J612,264751,UT,B,44.3752,-126.9315,,,,01:03:58 17-Sep-2024,,,1675,,,,,,34,186,17.50,7.80,113
J612,264751,UT,B,44.3752,-126.9315,,,,01:03:58 17-Sep-2024,0,01:03:58 17-Sep-2024,513,0,640,5297,0,74,,,,,
J612,264751,UT,B,44.3752,-126.9315,,,,01:03:58 17-Sep-2024,1,01:12:31 17-Sep-2024,414,640,560,5339,15,,,,,,
J612,264751,UT,B,44.3752,-126.9315,,,,01:03:58 17-Sep-2024,2,01:19:25 17-Sep-2024,281,560,400,2985,3,,,,,,
J612,264751,UT,B,44.3752,-126.9315,,,,01:03:58 17-Sep-2024,3,01:24:06 17-Sep-2024,220,400,220,2396,0,,,,,,
J612,264751,UT,B,44.3752,-126.9315,,,,01:03:58 17-Sep-2024,4,01:27:46 17-Sep-2024,134,220,0,1555,0,-42,,,,,
J612,264751,UT,B,44.3071,-126.9115,,,,04:32:58 17-Sep-2024,,,1128,,,,,,76,62,17.20,7.70,106
J612,264751,UT,B,44.3071,-126.9115,,,,04:32:58 17-Sep-2024,0,04:32:58 17-Sep-2024,279,0,392,2800,1,76,,,,,
J612,264751,UT,B,44.3071,-126.9115,,,,04:32:58 17-Sep-2024,1,04:37:37 17-Sep-2024,120,392,488,2739,14,,,,,,
J612,264751,UT,B,44.3071,-126.9115,,,,04:32:58 17-Sep-2024,2,04:39:37 17-Sep-2024,80,488,498,1569,12,,,,,,
J612,264751,UT,B,44.3071,-126.9115,,,,04:32:58 17-Sep-2024,3,04:40:57 17-Sep-2024,264,498,336,3908,16,,,,,,
J612,264751,UT,B,44.3071,-126.9115,,,,04:32:58 17-Sep-2024,4,04:45:21 17-Sep-2024,279,336,0,3200,2,-24,,,,,
J612,264751,UT,B,44.0686,-126.7125,,,,15:42:41 17-Sep-2024,,,1764,,,,,,248,142,17.60,7.50,125
J612,264751,UT,B,44.0686,-126.7125,,,,15:42:41 17-Sep-2024,0,15:42:41 17-Sep-2024,346,0,360,2739,1,71,,,,,
J612,264751,UT,B,44.0686,-126.7125,,,,15:42:41 17-Sep-2024,1,15:48:27 17-Sep-2024,409,360,576,4108,3,,,,,,
J612,264751,UT,B,44.0686,-126.7125,,,,15:42:41 17-Sep-2024,2,15:55:16 17-Sep-2024,282,576,544,3607,8,,,,,,
J612,264751,UT,B,44.0686,-126.7125,,,,15:42:41 17-Sep-2024,3,15:59:58 17-Sep-2024,423,544,241,4242,2,,,,,,
J612,264751,UT,B,44.0686,-126.7125,,,,15:42:41 17-Sep-2024,4,16:07:01 17-Sep-2024,179,241,0,1971,1,-35,,,,,
J612,264751,UT,,,,,,,02:42:53 19-Sep-2024,,,1242,,,,,,189,68,17.40,8.30,95
J612,264751,UT,,,,,,,02:42:53 19-Sep-2024,0,02:42:53 19-Sep-2024,332,0,424,3056,4,71,,,,,
J612,264751,UT,,,,,,,02:42:53 19-Sep-2024,1,02:48:25 19-Sep-2024,224,424,528,3181,12,,,,,,
J612,264751,UT,,,,,,,02:42:53 19-Sep-2024,2,02:52:09 19-Sep-2024,125,528,498,1378,4,,,,,,
J612,264751,UT,,,,,,,02:42:53 19-Sep-2024,3,02:54:14 19-Sep-2024,323,498,192,2855,1,,,,,,
J612,264751,UT,,,,,,,02:42:53 19-Sep-2024,4,02:59:37 19-Sep-2024,143,192,0,1378,0,-36,,,,,
J612,264751,UT,,,,,,,13:52:22 19-Sep-2024,,,1768,,,,,,182,104,17.00,7.50,110
J612,264751,UT,,,,,,,13:52:22 19-Sep-2024,0,13:52:22 19-Sep-2024,518,0,576,4157,3,73,,,,,
J612,264751,UT,,,,,,,13:52:22 19-Sep-2024,1,14:01:00 19-Sep-2024,738,576,328,9102,29,,,,,,
J612,264751,UT,,,,,,,13:52:22 19-Sep-2024,2,14:13:18 19-Sep-2024,65,328,368,645,3,,,,,,
J612,264751,UT,,,,,,,13:52:22 19-Sep-2024,3,14:14:23 19-Sep-2024,195,368,212,2150,0,,,,,,
J612,264751,UT,,,,,,,13:52:22 19-Sep-2024,4,14:17:38 19-Sep-2024,142,212,0,1577,0,-48,,,,,
J612,264751,UT,B,43.4958,-125.6790,,,,05:19:32 20-Sep-2024,,,709,,,,,,144,81,16.90,7.70,81
J612,264751,UT,B,43.4958,-125.6790,,,,05:19:32 20-Sep-2024,0,05:19:32 20-Sep-2024,64,0,74,705,0,56,,,,,
J612,264751,UT,B,43.4958,-125.6790,,,,05:19:32 20-Sep-2024,1,05:20:36 20-Sep-2024,191,74,208,2248,0,,,,,,
J612,264751,UT,B,43.4958,-125.6790,,,,05:19:32 20-Sep-2024,2,05:23:47 20-Sep-2024,167,208,160,2799,9,,,,,,
J612,264751,UT,B,43.4958,-125.6790,,,,05:19:32 20-Sep-2024,3,05:26:34 20-Sep-2024,78,160,112,1014,0,,,,,,
J612,264751,UT,B,43.4958,-125.6790,,,,05:19:32 20-Sep-2024,4,05:27:52 20-Sep-2024,128,112,0,1741,0,-3,,,,,
J612,264751,UT,B,43.0170,-125.0044,,,,06:12:06 21-Sep-2024,,,1158,,,,,,91,76,14.70,7.70,84
J612,264751,UT,B,43.0170,-125.0044,,,,06:12:06 21-Sep-2024,0,06:12:06 21-Sep-2024,84,0,90,578,0,68,,,,,
J612,264751,UT,B,43.0170,-125.0044,,,,06:12:06 21-Sep-2024,1,06:13:30 21-Sep-2024,285,90,220,578,0,,,,,,
J612,264751,UT,B,43.0170,-125.0044,,,,06:12:06 21-Sep-2024,2,06:18:15 21-Sep-2024,235,220,256,1220,0,,,,,,
J612,264751,UT,B,43.0170,-125.0044,,,,06:12:06 21-Sep-2024,3,06:22:10 21-Sep-2024,294,256,176,2719,0,,,,,,
J612,264751,UT,B,43.0170,-125.0044,,,,06:12:06 21-Sep-2024,4,06:27:04 21-Sep-2024,176,176,0,1841,0,-17,,,,,
J612,264751,UT,B,42.6872,-124.7307,,,,16:26:42 21-Sep-2024,,,1508,,,,,,121,209,12.70,8.20,110
J612,264751,UT,B,42.6872,-124.7307,,,,16:26:42 21-Sep-2024,0,16:26:42 21-Sep-2024,295,0,368,2404,0,71,,,,,
J612,264751,UT,B,42.6872,-124.7307,,,,16:26:42 21-Sep-2024,1,16:31:37 21-Sep-2024,393,368,416,2821,2,,,,,,
J612,264751,UT,B,42.6872,-124.7307,,,,16:26:42 21-Sep-2024,2,16:38:10 21-Sep-2024,109,416,528,2532,19,,,,,,
J612,264751,UT,B,42.6872,-124.7307,,,,16:26:42 21-Sep-2024,3,16:39:59 21-Sep-2024,437,528,236,4071,5,,,,,,
J612,264751,UT,B,42.6872,-124.7307,,,,16:26:42 21-Sep-2024,4,16:47:16 21-Sep-2024,164,236,0,1891,0,-34,,,,,
J612,264751,UT,B,42.7225,-124.8677,,,,20:07:17 21-Sep-2024,,,1474,,,,,,96,2,10.80,8.30,111
J612,264751,UT,B,42.7225,-124.8677,,,,20:07:17 21-Sep-2024,0,20:07:17 21-Sep-2024,234,0,320,2097,0,72,,,,,
J612,264751,UT,B,42.7225,-124.8677,,,,20:07:17 21-Sep-2024,1,20:11:11 21-Sep-2024,352,320,448,2613,5,,,,,,
J612,264751,UT,B,42.7225,-124.8677,,,,20:07:17 21-Sep-2024,2,20:17:03 21-Sep-2024,564,448,280,4367,4,,,,,,
J612,264751,UT,B,42.7225,-124.8677,,,,20:07:17 21-Sep-2024,3,20:26:27 21-Sep-2024,85,280,212,997,0,,,,,,
J612,264751,UT,B,42.7225,-124.8677,,,,20:07:17 21-Sep-2024,4,20:27:52 21-Sep-2024,128,212,0,1478,1,-40,,,,,
J612,264751,UT,B,42.3567,-124.6885,,,,06:55:46 22-Sep-2024,,,942,,,,,,155,86,10.70,8.00,88
J612,264751,UT,B,42.3567,-124.6885,,,,06:55:46 22-Sep-2024,0,06:55:46 22-Sep-2024,127,0,172,1246,0,73,,,,,
J612,264751,UT,B,42.3567,-124.6885,,,,06:55:46 22-Sep-2024,1,06:57:53 22-Sep-2024,187,172,264,3517,26,,,,,,
J612,264751,UT,B,42.3567,-124.6885,,,,06:55:46 22-Sep-2024,2,07:01:00 22-Sep-2024,146,264,176,1440,0,,,,,,
J612,264751,UT,B,42.3567,-124.6885,,,,06:55:46 22-Sep-2024,3,07:03:26 22-Sep-2024,201,176,180,2548,12,,,,,,
J612,264751,UT,B,42.3567,-124.6885,,,,06:55:46 22-Sep-2024,4,07:06:47 22-Sep-2024,193,180,0,1856,1,-15,,,,,
J612,264751,UT,B,42.0166,-124.5248,,,,01:09:16 23-Sep-2024,,,1353,,,,,,36,155,9.90,8.20,109
J612,264751,UT,B,42.0166,-124.5248,,,,01:09:16 23-Sep-2024,0,01:09:16 23-Sep-2024,126,0,188,1687,0,70,,,,,
J612,264751,UT,B,42.0166,-124.5248,,,,01:09:16 23-Sep-2024,1,01:11:22 23-Sep-2024,146,188,312,866,2,,,,,,
J612,264751,UT,B,42.0166,-124.5248,,,,01:09:16 23-Sep-2024,2,01:13:48 23-Sep-2024,360,312,472,4058,28,,,,,,
J612,264751,UT,B,42.0166,-124.5248,,,,01:09:16 23-Sep-2024,3,01:19:48 23-Sep-2024,320,472,392,5790,32,,,,,,
J612,264751,UT,B,42.0166,-124.5248,,,,01:09:16 23-Sep-2024,4,01:25:08 23-Sep-2024,292,392,0,3283,0,-35,,,,,
J612,264751,UT,B,41.2884,-124.2326,,,,17:08:48 24-Sep-2024,,,2093,,,,,,99,205,11.80,8.50,221
J612,264751,UT,B,41.2884,-124.2326,,,,17:08:48 24-Sep-2024,0,17:08:48 24-Sep-2024,176,0,236,1597,0,69,,,,,
J612,264751,UT,B,41.2884,-124.2326,,,,17:08:48 24-Sep-2024,1,17:11:44 24-Sep-2024,307,236,432,1307,2,,,,,,
J612,264751,UT,B,41.2884,-124.2326,,,,17:08:48 24-Sep-2024,2,17:16:51 24-Sep-2024,906,432,400,9220,30,,,,,,
J612,264751,UT,B,41.2884,-124.2326,,,,17:08:48 24-Sep-2024,3,17:31:57 24-Sep-2024,322,400,180,3194,0,,,,,,
J612,264751,UT,B,41.2884,-124.2326,,,,17:08:48 24-Sep-2024,4,17:37:19 24-Sep-2024,161,180,0,1597,2,-26,,,,,
J612,264751,UT,,,,,,,18:37:14 25-Sep-2024,,,2164,,,,,,59,240,12.20,8.70,198
J612,264751,UT,,,,,,,18:37:14 25-Sep-2024,0,18:37:14 25-Sep-2024,261,0,304,1796,0,75,,,,,
J612,264751,UT,,,,,,,18:37:14 25-Sep-2024,1,18:41:35 25-Sep-2024,338,304,400,2129,0,,,,,,
J612,264751,UT,,,,,,,18:37:14 25-Sep-2024,2,18:47:13 25-Sep-2024,998,400,312,8447,15,,,,,,
J612,264751,UT,,,,,,,18:37:14 25-Sep-2024,3,19:03:51 25-Sep-2024,215,312,204,2062,0,,,,,,
J612,264751,UT,,,,,,,18:37:14 25-Sep-2024,4,19:07:26 25-Sep-2024,154,204,0,1463,0,-35,,,,,
J612,264751,UT,,,,,,,02:26:30 26-Sep-2024,,,1523,,,,,,146,65,15.60,8.00,113
J612,264751,UT,,,,,,,02:26:30 26-Sep-2024,0,02:26:30 26-Sep-2024,231,0,296,2427,0,66,,,,,
J612,264751,UT,,,,,,,02:26:30 26-Sep-2024,1,02:30:21 26-Sep-2024,188,296,384,1711,1,,,,,,
J612,264751,UT,,,,,,,02:26:30 26-Sep-2024,2,02:33:29 26-Sep-2024,341,384,456,5052,31,,,,,,
J612,264751,UT,,,,,,,02:26:30 26-Sep-2024,3,02:39:10 26-Sep-2024,430,456,236,4137,3,,,,,,
J612,264751,UT,,,,,,,02:26:30 26-Sep-2024,4,02:46:20 26-Sep-2024,220,236,0,2188,0,-17,,,,,
J612,264751,UT,,,,,,,00:25:55 27-Sep-2024,,,1558,,,,,,110,188,15.10,8.10,113
J612,264751,UT,,,,,,,00:25:55 27-Sep-2024,0,00:25:55 27-Sep-2024,294,0,368,2192,1,75,,,,,
J612,264751,UT,,,,,,,00:25:55 27-Sep-2024,1,00:30:49 27-Sep-2024,349,368,456,2875,4,,,,,,
J612,264751,UT,,,,,,,00:25:55 27-Sep-2024,2,00:36:38 27-Sep-2024,565,456,296,4564,3,,,,,,
J612,264751,UT,,,,,,,00:25:55 27-Sep-2024,3,00:46:03 27-Sep-2024,102,296,220,1150,0,,,,,,
J612,264751,UT,,,,,,,00:25:55 27-Sep-2024,4,00:47:45 27-Sep-2024,135,220,0,1545,0,-41,,,,,
J612,264751,UT,B,39.8789,-124.3999,,,,04:04:16 27-Sep-2024,,,1053,,,,,,147,98,15.00,7.80,109
J612,264751,UT,B,39.8789,-124.3999,,,,04:04:16 27-Sep-2024,0,04:04:16 27-Sep-2024,192,0,236,1708,2,69,,,,,
J612,264751,UT,B,39.8789,-124.3999,,,,04:04:16 27-Sep-2024,1,04:07:28 27-Sep-2024,302,236,280,3237,7,,,,,,
J612,264751,UT,B,39.8789,-124.3999,,,,04:04:16 27-Sep-2024,2,04:12:30 27-Sep-2024,59,280,204,1409,5,,,,,,
J612,264751,UT,B,39.8789,-124.3999,,,,04:04:16 27-Sep-2024,3,04:13:29 27-Sep-2024,170,204,264,3806,17,,,,,,
J612,264751,UT,B,39.8789,-124.3999,,,,04:04:16 27-Sep-2024,4,04:16:19 27-Sep-2024,221,264,0,2667,6,-32,,,,,
J612,264751,UT,B,39.6255,-124.3166,,,,17:55:57 27-Sep-2024,,,1573,,,,,,49,234,14.40,7.90,130
J612,264751,UT,B,39.6255,-124.3166,,,,17:55:57 27-Sep-2024,0,17:55:57 27-Sep-2024,395,0,488,3291,3,71,,,,,
J612,264751,UT,B,39.6255,-124.3166,,,,17:55:57 27-Sep-2024,1,18:02:32 27-Sep-2024,236,488,576,2125,14,,,,,,
J612,264751,UT,B,39.6255,-124.3166,,,,17:55:57 27-Sep-2024,2,18:06:28 27-Sep-2024,564,576,328,5291,8,,,,,,
J612,264751,UT,B,39.6255,-124.3166,,,,17:55:57 27-Sep-2024,3,18:15:52 27-Sep-2024,101,328,236,1167,0,,,,,,
J612,264751,UT,B,39.6255,-124.3166,,,,17:55:57 27-Sep-2024,4,18:17:33 27-Sep-2024,147,236,0,1625,0,-41,,,,,
J612,264751,UT,B,39.5210,-124.2845,,,,01:31:20 28-Sep-2024,,,1225,,,,,,19,104,15.00,7.80,105
J612,264751,UT,B,39.5210,-124.2845,,,,01:31:20 28-Sep-2024,0,01:31:20 28-Sep-2024,219,0,296,2134,0,71,,,,,
J612,264751,UT,B,39.5210,-124.2845,,,,01:31:20 28-Sep-2024,1,01:34:59 28-Sep-2024,306,296,472,2500,7,,,,,,
J612,264751,UT,B,39.5210,-124.2845,,,,01:31:20 28-Sep-2024,2,01:40:05 28-Sep-2024,271,472,408,3872,17,,,,,,
J612,264751,UT,B,39.5210,-124.2845,,,,01:31:20 28-Sep-2024,3,01:44:36 28-Sep-2024,202,408,208,2134,0,,,,,,
J612,264751,UT,B,39.5210,-124.2845,,,,01:31:20 28-Sep-2024,4,01:47:58 28-Sep-2024,122,208,0,1463,0,-42,,,,,
J612,264751,UT,B,39.1846,-124.1219,,,,15:42:38 28-Sep-2024,,,1739,,,,,,16,60,12.60,9.10,97
J612,264751,UT,B,39.1846,-124.1219,,,,15:42:38 28-Sep-2024,0,15:42:38 28-Sep-2024,257,0,280,2235,13,64,,,,,
J612,264751,UT,B,39.1846,-124.1219,,,,15:42:38 28-Sep-2024,1,15:46:55 28-Sep-2024,397,280,280,3487,19,,,,,,
J612,264751,UT,B,39.1846,-124.1219,,,,15:42:38 28-Sep-2024,2,15:53:32 28-Sep-2024,603,280,272,5677,14,,,,,,
J612,264751,UT,B,39.1846,-124.1219,,,,15:42:38 28-Sep-2024,3,16:03:35 28-Sep-2024,282,272,148,2950,4,,,,,,
J612,264751,UT,B,39.1846,-124.1219,,,,15:42:38 28-Sep-2024,4,16:08:17 28-Sep-2024,103,148,0,1118,0,-35,,,,,
J612,264751,UT,B,38.8607,-123.8856,,,,18:17:40 29-Sep-2024,,,1996,,,,,,93,112,11.80,,56
J612,264751,UT,B,38.8607,-123.8856,,,,18:17:40 29-Sep-2024,0,18:17:40 29-Sep-2024,106,0,140,1350,0,58,,,,,
J612,264751,UT,B,38.8607,-123.8856,,,,18:17:40 29-Sep-2024,1,18:19:26 29-Sep-2024,940,140,144,2637,0,,,,,,
J612,264751,UT,B,38.8607,-123.8856,,,,18:17:40 29-Sep-2024,2,18:35:06 29-Sep-2024,742,144,136,1391,0,,,,,,
J612,264751,UT,B,38.8607,-123.8856,,,,18:17:40 29-Sep-2024,3,18:47:28 29-Sep-2024,76,136,112,748,0,,,,,,
J612,264751,UT,B,38.8607,-123.8856,,,,18:17:40 29-Sep-2024,4,18:48:44 29-Sep-2024,76,112,0,914,1,-30,,,,,
J612,264751,UT,,,,,,,18:04:51 02-Oct-2024,,,1629,,,,,,69,249,14.20,9.20,120
J612,264751,UT,,,,,,,18:04:51 02-Oct-2024,0,18:04:51 02-Oct-2024,224,0,304,1920,2,74,,,,,
J612,264751,UT,,,,,,,18:04:51 02-Oct-2024,1,18:08:35 02-Oct-2024,672,304,376,4204,12,,,,,,
J612,264751,UT,,,,,,,18:04:51 02-Oct-2024,2,18:19:47 02-Oct-2024,389,376,304,2085,2,,,,,,
J612,264751,UT,,,,,,,18:04:51 02-Oct-2024,3,18:26:16 02-Oct-2024,83,304,241,993,0,,,,,,
J612,264751,UT,,,,,,,18:04:51 02-Oct-2024,4,18:27:39 02-Oct-2024,141,241,0,1854,0,-42,,,,,
J612,264751,UT,,,,,,,01:06:43 03-Oct-2024,,,885,,,,,,84,,14.40,,88
J612,264751,UT,,,,,,,01:06:43 03-Oct-2024,0,01:06:43 03-Oct-2024,37,0,64,553,1,59,,,,,
J612,264751,UT,,,,,,,01:06:43 03-Oct-2024,1,01:07:20 03-Oct-2024,50,64,70,622,0,,,,,,
J612,264751,UT,,,,,,,01:06:43 03-Oct-2024,2,01:08:10 03-Oct-2024,660,70,68,8779,2,,,,,,
J612,264751,UT,,,,,,,01:06:43 03-Oct-2024,3,01:19:10 03-Oct-2024,13,68,62,207,0,,,,,,
J612,264751,UT,,,,,,,01:06:43 03-Oct-2024,4,01:19:23 03-Oct-2024,37,62,0,346,0,-32,,,,,
J612,264751,UT,,,,,,,04:35:54 03-Oct-2024,,,285,,,,,,208,,14.60,,39
J612,264751,UT,,,,,,,04:35:54 03-Oct-2024,0,04:35:54 03-Oct-2024,15,0,15,149,0,40,,,,,
J612,264751,UT,,,,,,,04:35:54 03-Oct-2024,1,04:36:09 03-Oct-2024,145,15,18,1452,1,,,,,,
J612,264751,UT,,,,,,,04:35:54 03-Oct-2024,2,04:38:34 03-Oct-2024,51,18,15,514,0,,,,,,
J612,264751,UT,,,,,,,04:35:54 03-Oct-2024,3,04:39:25 03-Oct-2024,12,15,18,103,0,,,,,,
J612,264751,UT,,,,,,,04:35:54 03-Oct-2024,4,04:39:37 03-Oct-2024,23,18,0,171,0,-5,,,,,
